# Blender 5.1.2
# www.blender.org
mtllib 107FTv2.mtl
o Body1
v 0.089495 1.239363 -0.290000
v 0.089495 1.064100 -0.290000
v 0.089495 1.064100 -0.300000
v 0.089495 1.239363 -0.300000
v 0.068433 1.254407 -0.290000
v 0.089495 1.239363 -0.290000
v 0.089495 1.239363 -0.300000
v 0.068433 1.254407 -0.300000
v 0.068433 1.046548 -0.290000
v 0.066634 1.115827 -0.290000
v 0.066634 1.185129 -0.290000
v 0.068433 1.254407 -0.290000
v 0.068433 1.254407 -0.300000
v 0.066634 1.185129 -0.300000
v 0.066634 1.115827 -0.300000
v 0.068433 1.046548 -0.300000
v 0.089495 1.064100 -0.290000
v 0.068433 1.046548 -0.290000
v 0.068433 1.046548 -0.300000
v 0.089495 1.064100 -0.300000
v 0.089495 1.064100 -0.300000
v 0.068433 1.046548 -0.300000
v 0.066634 1.115827 -0.300000
v 0.066634 1.185129 -0.300000
v 0.068433 1.254407 -0.300000
v 0.089495 1.239363 -0.300000
v 0.107547 1.230337 -0.290000
v 0.107547 1.072374 -0.290000
v 0.107547 1.072374 -0.300000
v 0.107547 1.230337 -0.300000
v 0.330952 1.230337 -0.290000
v 0.107547 1.230337 -0.290000
v 0.107547 1.230337 -0.300000
v 0.330952 1.230337 -0.300000
v 0.330952 1.072374 -0.290000
v 0.330952 1.230337 -0.290000
v 0.330952 1.230337 -0.300000
v 0.330952 1.072374 -0.300000
v 0.107547 1.072374 -0.290000
v 0.330952 1.072374 -0.290000
v 0.330952 1.072374 -0.300000
v 0.107547 1.072374 -0.300000
v 0.094259 1.064100 -0.290000
v 0.094259 1.239363 -0.290000
v 0.094259 1.239363 -0.300000
v 0.094259 1.064100 -0.300000
v 0.340480 1.064100 -0.290000
v 0.094259 1.064100 -0.290000
v 0.094259 1.064100 -0.300000
v 0.340480 1.064100 -0.300000
v 0.340480 1.239363 -0.290000
v 0.340480 1.064100 -0.290000
v 0.340480 1.064100 -0.300000
v 0.340480 1.239363 -0.300000
v 0.094259 1.239363 -0.290000
v 0.340480 1.239363 -0.290000
v 0.340480 1.239363 -0.300000
v 0.094259 1.239363 -0.300000
v 0.107547 1.072374 -0.300000
v 0.330952 1.072374 -0.300000
v 0.330952 1.230337 -0.300000
v 0.107547 1.230337 -0.300000
v 0.094259 1.239363 -0.300000
v 0.340480 1.239363 -0.300000
v 0.340480 1.064100 -0.300000
v 0.094259 1.064100 -0.300000
v 0.107547 1.072374 -0.290000
v 0.107547 1.230337 -0.290000
v 0.330952 1.230337 -0.290000
v 0.330952 1.072374 -0.290000
v 0.094259 1.059085 -0.290000
v 0.340480 1.059085 -0.290000
v 0.340480 1.059085 -0.300000
v 0.094259 1.059085 -0.300000
v 0.074701 1.044291 -0.290000
v 0.094259 1.059085 -0.290000
v 0.094259 1.059085 -0.300000
v 0.074701 1.044291 -0.300000
v 0.358769 1.044552 -0.290000
v 0.264082 1.043567 -0.290000
v 0.169390 1.043480 -0.290000
v 0.074701 1.044291 -0.290000
v 0.074701 1.044291 -0.300000
v 0.169390 1.043480 -0.300000
v 0.264082 1.043567 -0.300000
v 0.358769 1.044552 -0.300000
v 0.340480 1.059085 -0.290000
v 0.358769 1.044552 -0.290000
v 0.358769 1.044552 -0.300000
v 0.340480 1.059085 -0.300000
v 0.340480 1.059085 -0.300000
v 0.358769 1.044552 -0.300000
v 0.264082 1.043567 -0.300000
v 0.169390 1.043480 -0.300000
v 0.074701 1.044291 -0.300000
v 0.094259 1.059085 -0.300000
v 0.362294 1.261678 -0.290000
v 0.340480 1.245381 -0.290000
v 0.340480 1.245381 -0.300000
v 0.362294 1.261678 -0.300000
v 0.071943 1.261678 -0.290000
v 0.168718 1.263956 -0.290000
v 0.265519 1.263956 -0.290000
v 0.362294 1.261678 -0.290000
v 0.362294 1.261678 -0.300000
v 0.265519 1.263956 -0.300000
v 0.168718 1.263956 -0.300000
v 0.071943 1.261678 -0.300000
v 0.094259 1.245381 -0.290000
v 0.071943 1.261678 -0.290000
v 0.071943 1.261678 -0.300000
v 0.094259 1.245381 -0.300000
v 0.340480 1.245381 -0.290000
v 0.094259 1.245381 -0.290000
v 0.094259 1.245381 -0.300000
v 0.340480 1.245381 -0.300000
v 0.340480 1.245381 -0.300000
v 0.094259 1.245381 -0.300000
v 0.071943 1.261678 -0.300000
v 0.168718 1.263956 -0.300000
v 0.265519 1.263956 -0.300000
v 0.362294 1.261678 -0.300000
v 0.347250 1.064100 -0.290000
v 0.347250 1.239363 -0.290000
v 0.347250 1.239363 -0.300000
v 0.347250 1.064100 -0.300000
v 0.366807 1.048805 -0.290000
v 0.347250 1.064100 -0.290000
v 0.347250 1.064100 -0.300000
v 0.366807 1.048805 -0.300000
v 0.366807 1.256914 -0.290000
v 0.369491 1.187562 -0.290000
v 0.369491 1.118157 -0.290000
v 0.366807 1.048805 -0.290000
v 0.366807 1.048805 -0.300000
v 0.369491 1.118157 -0.300000
v 0.369491 1.187562 -0.300000
v 0.366807 1.256914 -0.300000
v 0.347250 1.239363 -0.290000
v 0.366807 1.256914 -0.290000
v 0.366807 1.256914 -0.300000
v 0.347250 1.239363 -0.300000
v 0.347250 1.239363 -0.300000
v 0.366807 1.256914 -0.300000
v 0.369491 1.187562 -0.300000
v 0.369491 1.118157 -0.300000
v 0.366807 1.048805 -0.300000
v 0.347250 1.064100 -0.300000
v -0.374810 0.205869 0.289500
v -0.383975 0.205869 0.289500
v -0.383975 0.518964 0.289500
v -0.374810 0.518964 0.289500
v -0.053839 0.521356 0.289500
v -0.061063 0.521356 0.289500
v -0.061063 0.522163 0.289500
v -0.061259 0.523400 0.289500
v -0.061827 0.524515 0.289500
v -0.062712 0.525400 0.289500
v -0.063827 0.525968 0.289500
v -0.065063 0.526163 0.289500
v -0.370810 0.526163 0.289500
v -0.372046 0.525968 0.289500
v -0.373161 0.525400 0.289500
v -0.374046 0.524515 0.289500
v -0.374615 0.523400 0.289500
v -0.374810 0.522163 0.289500
v -0.374810 0.520964 0.289500
v -0.383975 0.520964 0.289500
v -0.383975 0.524166 0.289500
v -0.383877 0.524784 0.289500
v -0.383593 0.525342 0.289500
v -0.383150 0.525784 0.289500
v -0.382593 0.526068 0.289500
v -0.381975 0.526166 0.289500
v -0.055839 0.526166 0.289500
v -0.055221 0.526068 0.289500
v -0.054663 0.525784 0.289500
v -0.054221 0.525342 0.289500
v -0.053937 0.524784 0.289500
v -0.053839 0.524166 0.289500
v -0.053839 0.205264 0.289500
v -0.061063 0.205264 0.289500
v -0.061063 0.519356 0.289500
v -0.053839 0.519356 0.289500
v -0.061063 0.203264 0.289500
v -0.053839 0.203264 0.289500
v -0.053839 0.200476 0.289500
v -0.053937 0.199858 0.289500
v -0.054221 0.199300 0.289500
v -0.054663 0.198858 0.289500
v -0.055221 0.198574 0.289500
v -0.055839 0.198476 0.289500
v -0.381975 0.198476 0.289500
v -0.382593 0.198574 0.289500
v -0.383150 0.198858 0.289500
v -0.383593 0.199300 0.289500
v -0.383877 0.199858 0.289500
v -0.383975 0.200476 0.289500
v -0.383975 0.203869 0.289500
v -0.374810 0.203869 0.289500
v -0.374810 0.202845 0.289500
v -0.374615 0.201609 0.289500
v -0.374046 0.200494 0.289500
v -0.373161 0.199609 0.289500
v -0.372046 0.199041 0.289500
v -0.370810 0.198845 0.289500
v -0.065063 0.198845 0.289500
v -0.063827 0.199041 0.289500
v -0.062712 0.199609 0.289500
v -0.061827 0.200494 0.289500
v -0.061259 0.201609 0.289500
v -0.061063 0.202845 0.289500
v -0.374810 0.608202 0.289500
v -0.383975 0.608202 0.289500
v -0.383975 0.921298 0.289500
v -0.374810 0.921298 0.289500
v -0.053839 0.923689 0.289500
v -0.061063 0.923689 0.289500
v -0.061063 0.924497 0.289500
v -0.061259 0.925733 0.289500
v -0.061827 0.926848 0.289500
v -0.062712 0.927733 0.289500
v -0.063827 0.928301 0.289500
v -0.065063 0.928497 0.289500
v -0.370810 0.928497 0.289500
v -0.372046 0.928301 0.289500
v -0.373161 0.927733 0.289500
v -0.374046 0.926848 0.289500
v -0.374615 0.925733 0.289500
v -0.374810 0.924497 0.289500
v -0.374810 0.923298 0.289500
v -0.383975 0.923298 0.289500
v -0.383975 0.928166 0.289500
v -0.383877 0.928784 0.289500
v -0.383593 0.929342 0.289500
v -0.383150 0.929784 0.289500
v -0.382593 0.930068 0.289500
v -0.381975 0.930166 0.289500
v -0.055839 0.930166 0.289500
v -0.055221 0.930068 0.289500
v -0.054663 0.929784 0.289500
v -0.054221 0.929342 0.289500
v -0.053937 0.928784 0.289500
v -0.053839 0.928166 0.289500
v -0.374810 0.605179 0.289500
v -0.374689 0.604199 0.289500
v -0.374331 0.603280 0.289500
v -0.373759 0.602476 0.289500
v -0.381975 0.602476 0.289500
v -0.382593 0.602574 0.289500
v -0.383150 0.602858 0.289500
v -0.383593 0.603300 0.289500
v -0.383877 0.603858 0.289500
v -0.383975 0.604476 0.289500
v -0.383975 0.606202 0.289500
v -0.374810 0.606202 0.289500
v -0.053839 0.607597 0.289500
v -0.061063 0.607597 0.289500
v -0.061063 0.921689 0.289500
v -0.053839 0.921689 0.289500
v -0.062115 0.602476 0.289500
v -0.061543 0.603280 0.289500
v -0.061185 0.604199 0.289500
v -0.061063 0.605179 0.289500
v -0.061063 0.605597 0.289500
v -0.053839 0.605597 0.289500
v -0.053839 0.604476 0.289500
v -0.053937 0.603858 0.289500
v -0.054221 0.603300 0.289500
v -0.054663 0.602858 0.289500
v -0.055221 0.602574 0.289500
v -0.055839 0.602476 0.289500
v -0.374810 1.007512 0.289500
v -0.374795 1.007163 0.289500
v -0.374749 1.006817 0.289500
v -0.374674 1.006476 0.289500
v -0.381975 1.006476 0.289500
v -0.382593 1.006574 0.289500
v -0.383150 1.006858 0.289500
v -0.383593 1.007300 0.289500
v -0.383877 1.007858 0.289500
v -0.383975 1.008476 0.289500
v -0.383975 1.008536 0.289500
v -0.374810 1.008536 0.289500
v -0.374810 1.010536 0.289500
v -0.383975 1.010536 0.289500
v -0.383975 1.323631 0.289500
v -0.374810 1.323631 0.289500
v -0.053839 1.326022 0.289500
v -0.061063 1.326022 0.289500
v -0.061063 1.326830 0.289500
v -0.061259 1.328066 0.289500
v -0.061827 1.329181 0.289500
v -0.062712 1.330066 0.289500
v -0.063827 1.330634 0.289500
v -0.065063 1.330830 0.289500
v -0.370810 1.330830 0.289500
v -0.372046 1.330634 0.289500
v -0.373161 1.330066 0.289500
v -0.374046 1.329181 0.289500
v -0.374615 1.328066 0.289500
v -0.374810 1.326830 0.289500
v -0.374810 1.325631 0.289500
v -0.383975 1.325631 0.289500
v -0.383975 1.332166 0.289500
v -0.383877 1.332784 0.289500
v -0.383593 1.333342 0.289500
v -0.383150 1.333784 0.289500
v -0.382593 1.334068 0.289500
v -0.381975 1.334166 0.289500
v -0.055839 1.334166 0.289500
v -0.055221 1.334068 0.289500
v -0.054663 1.333784 0.289500
v -0.054221 1.333342 0.289500
v -0.053937 1.332784 0.289500
v -0.053839 1.332166 0.289500
v -0.053839 1.009930 0.289500
v -0.061063 1.009930 0.289500
v -0.061063 1.324022 0.289500
v -0.053839 1.324022 0.289500
v -0.061200 1.006476 0.289500
v -0.061124 1.006817 0.289500
v -0.061079 1.007163 0.289500
v -0.061063 1.007512 0.289500
v -0.061063 1.007930 0.289500
v -0.053914 1.007930 0.289500
v -0.054188 1.007347 0.289500
v -0.054633 1.006880 0.289500
v -0.055203 1.006580 0.289500
v -0.055839 1.006476 0.289500
v -0.063063 1.007512 0.289500
v -0.063096 1.007151 0.289500
v -0.063194 1.006802 0.289500
v -0.063353 1.006476 0.289500
v -0.372521 1.006476 0.289500
v -0.372680 1.006802 0.289500
v -0.372778 1.007151 0.289500
v -0.372810 1.007512 0.289500
v -0.372810 1.326830 0.289500
v -0.372712 1.327448 0.289500
v -0.372428 1.328006 0.289500
v -0.371986 1.328448 0.289500
v -0.371428 1.328732 0.289500
v -0.370810 1.328830 0.289500
v -0.065063 1.328830 0.289500
v -0.064445 1.328732 0.289500
v -0.063888 1.328448 0.289500
v -0.063445 1.328006 0.289500
v -0.063161 1.327448 0.289500
v -0.063063 1.326830 0.289500
v -0.063063 1.208705 0.289500
v -0.073390 1.192914 0.289500
v -0.078778 1.174832 0.289500
v -0.078778 1.155965 0.289500
v -0.073390 1.137883 0.289500
v -0.063063 1.122093 0.289500
v -0.374810 1.412869 0.289500
v -0.383975 1.412869 0.289500
v -0.383975 1.725964 0.289500
v -0.374810 1.725964 0.289500
v -0.053839 1.728356 0.289500
v -0.061063 1.728356 0.289500
v -0.061063 1.729164 0.289500
v -0.061259 1.730400 0.289500
v -0.061827 1.731515 0.289500
v -0.062712 1.732400 0.289500
v -0.063827 1.732968 0.289500
v -0.065063 1.733164 0.289500
v -0.370810 1.733164 0.289500
v -0.372046 1.732968 0.289500
v -0.373161 1.732400 0.289500
v -0.374046 1.731515 0.289500
v -0.374615 1.730400 0.289500
v -0.374810 1.729164 0.289500
v -0.374810 1.727964 0.289500
v -0.383975 1.727964 0.289500
v -0.383975 1.736166 0.289500
v -0.383877 1.736784 0.289500
v -0.383593 1.737342 0.289500
v -0.383150 1.737784 0.289500
v -0.382593 1.738068 0.289500
v -0.381975 1.738166 0.289500
v -0.055839 1.738166 0.289500
v -0.055221 1.738068 0.289500
v -0.054663 1.737784 0.289500
v -0.054221 1.737342 0.289500
v -0.053937 1.736784 0.289500
v -0.053839 1.736166 0.289500
v -0.374810 1.410869 0.289500
v -0.374810 1.410476 0.289500
v -0.381975 1.410476 0.289500
v -0.382397 1.410521 0.289500
v -0.382800 1.410654 0.289500
v -0.383166 1.410869 0.289500
v -0.053850 1.412264 0.289500
v -0.061063 1.412264 0.289500
v -0.061063 1.726356 0.289500
v -0.053839 1.726356 0.289500
v -0.053839 1.412476 0.289500
v -0.053840 1.412405 0.289500
v -0.053844 1.412334 0.289500
v -0.372810 1.410476 0.289500
v -0.372810 1.729164 0.289500
v -0.372712 1.729782 0.289500
v -0.372428 1.730339 0.289500
v -0.371986 1.730782 0.289500
v -0.371428 1.731066 0.289500
v -0.370810 1.731164 0.289500
v -0.065063 1.731164 0.289500
v -0.064445 1.731066 0.289500
v -0.063888 1.730782 0.289500
v -0.063445 1.730339 0.289500
v -0.063161 1.729782 0.289500
v -0.063063 1.729164 0.289500
v -0.063063 1.611038 0.289500
v -0.073390 1.595248 0.289500
v -0.078778 1.577166 0.289500
v -0.078778 1.558298 0.289500
v -0.073390 1.540216 0.289500
v -0.063063 1.524426 0.289500
v -0.063063 1.410476 0.289500
v 0.065190 0.205869 0.289500
v 0.054025 0.205869 0.289500
v 0.054025 0.518964 0.289500
v 0.065190 0.518964 0.289500
v 0.384161 0.521356 0.289500
v 0.378937 0.521356 0.289500
v 0.378937 0.522163 0.289500
v 0.378741 0.523400 0.289500
v 0.378173 0.524515 0.289500
v 0.377288 0.525400 0.289500
v 0.376173 0.525968 0.289500
v 0.374937 0.526163 0.289500
v 0.069190 0.526163 0.289500
v 0.067954 0.525968 0.289500
v 0.066839 0.525400 0.289500
v 0.065954 0.524515 0.289500
v 0.065385 0.523400 0.289500
v 0.065190 0.522163 0.289500
v 0.065190 0.520964 0.289500
v 0.054025 0.520964 0.289500
v 0.054025 0.524166 0.289500
v 0.054123 0.524784 0.289500
v 0.054407 0.525342 0.289500
v 0.054850 0.525784 0.289500
v 0.055407 0.526068 0.289500
v 0.056025 0.526166 0.289500
v 0.382161 0.526166 0.289500
v 0.382779 0.526068 0.289500
v 0.383337 0.525784 0.289500
v 0.383779 0.525342 0.289500
v 0.384063 0.524784 0.289500
v 0.384161 0.524166 0.289500
v 0.384161 0.205264 0.289500
v 0.378937 0.205264 0.289500
v 0.378937 0.519356 0.289500
v 0.384161 0.519356 0.289500
v 0.378937 0.203264 0.289500
v 0.384161 0.203264 0.289500
v 0.384161 0.200476 0.289500
v 0.384063 0.199858 0.289500
v 0.383779 0.199300 0.289500
v 0.383337 0.198858 0.289500
v 0.382779 0.198574 0.289500
v 0.382161 0.198476 0.289500
v 0.056025 0.198476 0.289500
v 0.055407 0.198574 0.289500
v 0.054850 0.198858 0.289500
v 0.054407 0.199300 0.289500
v 0.054123 0.199858 0.289500
v 0.054025 0.200476 0.289500
v 0.054025 0.203869 0.289500
v 0.065190 0.203869 0.289500
v 0.065190 0.202845 0.289500
v 0.065385 0.201609 0.289500
v 0.065954 0.200494 0.289500
v 0.066839 0.199609 0.289500
v 0.067954 0.199041 0.289500
v 0.069190 0.198845 0.289500
v 0.374937 0.198845 0.289500
v 0.376173 0.199041 0.289500
v 0.377288 0.199609 0.289500
v 0.378173 0.200494 0.289500
v 0.378741 0.201609 0.289500
v 0.378937 0.202845 0.289500
v 0.065190 0.608202 0.289500
v 0.054025 0.608202 0.289500
v 0.054025 0.921298 0.289500
v 0.065190 0.921298 0.289500
v 0.384161 0.923689 0.289500
v 0.378937 0.923689 0.289500
v 0.378937 0.924497 0.289500
v 0.378741 0.925733 0.289500
v 0.378173 0.926848 0.289500
v 0.377288 0.927733 0.289500
v 0.376173 0.928301 0.289500
v 0.374937 0.928497 0.289500
v 0.069190 0.928497 0.289500
v 0.067954 0.928301 0.289500
v 0.066839 0.927733 0.289500
v 0.065954 0.926848 0.289500
v 0.065385 0.925733 0.289500
v 0.065190 0.924497 0.289500
v 0.065190 0.923298 0.289500
v 0.054025 0.923298 0.289500
v 0.054025 0.928166 0.289500
v 0.054123 0.928784 0.289500
v 0.054407 0.929342 0.289500
v 0.054850 0.929784 0.289500
v 0.055407 0.930068 0.289500
v 0.056025 0.930166 0.289500
v 0.382161 0.930166 0.289500
v 0.382779 0.930068 0.289500
v 0.383337 0.929784 0.289500
v 0.383779 0.929342 0.289500
v 0.384063 0.928784 0.289500
v 0.384161 0.928166 0.289500
v 0.065190 0.605179 0.289500
v 0.065311 0.604199 0.289500
v 0.065669 0.603280 0.289500
v 0.066241 0.602476 0.289500
v 0.056025 0.602476 0.289500
v 0.055407 0.602574 0.289500
v 0.054850 0.602858 0.289500
v 0.054407 0.603300 0.289500
v 0.054123 0.603858 0.289500
v 0.054025 0.604476 0.289500
v 0.054025 0.606202 0.289500
v 0.065190 0.606202 0.289500
v 0.384161 0.607597 0.289500
v 0.378937 0.607597 0.289500
v 0.378937 0.921689 0.289500
v 0.384161 0.921689 0.289500
v 0.377885 0.602476 0.289500
v 0.378457 0.603280 0.289500
v 0.378815 0.604199 0.289500
v 0.378937 0.605179 0.289500
v 0.378937 0.605597 0.289500
v 0.384161 0.605597 0.289500
v 0.384161 0.604476 0.289500
v 0.384063 0.603858 0.289500
v 0.383779 0.603300 0.289500
v 0.383337 0.602858 0.289500
v 0.382779 0.602574 0.289500
v 0.382161 0.602476 0.289500
v -0.065063 0.198845 0.289500
v -0.370810 0.198845 0.289500
v -0.370810 0.198845 0.291500
v -0.065063 0.198845 0.291500
v -0.370810 0.198845 0.289500
v -0.372046 0.199041 0.289500
v -0.373161 0.199609 0.289500
v -0.374046 0.200494 0.289500
v -0.374615 0.201609 0.289500
v -0.374810 0.202845 0.289500
v -0.374810 0.202845 0.291500
v -0.374615 0.201609 0.291500
v -0.374046 0.200494 0.291500
v -0.373161 0.199609 0.291500
v -0.372046 0.199041 0.291500
v -0.370810 0.198845 0.291500
v -0.374810 0.202845 0.289500
v -0.374810 0.203869 0.289500
v -0.374810 0.203869 0.291500
v -0.374810 0.202845 0.291500
v -0.374810 0.203869 0.289500
v -0.383975 0.203869 0.289500
v -0.383975 0.203869 0.281500
v -0.393359 0.203869 0.281500
v -0.393359 0.203869 0.291500
v -0.374810 0.203869 0.291500
v -0.383975 0.205869 0.281500
v -0.383975 0.205869 0.289500
v -0.374810 0.205869 0.289500
v -0.374810 0.205869 0.293500
v -0.393359 0.205869 0.293500
v -0.393359 0.205869 0.281500
v -0.374810 0.205869 0.289500
v -0.374810 0.518964 0.289500
v -0.374810 0.518964 0.293500
v -0.374810 0.205869 0.293500
v -0.374810 0.518964 0.289500
v -0.383975 0.518964 0.289500
v -0.383975 0.518964 0.281500
v -0.393359 0.518964 0.281500
v -0.393359 0.518964 0.293500
v -0.374810 0.518964 0.293500
v -0.383975 0.203869 0.281500
v -0.383975 0.205869 0.281500
v -0.393359 0.205869 0.281500
v -0.393977 0.205967 0.281500
v -0.394535 0.206251 0.281500
v -0.394977 0.206693 0.281500
v -0.395261 0.207251 0.281500
v -0.395359 0.207869 0.281500
v -0.395359 0.516964 0.281500
v -0.395261 0.517582 0.281500
v -0.394977 0.518140 0.281500
v -0.394535 0.518582 0.281500
v -0.393977 0.518866 0.281500
v -0.393359 0.518964 0.281500
v -0.383975 0.518964 0.281500
v -0.383975 0.520964 0.281500
v -0.393359 0.520964 0.281500
v -0.394595 0.520769 0.281500
v -0.395710 0.520200 0.281500
v -0.396595 0.519315 0.281500
v -0.397163 0.518200 0.281500
v -0.397359 0.516964 0.281500
v -0.397359 0.207869 0.281500
v -0.397163 0.206633 0.281500
v -0.396595 0.205518 0.281500
v -0.395710 0.204633 0.281500
v -0.394595 0.204065 0.281500
v -0.393359 0.203869 0.281500
v -0.383975 0.520964 0.281500
v -0.383975 0.520964 0.289500
v -0.374810 0.520964 0.289500
v -0.374810 0.520964 0.291500
v -0.393359 0.520964 0.291500
v -0.393359 0.520964 0.281500
v -0.374810 0.520964 0.289500
v -0.374810 0.522163 0.289500
v -0.374810 0.522163 0.291500
v -0.374810 0.520964 0.291500
v -0.374810 0.522163 0.289500
v -0.374615 0.523400 0.289500
v -0.374046 0.524515 0.289500
v -0.373161 0.525400 0.289500
v -0.372046 0.525968 0.289500
v -0.370810 0.526163 0.289500
v -0.370810 0.526163 0.291500
v -0.372046 0.525968 0.291500
v -0.373161 0.525400 0.291500
v -0.374046 0.524515 0.291500
v -0.374615 0.523400 0.291500
v -0.374810 0.522163 0.291500
v -0.373759 0.602476 0.281500
v -0.373759 0.602476 0.289500
v -0.374331 0.603280 0.289500
v -0.374689 0.604199 0.289500
v -0.374810 0.605179 0.289500
v -0.374810 0.605179 0.291500
v -0.374615 0.603943 0.291500
v -0.374046 0.602827 0.291500
v -0.373161 0.601942 0.291500
v -0.372046 0.601374 0.291500
v -0.370810 0.601179 0.291500
v -0.370810 0.601179 0.281500
v -0.371902 0.601330 0.281500
v -0.372910 0.601774 0.281500
v -0.374810 0.605179 0.289500
v -0.374810 0.606202 0.289500
v -0.374810 0.606202 0.291500
v -0.374810 0.605179 0.291500
v -0.374810 0.606202 0.289500
v -0.383975 0.606202 0.289500
v -0.383975 0.606202 0.281500
v -0.393359 0.606202 0.281500
v -0.393359 0.606202 0.291500
v -0.374810 0.606202 0.291500
v -0.383975 0.608202 0.281500
v -0.383975 0.608202 0.289500
v -0.374810 0.608202 0.289500
v -0.374810 0.608202 0.293500
v -0.393359 0.608202 0.293500
v -0.393359 0.608202 0.281500
v -0.374810 0.608202 0.289500
v -0.374810 0.921298 0.289500
v -0.374810 0.921298 0.293500
v -0.374810 0.608202 0.293500
v -0.374810 0.921298 0.289500
v -0.383975 0.921298 0.289500
v -0.383975 0.921298 0.281500
v -0.393359 0.921298 0.281500
v -0.393359 0.921298 0.293500
v -0.374810 0.921298 0.293500
v -0.383975 0.606202 0.281500
v -0.383975 0.608202 0.281500
v -0.393359 0.608202 0.281500
v -0.393977 0.608300 0.281500
v -0.394535 0.608584 0.281500
v -0.394977 0.609027 0.281500
v -0.395261 0.609584 0.281500
v -0.395359 0.610202 0.281500
v -0.395359 0.919298 0.281500
v -0.395261 0.919916 0.281500
v -0.394977 0.920473 0.281500
v -0.394535 0.920916 0.281500
v -0.393977 0.921200 0.281500
v -0.393359 0.921298 0.281500
v -0.383975 0.921298 0.281500
v -0.383975 0.923298 0.281500
v -0.393359 0.923298 0.281500
v -0.394595 0.923102 0.281500
v -0.395710 0.922534 0.281500
v -0.396595 0.921649 0.281500
v -0.397163 0.920534 0.281500
v -0.397359 0.919298 0.281500
v -0.397359 0.610202 0.281500
v -0.397163 0.608966 0.281500
v -0.396595 0.607851 0.281500
v -0.395710 0.606966 0.281500
v -0.394595 0.606398 0.281500
v -0.393359 0.606202 0.281500
v -0.053839 0.607597 0.281500
v -0.053839 0.605597 0.281500
v -0.047842 0.605597 0.281500
v -0.046507 0.605826 0.281500
v -0.045325 0.606488 0.281500
v -0.044432 0.607506 0.281500
v -0.043929 0.608764 0.281500
v -0.031676 0.686296 0.281500
v -0.027692 0.764688 0.281500
v -0.032023 0.843063 0.281500
v -0.044619 0.920539 0.281500
v -0.045125 0.921791 0.281500
v -0.046018 0.922804 0.281500
v -0.047197 0.923461 0.281500
v -0.048528 0.923689 0.281500
v -0.053839 0.923689 0.281500
v -0.053839 0.921689 0.281500
v -0.048528 0.921689 0.281500
v -0.047863 0.921575 0.281500
v -0.047273 0.921246 0.281500
v -0.046826 0.920740 0.281500
v -0.046574 0.920114 0.281500
v -0.034011 0.842847 0.281500
v -0.029692 0.764684 0.281500
v -0.033665 0.686503 0.281500
v -0.045886 0.609181 0.281500
v -0.046137 0.608552 0.281500
v -0.046583 0.608042 0.281500
v -0.047174 0.607712 0.281500
v -0.047842 0.607597 0.281500
v -0.062115 0.602476 0.281500
v -0.373759 0.602476 0.281500
v -0.372910 0.601774 0.281500
v -0.371902 0.601330 0.281500
v -0.370810 0.601179 0.281500
v -0.065063 0.601179 0.281500
v -0.063972 0.601330 0.281500
v -0.062964 0.601774 0.281500
v -0.383975 0.923298 0.281500
v -0.383975 0.923298 0.289500
v -0.374810 0.923298 0.289500
v -0.374810 0.923298 0.291500
v -0.393359 0.923298 0.291500
v -0.393359 0.923298 0.281500
v -0.374810 0.923298 0.289500
v -0.374810 0.924497 0.289500
v -0.374810 0.924497 0.291500
v -0.374810 0.923298 0.291500
v -0.374810 0.924497 0.289500
v -0.374615 0.925733 0.289500
v -0.374046 0.926848 0.289500
v -0.373161 0.927733 0.289500
v -0.372046 0.928301 0.289500
v -0.370810 0.928497 0.289500
v -0.370810 0.928497 0.291500
v -0.372046 0.928301 0.291500
v -0.373161 0.927733 0.291500
v -0.374046 0.926848 0.291500
v -0.374615 0.925733 0.291500
v -0.374810 0.924497 0.291500
v -0.063063 1.326830 0.289500
v -0.063161 1.327448 0.289500
v -0.063445 1.328006 0.289500
v -0.063888 1.328448 0.289500
v -0.064445 1.328732 0.289500
v -0.065063 1.328830 0.289500
v -0.065063 1.328830 0.291500
v -0.064445 1.328732 0.291500
v -0.063888 1.328448 0.291500
v -0.063445 1.328006 0.291500
v -0.063161 1.327448 0.291500
v -0.063063 1.326830 0.291500
v -0.065063 1.328830 0.289500
v -0.370810 1.328830 0.289500
v -0.370810 1.328830 0.291500
v -0.065063 1.328830 0.291500
v -0.370810 1.328830 0.289500
v -0.371428 1.328732 0.289500
v -0.371986 1.328448 0.289500
v -0.372428 1.328006 0.289500
v -0.372712 1.327448 0.289500
v -0.372810 1.326830 0.289500
v -0.372810 1.326830 0.291500
v -0.372712 1.327448 0.291500
v -0.372428 1.328006 0.291500
v -0.371986 1.328448 0.291500
v -0.371428 1.328732 0.291500
v -0.370810 1.328830 0.291500
v -0.372810 1.326830 0.289500
v -0.372810 1.007512 0.289500
v -0.372810 1.007512 0.291500
v -0.372810 1.326830 0.291500
v -0.372810 1.007512 0.289500
v -0.372778 1.007151 0.289500
v -0.372680 1.006802 0.289500
v -0.372521 1.006476 0.289500
v -0.372521 1.006476 0.281500
v -0.372074 1.005962 0.281500
v -0.371481 1.005628 0.281500
v -0.370810 1.005512 0.281500
v -0.370810 1.005512 0.291500
v -0.371428 1.005610 0.291500
v -0.371986 1.005894 0.291500
v -0.372428 1.006336 0.291500
v -0.372712 1.006894 0.291500
v -0.372810 1.007512 0.291500
v -0.374674 1.006476 0.281500
v -0.374674 1.006476 0.289500
v -0.374749 1.006817 0.289500
v -0.374795 1.007163 0.289500
v -0.374810 1.007512 0.289500
v -0.374810 1.007512 0.291500
v -0.374615 1.006276 0.291500
v -0.374046 1.005161 0.291500
v -0.373161 1.004276 0.291500
v -0.372046 1.003708 0.291500
v -0.370810 1.003512 0.291500
v -0.370810 1.003512 0.281500
v -0.372096 1.003724 0.281500
v -0.373245 1.004338 0.281500
v -0.374136 1.005289 0.281500
v -0.374810 1.007512 0.289500
v -0.374810 1.008536 0.289500
v -0.374810 1.008536 0.291500
v -0.374810 1.007512 0.291500
v -0.374810 1.008536 0.289500
v -0.383975 1.008536 0.289500
v -0.383975 1.008536 0.281500
v -0.393359 1.008536 0.281500
v -0.393359 1.008536 0.291500
v -0.374810 1.008536 0.291500
v -0.383975 1.010536 0.281500
v -0.383975 1.010536 0.289500
v -0.374810 1.010536 0.289500
v -0.374810 1.010536 0.293500
v -0.393359 1.010536 0.293500
v -0.393359 1.010536 0.281500
v -0.374810 1.010536 0.289500
v -0.374810 1.323631 0.289500
v -0.374810 1.323631 0.293500
v -0.374810 1.010536 0.293500
v -0.374810 1.323631 0.289500
v -0.383975 1.323631 0.289500
v -0.383975 1.323631 0.281500
v -0.393359 1.323631 0.281500
v -0.393359 1.323631 0.293500
v -0.374810 1.323631 0.293500
v -0.383975 1.008536 0.281500
v -0.383975 1.010536 0.281500
v -0.393359 1.010536 0.281500
v -0.393977 1.010634 0.281500
v -0.394535 1.010918 0.281500
v -0.394977 1.011360 0.281500
v -0.395261 1.011918 0.281500
v -0.395359 1.012536 0.281500
v -0.395359 1.321631 0.281500
v -0.395261 1.322249 0.281500
v -0.394977 1.322807 0.281500
v -0.394535 1.323249 0.281500
v -0.393977 1.323533 0.281500
v -0.393359 1.323631 0.281500
v -0.383975 1.323631 0.281500
v -0.383975 1.325631 0.281500
v -0.393359 1.325631 0.281500
v -0.394595 1.325435 0.281500
v -0.395710 1.324867 0.281500
v -0.396595 1.323982 0.281500
v -0.397163 1.322867 0.281500
v -0.397359 1.321631 0.281500
v -0.397359 1.012536 0.281500
v -0.397163 1.011300 0.281500
v -0.396595 1.010185 0.281500
v -0.395710 1.009300 0.281500
v -0.394595 1.008731 0.281500
v -0.393359 1.008536 0.281500
v -0.053839 1.008476 0.281500
v -0.053847 1.008292 0.281500
v -0.053872 1.008110 0.281500
v -0.053914 1.007930 0.281500
v -0.047842 1.007930 0.281500
v -0.046507 1.008160 0.281500
v -0.045325 1.008821 0.281500
v -0.044432 1.009840 0.281500
v -0.043929 1.011098 0.281500
v -0.031676 1.088629 0.281500
v -0.027692 1.167022 0.281500
v -0.032023 1.245396 0.281500
v -0.044619 1.322873 0.281500
v -0.045125 1.324124 0.281500
v -0.046018 1.325137 0.281500
v -0.047197 1.325794 0.281500
v -0.048528 1.326022 0.281500
v -0.053839 1.326022 0.281500
v -0.053839 1.324022 0.281500
v -0.048528 1.324022 0.281500
v -0.047863 1.323908 0.281500
v -0.047273 1.323580 0.281500
v -0.046826 1.323073 0.281500
v -0.046574 1.322447 0.281500
v -0.034011 1.245180 0.281500
v -0.029692 1.167017 0.281500
v -0.033665 1.088836 0.281500
v -0.045886 1.011514 0.281500
v -0.046137 1.010885 0.281500
v -0.046583 1.010376 0.281500
v -0.047174 1.010045 0.281500
v -0.047842 1.009930 0.281500
v -0.053839 1.009930 0.281500
v -0.383975 1.325631 0.281500
v -0.383975 1.325631 0.289500
v -0.374810 1.325631 0.289500
v -0.374810 1.325631 0.291500
v -0.393359 1.325631 0.291500
v -0.393359 1.325631 0.281500
v -0.374810 1.325631 0.289500
v -0.374810 1.326830 0.289500
v -0.374810 1.326830 0.291500
v -0.374810 1.325631 0.291500
v -0.374810 1.326830 0.289500
v -0.374615 1.328066 0.289500
v -0.374046 1.329181 0.289500
v -0.373161 1.330066 0.289500
v -0.372046 1.330634 0.289500
v -0.370810 1.330830 0.289500
v -0.370810 1.330830 0.291500
v -0.372046 1.330634 0.291500
v -0.373161 1.330066 0.291500
v -0.374046 1.329181 0.291500
v -0.374615 1.328066 0.291500
v -0.374810 1.326830 0.291500
v -0.372810 1.729164 0.289500
v -0.372810 1.410476 0.289500
v -0.372810 1.410476 0.281500
v -0.372810 1.409845 0.281500
v -0.372810 1.409845 0.291500
v -0.372810 1.729164 0.291500
v -0.374810 1.410476 0.281500
v -0.374810 1.410476 0.289500
v -0.374810 1.410869 0.289500
v -0.374810 1.410869 0.291500
v -0.374810 1.409845 0.291500
v -0.374810 1.409845 0.281500
v -0.374810 1.410869 0.289500
v -0.383166 1.410869 0.289500
v -0.383166 1.410869 0.281500
v -0.393359 1.410869 0.281500
v -0.393359 1.410869 0.291500
v -0.374810 1.410869 0.291500
v -0.383975 1.412869 0.281500
v -0.383975 1.412869 0.289500
v -0.374810 1.412869 0.289500
v -0.374810 1.412869 0.293500
v -0.393359 1.412869 0.293500
v -0.393359 1.412869 0.281500
v -0.374810 1.412869 0.289500
v -0.374810 1.725964 0.289500
v -0.374810 1.725964 0.293500
v -0.374810 1.412869 0.293500
v -0.374810 1.725964 0.289500
v -0.383975 1.725964 0.289500
v -0.383975 1.725964 0.281500
v -0.393359 1.725964 0.281500
v -0.393359 1.725964 0.293500
v -0.374810 1.725964 0.293500
v -0.383166 1.410869 0.281500
v -0.383600 1.411311 0.281500
v -0.383879 1.411864 0.281500
v -0.383975 1.412476 0.281500
v -0.383975 1.412869 0.281500
v -0.393359 1.412869 0.281500
v -0.393977 1.412967 0.281500
v -0.394535 1.413251 0.281500
v -0.394977 1.413694 0.281500
v -0.395261 1.414251 0.281500
v -0.395359 1.414869 0.281500
v -0.395359 1.723964 0.281500
v -0.395261 1.724582 0.281500
v -0.394977 1.725140 0.281500
v -0.394535 1.725582 0.281500
v -0.393977 1.725867 0.281500
v -0.393359 1.725964 0.281500
v -0.383975 1.725964 0.281500
v -0.383975 1.727964 0.281500
v -0.393359 1.727964 0.281500
v -0.394595 1.727769 0.281500
v -0.395710 1.727200 0.281500
v -0.396595 1.726316 0.281500
v -0.397163 1.725200 0.281500
v -0.397359 1.723964 0.281500
v -0.397359 1.414869 0.281500
v -0.397163 1.413633 0.281500
v -0.396595 1.412518 0.281500
v -0.395710 1.411633 0.281500
v -0.394595 1.411065 0.281500
v -0.393359 1.410869 0.281500
v -0.372810 1.410476 0.281500
v -0.374810 1.410476 0.281500
v -0.374810 1.409845 0.281500
v -0.374615 1.408609 0.281500
v -0.374046 1.407494 0.281500
v -0.373161 1.406609 0.281500
v -0.372046 1.406041 0.281500
v -0.370810 1.405845 0.281500
v -0.065063 1.405845 0.281500
v -0.063827 1.406041 0.281500
v -0.062712 1.406609 0.281500
v -0.061827 1.407494 0.281500
v -0.061259 1.408609 0.281500
v -0.061063 1.409845 0.281500
v -0.061063 1.410264 0.281500
v -0.047842 1.410264 0.281500
v -0.046507 1.410493 0.281500
v -0.045325 1.411155 0.281500
v -0.044432 1.412173 0.281500
v -0.043929 1.413431 0.281500
v -0.031676 1.490962 0.281500
v -0.027692 1.569355 0.281500
v -0.032023 1.647729 0.281500
v -0.044619 1.725206 0.281500
v -0.045125 1.726458 0.281500
v -0.046018 1.727470 0.281500
v -0.047197 1.728128 0.281500
v -0.048528 1.728356 0.281500
v -0.053839 1.728356 0.281500
v -0.053839 1.726356 0.281500
v -0.048528 1.726356 0.281500
v -0.047863 1.726242 0.281500
v -0.047273 1.725913 0.281500
v -0.046826 1.725407 0.281500
v -0.046574 1.724781 0.281500
v -0.034011 1.647513 0.281500
v -0.029692 1.569351 0.281500
v -0.033665 1.491170 0.281500
v -0.045886 1.413847 0.281500
v -0.046137 1.413218 0.281500
v -0.046583 1.412709 0.281500
v -0.047174 1.412378 0.281500
v -0.047842 1.412264 0.281500
v -0.053850 1.412264 0.281500
v -0.053996 1.411699 0.281500
v -0.054299 1.411199 0.281500
v -0.054733 1.410809 0.281500
v -0.055261 1.410561 0.281500
v -0.055839 1.410476 0.281500
v -0.063063 1.410476 0.281500
v -0.063063 1.409845 0.281500
v -0.063161 1.409227 0.281500
v -0.063445 1.408670 0.281500
v -0.063888 1.408227 0.281500
v -0.064445 1.407943 0.281500
v -0.065063 1.407845 0.281500
v -0.370810 1.407845 0.281500
v -0.371428 1.407943 0.281500
v -0.371986 1.408227 0.281500
v -0.372428 1.408670 0.281500
v -0.372712 1.409227 0.281500
v -0.372810 1.409845 0.281500
v -0.383975 1.727964 0.281500
v -0.383975 1.727964 0.289500
v -0.374810 1.727964 0.289500
v -0.374810 1.727964 0.291500
v -0.393359 1.727964 0.291500
v -0.393359 1.727964 0.281500
v -0.374810 1.727964 0.289500
v -0.374810 1.729164 0.289500
v -0.374810 1.729164 0.291500
v -0.374810 1.727964 0.291500
v -0.374810 1.729164 0.289500
v -0.374615 1.730400 0.289500
v -0.374046 1.731515 0.289500
v -0.373161 1.732400 0.289500
v -0.372046 1.732968 0.289500
v -0.370810 1.733164 0.289500
v -0.370810 1.733164 0.291500
v -0.372046 1.732968 0.291500
v -0.373161 1.732400 0.291500
v -0.374046 1.731515 0.291500
v -0.374615 1.730400 0.291500
v -0.374810 1.729164 0.291500
v 0.374937 0.198845 0.289500
v 0.069190 0.198845 0.289500
v 0.069190 0.198845 0.291500
v 0.374937 0.198845 0.291500
v 0.069190 0.198845 0.289500
v 0.067954 0.199041 0.289500
v 0.066839 0.199609 0.289500
v 0.065954 0.200494 0.289500
v 0.065385 0.201609 0.289500
v 0.065190 0.202845 0.289500
v 0.065190 0.202845 0.291500
v 0.065385 0.201609 0.291500
v 0.065954 0.200494 0.291500
v 0.066839 0.199609 0.291500
v 0.067954 0.199041 0.291500
v 0.069190 0.198845 0.291500
v 0.065190 0.202845 0.289500
v 0.065190 0.203869 0.289500
v 0.065190 0.203869 0.291500
v 0.065190 0.202845 0.291500
v 0.065190 0.203869 0.289500
v 0.054025 0.203869 0.289500
v 0.054025 0.203869 0.281500
v 0.046641 0.203869 0.281500
v 0.046641 0.203869 0.291500
v 0.065190 0.203869 0.291500
v 0.054025 0.205869 0.281500
v 0.054025 0.205869 0.289500
v 0.065190 0.205869 0.289500
v 0.065190 0.205869 0.293500
v 0.046641 0.205869 0.293500
v 0.046641 0.205869 0.281500
v 0.065190 0.205869 0.289500
v 0.065190 0.518964 0.289500
v 0.065190 0.518964 0.293500
v 0.065190 0.205869 0.293500
v 0.065190 0.518964 0.289500
v 0.054025 0.518964 0.289500
v 0.054025 0.518964 0.281500
v 0.046641 0.518964 0.281500
v 0.046641 0.518964 0.293500
v 0.065190 0.518964 0.293500
v 0.054025 0.203869 0.281500
v 0.054025 0.205869 0.281500
v 0.046641 0.205869 0.281500
v 0.046023 0.205967 0.281500
v 0.045465 0.206251 0.281500
v 0.045023 0.206693 0.281500
v 0.044739 0.207251 0.281500
v 0.044641 0.207869 0.281500
v 0.044641 0.516964 0.281500
v 0.044739 0.517582 0.281500
v 0.045023 0.518140 0.281500
v 0.045465 0.518582 0.281500
v 0.046023 0.518866 0.281500
v 0.046641 0.518964 0.281500
v 0.054025 0.518964 0.281500
v 0.054025 0.520964 0.281500
v 0.046641 0.520964 0.281500
v 0.045405 0.520769 0.281500
v 0.044290 0.520200 0.281500
v 0.043405 0.519315 0.281500
v 0.042837 0.518200 0.281500
v 0.042641 0.516964 0.281500
v 0.042641 0.207869 0.281500
v 0.042837 0.206633 0.281500
v 0.043405 0.205518 0.281500
v 0.044290 0.204633 0.281500
v 0.045405 0.204065 0.281500
v 0.046641 0.203869 0.281500
v 0.054025 0.520964 0.281500
v 0.054025 0.520964 0.289500
v 0.065190 0.520964 0.289500
v 0.065190 0.520964 0.291500
v 0.046641 0.520964 0.291500
v 0.046641 0.520964 0.281500
v 0.065190 0.520964 0.289500
v 0.065190 0.522163 0.289500
v 0.065190 0.522163 0.291500
v 0.065190 0.520964 0.291500
v 0.065190 0.522163 0.289500
v 0.065385 0.523400 0.289500
v 0.065954 0.524515 0.289500
v 0.066839 0.525400 0.289500
v 0.067954 0.525968 0.289500
v 0.069190 0.526163 0.289500
v 0.069190 0.526163 0.291500
v 0.067954 0.525968 0.291500
v 0.066839 0.525400 0.291500
v 0.065954 0.524515 0.291500
v 0.065385 0.523400 0.291500
v 0.065190 0.522163 0.291500
v 0.066241 0.602476 0.281500
v 0.066241 0.602476 0.289500
v 0.065669 0.603280 0.289500
v 0.065311 0.604199 0.289500
v 0.065190 0.605179 0.289500
v 0.065190 0.605179 0.291500
v 0.065385 0.603943 0.291500
v 0.065954 0.602827 0.291500
v 0.066839 0.601942 0.291500
v 0.067954 0.601374 0.291500
v 0.069190 0.601179 0.291500
v 0.069190 0.601179 0.281500
v 0.068099 0.601330 0.281500
v 0.067090 0.601774 0.281500
v 0.065190 0.605179 0.289500
v 0.065190 0.606202 0.289500
v 0.065190 0.606202 0.291500
v 0.065190 0.605179 0.291500
v 0.065190 0.606202 0.289500
v 0.054025 0.606202 0.289500
v 0.054025 0.606202 0.281500
v 0.046641 0.606202 0.281500
v 0.046641 0.606202 0.291500
v 0.065190 0.606202 0.291500
v 0.054025 0.608202 0.281500
v 0.054025 0.608202 0.289500
v 0.065190 0.608202 0.289500
v 0.065190 0.608202 0.293500
v 0.046641 0.608202 0.293500
v 0.046641 0.608202 0.281500
v 0.065190 0.608202 0.289500
v 0.065190 0.921298 0.289500
v 0.065190 0.921298 0.293500
v 0.065190 0.608202 0.293500
v 0.065190 0.921298 0.289500
v 0.054025 0.921298 0.289500
v 0.054025 0.921298 0.281500
v 0.046641 0.921298 0.281500
v 0.046641 0.921298 0.293500
v 0.065190 0.921298 0.293500
v 0.054025 0.606202 0.281500
v 0.054025 0.608202 0.281500
v 0.046641 0.608202 0.281500
v 0.046023 0.608300 0.281500
v 0.045465 0.608584 0.281500
v 0.045023 0.609027 0.281500
v 0.044739 0.609584 0.281500
v 0.044641 0.610202 0.281500
v 0.044641 0.919298 0.281500
v 0.044739 0.919916 0.281500
v 0.045023 0.920473 0.281500
v 0.045465 0.920916 0.281500
v 0.046023 0.921200 0.281500
v 0.046641 0.921298 0.281500
v 0.054025 0.921298 0.281500
v 0.054025 0.923298 0.281500
v 0.046641 0.923298 0.281500
v 0.045405 0.923102 0.281500
v 0.044290 0.922534 0.281500
v 0.043405 0.921649 0.281500
v 0.042837 0.920534 0.281500
v 0.042641 0.919298 0.281500
v 0.042641 0.610202 0.281500
v 0.042837 0.608966 0.281500
v 0.043405 0.607851 0.281500
v 0.044290 0.606966 0.281500
v 0.045405 0.606398 0.281500
v 0.046641 0.606202 0.281500
v 0.384161 0.607597 0.281500
v 0.384161 0.605597 0.281500
v 0.392158 0.605597 0.281500
v 0.393493 0.605826 0.281500
v 0.394675 0.606488 0.281500
v 0.395568 0.607506 0.281500
v 0.396071 0.608764 0.281500
v 0.408324 0.686296 0.281500
v 0.412308 0.764688 0.281500
v 0.407977 0.843063 0.281500
v 0.395381 0.920539 0.281500
v 0.394875 0.921791 0.281500
v 0.393982 0.922804 0.281500
v 0.392803 0.923461 0.281500
v 0.391472 0.923689 0.281500
v 0.384161 0.923689 0.281500
v 0.384161 0.921689 0.281500
v 0.391472 0.921689 0.281500
v 0.392137 0.921575 0.281500
v 0.392727 0.921246 0.281500
v 0.393174 0.920740 0.281500
v 0.393426 0.920114 0.281500
v 0.405989 0.842847 0.281500
v 0.410308 0.764684 0.281500
v 0.406335 0.686503 0.281500
v 0.394114 0.609181 0.281500
v 0.393863 0.608552 0.281500
v 0.393417 0.608042 0.281500
v 0.392826 0.607712 0.281500
v 0.392158 0.607597 0.281500
v 0.377885 0.602476 0.281500
v 0.066241 0.602476 0.281500
v 0.067090 0.601774 0.281500
v 0.068099 0.601330 0.281500
v 0.069190 0.601179 0.281500
v 0.374937 0.601179 0.281500
v 0.376028 0.601330 0.281500
v 0.377036 0.601774 0.281500
v 0.054025 0.923298 0.281500
v 0.054025 0.923298 0.289500
v 0.065190 0.923298 0.289500
v 0.065190 0.923298 0.291500
v 0.046641 0.923298 0.291500
v 0.046641 0.923298 0.281500
v 0.065190 0.923298 0.289500
v 0.065190 0.924497 0.289500
v 0.065190 0.924497 0.291500
v 0.065190 0.923298 0.291500
v 0.065190 0.924497 0.289500
v 0.065385 0.925733 0.289500
v 0.065954 0.926848 0.289500
v 0.066839 0.927733 0.289500
v 0.067954 0.928301 0.289500
v 0.069190 0.928497 0.289500
v 0.069190 0.928497 0.291500
v 0.067954 0.928301 0.291500
v 0.066839 0.927733 0.291500
v 0.065954 0.926848 0.291500
v 0.065385 0.925733 0.291500
v 0.065190 0.924497 0.291500
v -0.053839 0.524166 0.289500
v -0.053839 0.524166 -0.300000
v -0.053839 0.200476 -0.300000
v -0.053839 0.200476 0.289500
v -0.053839 0.203264 0.289500
v -0.053839 0.203264 0.281500
v -0.053839 0.205264 0.281500
v -0.053839 0.205264 0.289500
v -0.053839 0.519356 0.289500
v -0.053839 0.519356 0.281500
v -0.053839 0.521356 0.281500
v -0.053839 0.521356 0.289500
v -0.053839 0.200476 0.289500
v -0.053839 0.200476 -0.300000
v -0.053937 0.199858 -0.300000
v -0.054221 0.199300 -0.300000
v -0.054663 0.198858 -0.300000
v -0.055221 0.198574 -0.300000
v -0.055839 0.198476 -0.300000
v -0.055839 0.198476 0.289500
v -0.055221 0.198574 0.289500
v -0.054663 0.198858 0.289500
v -0.054221 0.199300 0.289500
v -0.053937 0.199858 0.289500
v -0.055839 0.198476 0.289500
v -0.055839 0.198476 -0.300000
v -0.381975 0.198476 -0.300000
v -0.381975 0.198476 0.289500
v -0.381975 0.198476 0.289500
v -0.381975 0.198476 -0.300000
v -0.382593 0.198574 -0.300000
v -0.383150 0.198858 -0.300000
v -0.383593 0.199300 -0.300000
v -0.383877 0.199858 -0.300000
v -0.383975 0.200476 -0.300000
v -0.383975 0.200476 0.289500
v -0.383877 0.199858 0.289500
v -0.383593 0.199300 0.289500
v -0.383150 0.198858 0.289500
v -0.382593 0.198574 0.289500
v -0.383975 0.200476 0.289500
v -0.383975 0.200476 -0.300000
v -0.383975 0.524166 -0.300000
v -0.383975 0.524166 0.289500
v -0.383975 0.520964 0.289500
v -0.383975 0.520964 0.281500
v -0.383975 0.518964 0.281500
v -0.383975 0.518964 0.289500
v -0.383975 0.205869 0.289500
v -0.383975 0.205869 0.281500
v -0.383975 0.203869 0.281500
v -0.383975 0.203869 0.289500
v -0.383975 0.524166 0.289500
v -0.383975 0.524166 -0.300000
v -0.383877 0.524784 -0.300000
v -0.383593 0.525342 -0.300000
v -0.383150 0.525784 -0.300000
v -0.382593 0.526068 -0.300000
v -0.381975 0.526166 -0.300000
v -0.381975 0.526166 0.289500
v -0.382593 0.526068 0.289500
v -0.383150 0.525784 0.289500
v -0.383593 0.525342 0.289500
v -0.383877 0.524784 0.289500
v -0.381975 0.526166 0.289500
v -0.381975 0.526166 -0.300000
v -0.055839 0.526166 -0.300000
v -0.055839 0.526166 0.289500
v -0.055839 0.526166 0.289500
v -0.055839 0.526166 -0.300000
v -0.055221 0.526068 -0.300000
v -0.054663 0.525784 -0.300000
v -0.054221 0.525342 -0.300000
v -0.053937 0.524784 -0.300000
v -0.053839 0.524166 -0.300000
v -0.053839 0.524166 0.289500
v -0.053937 0.524784 0.289500
v -0.054221 0.525342 0.289500
v -0.054663 0.525784 0.289500
v -0.055221 0.526068 0.289500
v -0.296376 0.194196 -0.290000
v -0.296994 0.194098 -0.290000
v -0.297551 0.193814 -0.290000
v -0.297994 0.193371 -0.290000
v -0.298278 0.192814 -0.290000
v -0.298376 0.192196 -0.290000
v -0.298376 0.192196 -0.300000
v -0.298278 0.192814 -0.300000
v -0.297994 0.193371 -0.300000
v -0.297551 0.193814 -0.300000
v -0.296994 0.194098 -0.300000
v -0.296376 0.194196 -0.300000
v -0.145829 0.194196 -0.290000
v -0.296376 0.194196 -0.290000
v -0.296376 0.194196 -0.300000
v -0.145829 0.194196 -0.300000
v -0.143829 0.192196 -0.290000
v -0.143927 0.192814 -0.290000
v -0.144211 0.193371 -0.290000
v -0.144654 0.193814 -0.290000
v -0.145211 0.194098 -0.290000
v -0.145829 0.194196 -0.290000
v -0.145829 0.194196 -0.300000
v -0.145211 0.194098 -0.300000
v -0.144654 0.193814 -0.300000
v -0.144211 0.193371 -0.300000
v -0.143927 0.192814 -0.300000
v -0.143829 0.192196 -0.300000
v -0.143829 0.186043 -0.290000
v -0.143829 0.192196 -0.290000
v -0.143829 0.192196 -0.300000
v -0.143829 0.186043 -0.300000
v -0.141829 0.184043 -0.290000
v -0.142447 0.184141 -0.290000
v -0.143005 0.184425 -0.290000
v -0.143447 0.184868 -0.290000
v -0.143731 0.185425 -0.290000
v -0.143829 0.186043 -0.290000
v -0.143829 0.186043 -0.300000
v -0.143731 0.185425 -0.300000
v -0.143447 0.184868 -0.300000
v -0.143005 0.184425 -0.300000
v -0.142447 0.184141 -0.300000
v -0.141829 0.184043 -0.300000
v -0.053839 0.184043 -0.290000
v -0.141829 0.184043 -0.290000
v -0.141829 0.184043 -0.300000
v -0.053839 0.184043 -0.300000
v -0.046871 0.190442 -0.290000
v -0.048616 0.187732 -0.290000
v -0.050990 0.185551 -0.290000
v -0.053839 0.184043 -0.290000
v -0.053839 0.184043 -0.300000
v -0.050990 0.185551 -0.300000
v -0.048616 0.187732 -0.300000
v -0.046871 0.190442 -0.300000
v -0.046871 0.536140 -0.290000
v -0.034079 0.467592 -0.290000
v -0.027656 0.398157 -0.290000
v -0.027656 0.328425 -0.290000
v -0.034079 0.258990 -0.290000
v -0.046871 0.190442 -0.290000
v -0.046871 0.190442 -0.300000
v -0.034079 0.258990 -0.300000
v -0.027656 0.328425 -0.300000
v -0.027656 0.398157 -0.300000
v -0.034079 0.467592 -0.300000
v -0.046871 0.536140 -0.300000
v -0.053839 0.541860 -0.290000
v -0.050949 0.540724 -0.290000
v -0.048548 0.538754 -0.290000
v -0.046871 0.536140 -0.290000
v -0.046871 0.536140 -0.300000
v -0.048548 0.538754 -0.300000
v -0.050949 0.540724 -0.300000
v -0.053839 0.541860 -0.300000
v -0.383975 0.541860 -0.290000
v -0.053839 0.541860 -0.290000
v -0.053839 0.541860 -0.300000
v -0.383975 0.541860 -0.300000
v -0.394169 0.531992 -0.290000
v -0.392758 0.535435 -0.290000
v -0.390465 0.538365 -0.290000
v -0.387462 0.540562 -0.290000
v -0.383975 0.541860 -0.290000
v -0.383975 0.541860 -0.300000
v -0.387462 0.540562 -0.300000
v -0.390465 0.538365 -0.300000
v -0.392758 0.535435 -0.300000
v -0.394169 0.531992 -0.300000
v -0.394629 0.192563 -0.290000
v -0.408162 0.259784 -0.290000
v -0.414916 0.328020 -0.290000
v -0.414823 0.396590 -0.290000
v -0.407885 0.464808 -0.290000
v -0.394169 0.531992 -0.290000
v -0.394169 0.531992 -0.300000
v -0.407885 0.464808 -0.300000
v -0.414823 0.396590 -0.300000
v -0.414916 0.328020 -0.300000
v -0.408162 0.259784 -0.300000
v -0.394629 0.192563 -0.300000
v -0.386809 0.184264 -0.290000
v -0.390318 0.186078 -0.290000
v -0.393027 0.188953 -0.290000
v -0.394629 0.192563 -0.290000
v -0.394629 0.192563 -0.300000
v -0.393027 0.188953 -0.300000
v -0.390318 0.186078 -0.300000
v -0.386809 0.184264 -0.300000
v -0.300376 0.184264 -0.290000
v -0.386809 0.184264 -0.290000
v -0.386809 0.184264 -0.300000
v -0.300376 0.184264 -0.300000
v -0.298376 0.186264 -0.290000
v -0.298473 0.185646 -0.290000
v -0.298758 0.185088 -0.290000
v -0.299200 0.184646 -0.290000
v -0.299758 0.184362 -0.290000
v -0.300376 0.184264 -0.290000
v -0.300376 0.184264 -0.300000
v -0.299758 0.184362 -0.300000
v -0.299200 0.184646 -0.300000
v -0.298758 0.185088 -0.300000
v -0.298473 0.185646 -0.300000
v -0.298376 0.186264 -0.300000
v -0.298376 0.192196 -0.290000
v -0.298376 0.186264 -0.290000
v -0.298376 0.186264 -0.300000
v -0.298376 0.192196 -0.300000
v -0.053839 0.524166 -0.300000
v -0.053937 0.524784 -0.300000
v -0.054221 0.525342 -0.300000
v -0.054663 0.525784 -0.300000
v -0.055221 0.526068 -0.300000
v -0.055839 0.526166 -0.300000
v -0.381975 0.526166 -0.300000
v -0.382593 0.526068 -0.300000
v -0.383150 0.525784 -0.300000
v -0.383593 0.525342 -0.300000
v -0.383877 0.524784 -0.300000
v -0.383975 0.524166 -0.300000
v -0.383975 0.200476 -0.300000
v -0.383877 0.199858 -0.300000
v -0.383593 0.199300 -0.300000
v -0.383150 0.198858 -0.300000
v -0.382593 0.198574 -0.300000
v -0.381975 0.198476 -0.300000
v -0.055839 0.198476 -0.300000
v -0.055221 0.198574 -0.300000
v -0.054663 0.198858 -0.300000
v -0.054221 0.199300 -0.300000
v -0.053937 0.199858 -0.300000
v -0.053839 0.200476 -0.300000
v -0.298376 0.192196 -0.300000
v -0.298376 0.186264 -0.300000
v -0.298473 0.185646 -0.300000
v -0.298758 0.185088 -0.300000
v -0.299200 0.184646 -0.300000
v -0.299758 0.184362 -0.300000
v -0.300376 0.184264 -0.300000
v -0.386809 0.184264 -0.300000
v -0.390318 0.186078 -0.300000
v -0.393027 0.188953 -0.300000
v -0.394629 0.192563 -0.300000
v -0.408162 0.259784 -0.300000
v -0.414916 0.328020 -0.300000
v -0.414823 0.396590 -0.300000
v -0.407885 0.464808 -0.300000
v -0.394169 0.531992 -0.300000
v -0.392758 0.535435 -0.300000
v -0.390465 0.538365 -0.300000
v -0.387462 0.540562 -0.300000
v -0.383975 0.541860 -0.300000
v -0.053839 0.541860 -0.300000
v -0.050949 0.540724 -0.300000
v -0.048548 0.538754 -0.300000
v -0.046871 0.536140 -0.300000
v -0.034079 0.467592 -0.300000
v -0.027656 0.398157 -0.300000
v -0.027656 0.328425 -0.300000
v -0.034079 0.258990 -0.300000
v -0.046871 0.190442 -0.300000
v -0.048616 0.187732 -0.300000
v -0.050990 0.185551 -0.300000
v -0.053839 0.184043 -0.300000
v -0.141829 0.184043 -0.300000
v -0.142447 0.184141 -0.300000
v -0.143005 0.184425 -0.300000
v -0.143447 0.184868 -0.300000
v -0.143731 0.185425 -0.300000
v -0.143829 0.186043 -0.300000
v -0.143829 0.192196 -0.300000
v -0.143927 0.192814 -0.300000
v -0.144211 0.193371 -0.300000
v -0.144654 0.193814 -0.300000
v -0.145211 0.194098 -0.300000
v -0.145829 0.194196 -0.300000
v -0.296376 0.194196 -0.300000
v -0.296994 0.194098 -0.300000
v -0.297551 0.193814 -0.300000
v -0.297994 0.193371 -0.300000
v -0.298278 0.192814 -0.300000
v -0.293634 0.171218 -0.290000
v -0.293634 0.186333 -0.290000
v -0.293634 0.186333 -0.300000
v -0.293634 0.171218 -0.300000
v -0.291634 0.169218 -0.290000
v -0.292252 0.169316 -0.290000
v -0.292809 0.169600 -0.290000
v -0.293252 0.170043 -0.290000
v -0.293536 0.170600 -0.290000
v -0.293634 0.171218 -0.290000
v -0.293634 0.171218 -0.300000
v -0.293536 0.170600 -0.300000
v -0.293252 0.170043 -0.300000
v -0.292809 0.169600 -0.300000
v -0.292252 0.169316 -0.300000
v -0.291634 0.169218 -0.300000
v -0.151435 0.169218 -0.290000
v -0.291634 0.169218 -0.290000
v -0.291634 0.169218 -0.300000
v -0.151435 0.169218 -0.300000
v -0.149435 0.171218 -0.290000
v -0.149533 0.170600 -0.290000
v -0.149817 0.170043 -0.290000
v -0.150259 0.169600 -0.290000
v -0.150817 0.169316 -0.290000
v -0.151435 0.169218 -0.290000
v -0.151435 0.169218 -0.300000
v -0.150817 0.169316 -0.300000
v -0.150259 0.169600 -0.300000
v -0.149817 0.170043 -0.300000
v -0.149533 0.170600 -0.300000
v -0.149435 0.171218 -0.300000
v -0.149435 0.186333 -0.290000
v -0.149435 0.171218 -0.290000
v -0.149435 0.171218 -0.300000
v -0.149435 0.186333 -0.300000
v -0.151435 0.188333 -0.290000
v -0.150817 0.188236 -0.290000
v -0.150259 0.187952 -0.290000
v -0.149817 0.187509 -0.290000
v -0.149533 0.186952 -0.290000
v -0.149435 0.186333 -0.290000
v -0.149435 0.186333 -0.300000
v -0.149533 0.186952 -0.300000
v -0.149817 0.187509 -0.300000
v -0.150259 0.187952 -0.300000
v -0.150817 0.188236 -0.300000
v -0.151435 0.188333 -0.300000
v -0.291634 0.188333 -0.290000
v -0.151435 0.188333 -0.290000
v -0.151435 0.188333 -0.300000
v -0.291634 0.188333 -0.300000
v -0.293634 0.186333 -0.290000
v -0.293536 0.186952 -0.290000
v -0.293252 0.187509 -0.290000
v -0.292809 0.187952 -0.290000
v -0.292252 0.188236 -0.290000
v -0.291634 0.188333 -0.290000
v -0.291634 0.188333 -0.300000
v -0.292252 0.188236 -0.300000
v -0.292809 0.187952 -0.300000
v -0.293252 0.187509 -0.300000
v -0.293536 0.186952 -0.300000
v -0.293634 0.186333 -0.300000
v -0.293634 0.186333 -0.300000
v -0.293536 0.186952 -0.300000
v -0.293252 0.187509 -0.300000
v -0.292809 0.187952 -0.300000
v -0.292252 0.188236 -0.300000
v -0.291634 0.188333 -0.300000
v -0.151435 0.188333 -0.300000
v -0.150817 0.188236 -0.300000
v -0.150259 0.187952 -0.300000
v -0.149817 0.187509 -0.300000
v -0.149533 0.186952 -0.300000
v -0.149435 0.186333 -0.300000
v -0.149435 0.171218 -0.300000
v -0.149533 0.170600 -0.300000
v -0.149817 0.170043 -0.300000
v -0.150259 0.169600 -0.300000
v -0.150817 0.169316 -0.300000
v -0.151435 0.169218 -0.300000
v -0.291634 0.169218 -0.300000
v -0.292252 0.169316 -0.300000
v -0.292809 0.169600 -0.300000
v -0.293252 0.170043 -0.300000
v -0.293536 0.170600 -0.300000
v -0.293634 0.171218 -0.300000
v -0.053839 0.928166 0.289500
v -0.053839 0.928166 -0.300000
v -0.053839 0.604476 -0.300000
v -0.053839 0.604476 0.289500
v -0.053839 0.605597 0.289500
v -0.053839 0.605597 0.281500
v -0.053839 0.607597 0.281500
v -0.053839 0.607597 0.289500
v -0.053839 0.921689 0.289500
v -0.053839 0.921689 0.281500
v -0.053839 0.923689 0.281500
v -0.053839 0.923689 0.289500
v -0.053839 0.604476 0.289500
v -0.053839 0.604476 -0.300000
v -0.053937 0.603858 -0.300000
v -0.054221 0.603300 -0.300000
v -0.054663 0.602858 -0.300000
v -0.055221 0.602574 -0.300000
v -0.055839 0.602476 -0.300000
v -0.055839 0.602476 0.289500
v -0.055221 0.602574 0.289500
v -0.054663 0.602858 0.289500
v -0.054221 0.603300 0.289500
v -0.053937 0.603858 0.289500
v -0.055839 0.602476 0.289500
v -0.055839 0.602476 -0.300000
v -0.381975 0.602476 -0.300000
v -0.381975 0.602476 0.289500
v -0.373759 0.602476 0.289500
v -0.373759 0.602476 0.281500
v -0.062115 0.602476 0.281500
v -0.062115 0.602476 0.289500
v -0.381975 0.602476 0.289500
v -0.381975 0.602476 -0.300000
v -0.382593 0.602574 -0.300000
v -0.383150 0.602858 -0.300000
v -0.383593 0.603300 -0.300000
v -0.383877 0.603858 -0.300000
v -0.383975 0.604476 -0.300000
v -0.383975 0.604476 0.289500
v -0.383877 0.603858 0.289500
v -0.383593 0.603300 0.289500
v -0.383150 0.602858 0.289500
v -0.382593 0.602574 0.289500
v -0.383975 0.604476 0.289500
v -0.383975 0.604476 -0.300000
v -0.383975 0.928166 -0.300000
v -0.383975 0.928166 0.289500
v -0.383975 0.923298 0.289500
v -0.383975 0.923298 0.281500
v -0.383975 0.921298 0.281500
v -0.383975 0.921298 0.289500
v -0.383975 0.608202 0.289500
v -0.383975 0.608202 0.281500
v -0.383975 0.606202 0.281500
v -0.383975 0.606202 0.289500
v -0.383975 0.928166 0.289500
v -0.383975 0.928166 -0.300000
v -0.383877 0.928784 -0.300000
v -0.383593 0.929342 -0.300000
v -0.383150 0.929784 -0.300000
v -0.382593 0.930068 -0.300000
v -0.381975 0.930166 -0.300000
v -0.381975 0.930166 0.289500
v -0.382593 0.930068 0.289500
v -0.383150 0.929784 0.289500
v -0.383593 0.929342 0.289500
v -0.383877 0.928784 0.289500
v -0.381975 0.930166 0.289500
v -0.381975 0.930166 -0.300000
v -0.055839 0.930166 -0.300000
v -0.055839 0.930166 0.289500
v -0.055839 0.930166 0.289500
v -0.055839 0.930166 -0.300000
v -0.055221 0.930068 -0.300000
v -0.054663 0.929784 -0.300000
v -0.054221 0.929342 -0.300000
v -0.053937 0.928784 -0.300000
v -0.053839 0.928166 -0.300000
v -0.053839 0.928166 0.289500
v -0.053937 0.928784 0.289500
v -0.054221 0.929342 0.289500
v -0.054663 0.929784 0.289500
v -0.055221 0.930068 0.289500
v -0.296376 0.598196 -0.290000
v -0.296994 0.598098 -0.290000
v -0.297551 0.597814 -0.290000
v -0.297994 0.597371 -0.290000
v -0.298278 0.596814 -0.290000
v -0.298376 0.596196 -0.290000
v -0.298376 0.596196 -0.300000
v -0.298278 0.596814 -0.300000
v -0.297994 0.597371 -0.300000
v -0.297551 0.597814 -0.300000
v -0.296994 0.598098 -0.300000
v -0.296376 0.598196 -0.300000
v -0.145829 0.598196 -0.290000
v -0.296376 0.598196 -0.290000
v -0.296376 0.598196 -0.300000
v -0.145829 0.598196 -0.300000
v -0.143829 0.596196 -0.290000
v -0.143927 0.596814 -0.290000
v -0.144211 0.597371 -0.290000
v -0.144654 0.597814 -0.290000
v -0.145211 0.598098 -0.290000
v -0.145829 0.598196 -0.290000
v -0.145829 0.598196 -0.300000
v -0.145211 0.598098 -0.300000
v -0.144654 0.597814 -0.300000
v -0.144211 0.597371 -0.300000
v -0.143927 0.596814 -0.300000
v -0.143829 0.596196 -0.300000
v -0.143829 0.590043 -0.290000
v -0.143829 0.596196 -0.290000
v -0.143829 0.596196 -0.300000
v -0.143829 0.590043 -0.300000
v -0.141829 0.588043 -0.290000
v -0.142447 0.588141 -0.290000
v -0.143005 0.588425 -0.290000
v -0.143447 0.588868 -0.290000
v -0.143731 0.589425 -0.290000
v -0.143829 0.590043 -0.290000
v -0.143829 0.590043 -0.300000
v -0.143731 0.589425 -0.300000
v -0.143447 0.588868 -0.300000
v -0.143005 0.588425 -0.300000
v -0.142447 0.588141 -0.300000
v -0.141829 0.588043 -0.300000
v -0.053839 0.588043 -0.290000
v -0.141829 0.588043 -0.290000
v -0.141829 0.588043 -0.300000
v -0.053839 0.588043 -0.300000
v -0.046871 0.594442 -0.290000
v -0.048616 0.591732 -0.290000
v -0.050990 0.589551 -0.290000
v -0.053839 0.588043 -0.290000
v -0.053839 0.588043 -0.300000
v -0.050990 0.589551 -0.300000
v -0.048616 0.591732 -0.300000
v -0.046871 0.594442 -0.300000
v -0.046871 0.940140 -0.290000
v -0.034079 0.871592 -0.290000
v -0.027656 0.802157 -0.290000
v -0.027656 0.732425 -0.290000
v -0.034079 0.662990 -0.290000
v -0.046871 0.594442 -0.290000
v -0.046871 0.594442 -0.300000
v -0.034079 0.662990 -0.300000
v -0.027656 0.732425 -0.300000
v -0.027656 0.802157 -0.300000
v -0.034079 0.871592 -0.300000
v -0.046871 0.940140 -0.300000
v -0.053839 0.945860 -0.290000
v -0.050949 0.944724 -0.290000
v -0.048548 0.942754 -0.290000
v -0.046871 0.940140 -0.290000
v -0.046871 0.940140 -0.300000
v -0.048548 0.942754 -0.300000
v -0.050949 0.944724 -0.300000
v -0.053839 0.945860 -0.300000
v -0.383975 0.945860 -0.290000
v -0.053839 0.945860 -0.290000
v -0.053839 0.945860 -0.300000
v -0.383975 0.945860 -0.300000
v -0.394169 0.935992 -0.290000
v -0.392758 0.939435 -0.290000
v -0.390465 0.942365 -0.290000
v -0.387462 0.944562 -0.290000
v -0.383975 0.945860 -0.290000
v -0.383975 0.945860 -0.300000
v -0.387462 0.944562 -0.300000
v -0.390465 0.942365 -0.300000
v -0.392758 0.939435 -0.300000
v -0.394169 0.935992 -0.300000
v -0.394629 0.596563 -0.290000
v -0.408162 0.663784 -0.290000
v -0.414916 0.732020 -0.290000
v -0.414823 0.800590 -0.290000
v -0.407885 0.868808 -0.290000
v -0.394169 0.935992 -0.290000
v -0.394169 0.935992 -0.300000
v -0.407885 0.868808 -0.300000
v -0.414823 0.800590 -0.300000
v -0.414916 0.732020 -0.300000
v -0.408162 0.663784 -0.300000
v -0.394629 0.596563 -0.300000
v -0.386809 0.588264 -0.290000
v -0.390318 0.590078 -0.290000
v -0.393027 0.592953 -0.290000
v -0.394629 0.596563 -0.290000
v -0.394629 0.596563 -0.300000
v -0.393027 0.592953 -0.300000
v -0.390318 0.590078 -0.300000
v -0.386809 0.588264 -0.300000
v -0.300376 0.588264 -0.290000
v -0.386809 0.588264 -0.290000
v -0.386809 0.588264 -0.300000
v -0.300376 0.588264 -0.300000
v -0.298376 0.590264 -0.290000
v -0.298473 0.589646 -0.290000
v -0.298758 0.589088 -0.290000
v -0.299200 0.588646 -0.290000
v -0.299758 0.588362 -0.290000
v -0.300376 0.588264 -0.290000
v -0.300376 0.588264 -0.300000
v -0.299758 0.588362 -0.300000
v -0.299200 0.588646 -0.300000
v -0.298758 0.589088 -0.300000
v -0.298473 0.589646 -0.300000
v -0.298376 0.590264 -0.300000
v -0.298376 0.596196 -0.290000
v -0.298376 0.590264 -0.290000
v -0.298376 0.590264 -0.300000
v -0.298376 0.596196 -0.300000
v -0.053839 0.928166 -0.300000
v -0.053937 0.928784 -0.300000
v -0.054221 0.929342 -0.300000
v -0.054663 0.929784 -0.300000
v -0.055221 0.930068 -0.300000
v -0.055839 0.930166 -0.300000
v -0.381975 0.930166 -0.300000
v -0.382593 0.930068 -0.300000
v -0.383150 0.929784 -0.300000
v -0.383593 0.929342 -0.300000
v -0.383877 0.928784 -0.300000
v -0.383975 0.928166 -0.300000
v -0.383975 0.604476 -0.300000
v -0.383877 0.603858 -0.300000
v -0.383593 0.603300 -0.300000
v -0.383150 0.602858 -0.300000
v -0.382593 0.602574 -0.300000
v -0.381975 0.602476 -0.300000
v -0.055839 0.602476 -0.300000
v -0.055221 0.602574 -0.300000
v -0.054663 0.602858 -0.300000
v -0.054221 0.603300 -0.300000
v -0.053937 0.603858 -0.300000
v -0.053839 0.604476 -0.300000
v -0.298376 0.596196 -0.300000
v -0.298376 0.590264 -0.300000
v -0.298473 0.589646 -0.300000
v -0.298758 0.589088 -0.300000
v -0.299200 0.588646 -0.300000
v -0.299758 0.588362 -0.300000
v -0.300376 0.588264 -0.300000
v -0.386809 0.588264 -0.300000
v -0.390318 0.590078 -0.300000
v -0.393027 0.592953 -0.300000
v -0.394629 0.596563 -0.300000
v -0.408162 0.663784 -0.300000
v -0.414916 0.732020 -0.300000
v -0.414823 0.800590 -0.300000
v -0.407885 0.868808 -0.300000
v -0.394169 0.935992 -0.300000
v -0.392758 0.939435 -0.300000
v -0.390465 0.942365 -0.300000
v -0.387462 0.944562 -0.300000
v -0.383975 0.945860 -0.300000
v -0.053839 0.945860 -0.300000
v -0.050949 0.944724 -0.300000
v -0.048548 0.942754 -0.300000
v -0.046871 0.940140 -0.300000
v -0.034079 0.871592 -0.300000
v -0.027656 0.802157 -0.300000
v -0.027656 0.732425 -0.300000
v -0.034079 0.662990 -0.300000
v -0.046871 0.594442 -0.300000
v -0.048616 0.591732 -0.300000
v -0.050990 0.589551 -0.300000
v -0.053839 0.588043 -0.300000
v -0.141829 0.588043 -0.300000
v -0.142447 0.588141 -0.300000
v -0.143005 0.588425 -0.300000
v -0.143447 0.588868 -0.300000
v -0.143731 0.589425 -0.300000
v -0.143829 0.590043 -0.300000
v -0.143829 0.596196 -0.300000
v -0.143927 0.596814 -0.300000
v -0.144211 0.597371 -0.300000
v -0.144654 0.597814 -0.300000
v -0.145211 0.598098 -0.300000
v -0.145829 0.598196 -0.300000
v -0.296376 0.598196 -0.300000
v -0.296994 0.598098 -0.300000
v -0.297551 0.597814 -0.300000
v -0.297994 0.597371 -0.300000
v -0.298278 0.596814 -0.300000
v -0.293634 0.575218 -0.290000
v -0.293634 0.590333 -0.290000
v -0.293634 0.590333 -0.300000
v -0.293634 0.575218 -0.300000
v -0.291634 0.573218 -0.290000
v -0.292252 0.573316 -0.290000
v -0.292809 0.573600 -0.290000
v -0.293252 0.574043 -0.290000
v -0.293536 0.574600 -0.290000
v -0.293634 0.575218 -0.290000
v -0.293634 0.575218 -0.300000
v -0.293536 0.574600 -0.300000
v -0.293252 0.574043 -0.300000
v -0.292809 0.573600 -0.300000
v -0.292252 0.573316 -0.300000
v -0.291634 0.573218 -0.300000
v -0.151435 0.573218 -0.290000
v -0.291634 0.573218 -0.290000
v -0.291634 0.573218 -0.300000
v -0.151435 0.573218 -0.300000
v -0.149435 0.575218 -0.290000
v -0.149533 0.574600 -0.290000
v -0.149817 0.574043 -0.290000
v -0.150259 0.573600 -0.290000
v -0.150817 0.573316 -0.290000
v -0.151435 0.573218 -0.290000
v -0.151435 0.573218 -0.300000
v -0.150817 0.573316 -0.300000
v -0.150259 0.573600 -0.300000
v -0.149817 0.574043 -0.300000
v -0.149533 0.574600 -0.300000
v -0.149435 0.575218 -0.300000
v -0.149435 0.590333 -0.290000
v -0.149435 0.575218 -0.290000
v -0.149435 0.575218 -0.300000
v -0.149435 0.590333 -0.300000
v -0.151435 0.592333 -0.290000
v -0.150817 0.592236 -0.290000
v -0.150259 0.591952 -0.290000
v -0.149817 0.591509 -0.290000
v -0.149533 0.590952 -0.290000
v -0.149435 0.590333 -0.290000
v -0.149435 0.590333 -0.300000
v -0.149533 0.590952 -0.300000
v -0.149817 0.591509 -0.300000
v -0.150259 0.591952 -0.300000
v -0.150817 0.592236 -0.300000
v -0.151435 0.592333 -0.300000
v -0.291634 0.592333 -0.290000
v -0.151435 0.592333 -0.290000
v -0.151435 0.592333 -0.300000
v -0.291634 0.592333 -0.300000
v -0.293634 0.590333 -0.290000
v -0.293536 0.590952 -0.290000
v -0.293252 0.591509 -0.290000
v -0.292809 0.591952 -0.290000
v -0.292252 0.592236 -0.290000
v -0.291634 0.592333 -0.290000
v -0.291634 0.592333 -0.300000
v -0.292252 0.592236 -0.300000
v -0.292809 0.591952 -0.300000
v -0.293252 0.591509 -0.300000
v -0.293536 0.590952 -0.300000
v -0.293634 0.590333 -0.300000
v -0.293634 0.590333 -0.300000
v -0.293536 0.590952 -0.300000
v -0.293252 0.591509 -0.300000
v -0.292809 0.591952 -0.300000
v -0.292252 0.592236 -0.300000
v -0.291634 0.592333 -0.300000
v -0.151435 0.592333 -0.300000
v -0.150817 0.592236 -0.300000
v -0.150259 0.591952 -0.300000
v -0.149817 0.591509 -0.300000
v -0.149533 0.590952 -0.300000
v -0.149435 0.590333 -0.300000
v -0.149435 0.575218 -0.300000
v -0.149533 0.574600 -0.300000
v -0.149817 0.574043 -0.300000
v -0.150259 0.573600 -0.300000
v -0.150817 0.573316 -0.300000
v -0.151435 0.573218 -0.300000
v -0.291634 0.573218 -0.300000
v -0.292252 0.573316 -0.300000
v -0.292809 0.573600 -0.300000
v -0.293252 0.574043 -0.300000
v -0.293536 0.574600 -0.300000
v -0.293634 0.575218 -0.300000
v -0.053839 1.332166 0.289500
v -0.053839 1.332166 -0.300000
v -0.053839 1.008476 -0.300000
v -0.053839 1.008476 0.281500
v -0.053839 1.009930 0.281500
v -0.053839 1.009930 0.289500
v -0.053839 1.324022 0.289500
v -0.053839 1.324022 0.281500
v -0.053839 1.326022 0.281500
v -0.053839 1.326022 0.289500
v -0.053839 1.008476 0.281500
v -0.053839 1.008476 -0.300000
v -0.053937 1.007858 -0.300000
v -0.054221 1.007300 -0.300000
v -0.054663 1.006858 -0.300000
v -0.055221 1.006574 -0.300000
v -0.055839 1.006476 -0.300000
v -0.055839 1.006476 0.289500
v -0.055203 1.006580 0.289500
v -0.054633 1.006880 0.289500
v -0.054188 1.007347 0.289500
v -0.053914 1.007930 0.289500
v -0.053914 1.007930 0.281500
v -0.053872 1.008110 0.281500
v -0.053847 1.008292 0.281500
v -0.055839 1.006476 0.289500
v -0.055839 1.006476 -0.300000
v -0.381975 1.006476 -0.300000
v -0.381975 1.006476 0.289500
v -0.374674 1.006476 0.289500
v -0.374674 1.006476 0.281500
v -0.372521 1.006476 0.281500
v -0.372521 1.006476 0.289500
v -0.063353 1.006476 0.289500
v -0.063353 1.006476 0.281500
v -0.061200 1.006476 0.281500
v -0.061200 1.006476 0.289500
v -0.381975 1.006476 0.289500
v -0.381975 1.006476 -0.300000
v -0.382593 1.006574 -0.300000
v -0.383150 1.006858 -0.300000
v -0.383593 1.007300 -0.300000
v -0.383877 1.007858 -0.300000
v -0.383975 1.008476 -0.300000
v -0.383975 1.008476 0.289500
v -0.383877 1.007858 0.289500
v -0.383593 1.007300 0.289500
v -0.383150 1.006858 0.289500
v -0.382593 1.006574 0.289500
v -0.383975 1.008476 0.289500
v -0.383975 1.008476 -0.300000
v -0.383975 1.332166 -0.300000
v -0.383975 1.332166 0.289500
v -0.383975 1.325631 0.289500
v -0.383975 1.325631 0.281500
v -0.383975 1.323631 0.281500
v -0.383975 1.323631 0.289500
v -0.383975 1.010536 0.289500
v -0.383975 1.010536 0.281500
v -0.383975 1.008536 0.281500
v -0.383975 1.008536 0.289500
v -0.383975 1.332166 0.289500
v -0.383975 1.332166 -0.300000
v -0.383877 1.332784 -0.300000
v -0.383593 1.333342 -0.300000
v -0.383150 1.333784 -0.300000
v -0.382593 1.334068 -0.300000
v -0.381975 1.334166 -0.300000
v -0.381975 1.334166 0.289500
v -0.382593 1.334068 0.289500
v -0.383150 1.333784 0.289500
v -0.383593 1.333342 0.289500
v -0.383877 1.332784 0.289500
v -0.381975 1.334166 0.289500
v -0.381975 1.334166 -0.300000
v -0.055839 1.334166 -0.300000
v -0.055839 1.334166 0.289500
v -0.055839 1.334166 0.289500
v -0.055839 1.334166 -0.300000
v -0.055221 1.334068 -0.300000
v -0.054663 1.333784 -0.300000
v -0.054221 1.333342 -0.300000
v -0.053937 1.332784 -0.300000
v -0.053839 1.332166 -0.300000
v -0.053839 1.332166 0.289500
v -0.053937 1.332784 0.289500
v -0.054221 1.333342 0.289500
v -0.054663 1.333784 0.289500
v -0.055221 1.334068 0.289500
v -0.296376 1.002196 -0.290000
v -0.296994 1.002098 -0.290000
v -0.297551 1.001814 -0.290000
v -0.297994 1.001371 -0.290000
v -0.298278 1.000814 -0.290000
v -0.298376 1.000196 -0.290000
v -0.298376 1.000196 -0.300000
v -0.298278 1.000814 -0.300000
v -0.297994 1.001371 -0.300000
v -0.297551 1.001814 -0.300000
v -0.296994 1.002098 -0.300000
v -0.296376 1.002196 -0.300000
v -0.145829 1.002196 -0.290000
v -0.296376 1.002196 -0.290000
v -0.296376 1.002196 -0.300000
v -0.145829 1.002196 -0.300000
v -0.143829 1.000196 -0.290000
v -0.143927 1.000814 -0.290000
v -0.144211 1.001371 -0.290000
v -0.144654 1.001814 -0.290000
v -0.145211 1.002098 -0.290000
v -0.145829 1.002196 -0.290000
v -0.145829 1.002196 -0.300000
v -0.145211 1.002098 -0.300000
v -0.144654 1.001814 -0.300000
v -0.144211 1.001371 -0.300000
v -0.143927 1.000814 -0.300000
v -0.143829 1.000196 -0.300000
v -0.143829 0.994043 -0.290000
v -0.143829 1.000196 -0.290000
v -0.143829 1.000196 -0.300000
v -0.143829 0.994043 -0.300000
v -0.141829 0.992043 -0.290000
v -0.142447 0.992141 -0.290000
v -0.143005 0.992425 -0.290000
v -0.143447 0.992868 -0.290000
v -0.143731 0.993425 -0.290000
v -0.143829 0.994043 -0.290000
v -0.143829 0.994043 -0.300000
v -0.143731 0.993425 -0.300000
v -0.143447 0.992868 -0.300000
v -0.143005 0.992425 -0.300000
v -0.142447 0.992141 -0.300000
v -0.141829 0.992043 -0.300000
v -0.053839 0.992043 -0.290000
v -0.141829 0.992043 -0.290000
v -0.141829 0.992043 -0.300000
v -0.053839 0.992043 -0.300000
v -0.046871 0.998442 -0.290000
v -0.048616 0.995732 -0.290000
v -0.050990 0.993551 -0.290000
v -0.053839 0.992043 -0.290000
v -0.053839 0.992043 -0.300000
v -0.050990 0.993551 -0.300000
v -0.048616 0.995732 -0.300000
v -0.046871 0.998442 -0.300000
v -0.046871 1.344140 -0.290000
v -0.034079 1.275592 -0.290000
v -0.027656 1.206157 -0.290000
v -0.027656 1.136425 -0.290000
v -0.034079 1.066990 -0.290000
v -0.046871 0.998442 -0.290000
v -0.046871 0.998442 -0.300000
v -0.034079 1.066990 -0.300000
v -0.027656 1.136425 -0.300000
v -0.027656 1.206157 -0.300000
v -0.034079 1.275592 -0.300000
v -0.046871 1.344140 -0.300000
v -0.053839 1.349860 -0.290000
v -0.050949 1.348724 -0.290000
v -0.048548 1.346754 -0.290000
v -0.046871 1.344140 -0.290000
v -0.046871 1.344140 -0.300000
v -0.048548 1.346754 -0.300000
v -0.050949 1.348724 -0.300000
v -0.053839 1.349860 -0.300000
v -0.383975 1.349860 -0.290000
v -0.053839 1.349860 -0.290000
v -0.053839 1.349860 -0.300000
v -0.383975 1.349860 -0.300000
v -0.394169 1.339992 -0.290000
v -0.392758 1.343435 -0.290000
v -0.390465 1.346365 -0.290000
v -0.387462 1.348562 -0.290000
v -0.383975 1.349860 -0.290000
v -0.383975 1.349860 -0.300000
v -0.387462 1.348562 -0.300000
v -0.390465 1.346365 -0.300000
v -0.392758 1.343435 -0.300000
v -0.394169 1.339992 -0.300000
v -0.394629 1.000563 -0.290000
v -0.408162 1.067784 -0.290000
v -0.414916 1.136021 -0.290000
v -0.414823 1.204590 -0.290000
v -0.407885 1.272808 -0.290000
v -0.394169 1.339992 -0.290000
v -0.394169 1.339992 -0.300000
v -0.407885 1.272808 -0.300000
v -0.414823 1.204590 -0.300000
v -0.414916 1.136021 -0.300000
v -0.408162 1.067784 -0.300000
v -0.394629 1.000563 -0.300000
v -0.386809 0.992264 -0.290000
v -0.390318 0.994078 -0.290000
v -0.393027 0.996953 -0.290000
v -0.394629 1.000563 -0.290000
v -0.394629 1.000563 -0.300000
v -0.393027 0.996953 -0.300000
v -0.390318 0.994078 -0.300000
v -0.386809 0.992264 -0.300000
v -0.300376 0.992264 -0.290000
v -0.386809 0.992264 -0.290000
v -0.386809 0.992264 -0.300000
v -0.300376 0.992264 -0.300000
v -0.298376 0.994264 -0.290000
v -0.298473 0.993646 -0.290000
v -0.298758 0.993088 -0.290000
v -0.299200 0.992646 -0.290000
v -0.299758 0.992362 -0.290000
v -0.300376 0.992264 -0.290000
v -0.300376 0.992264 -0.300000
v -0.299758 0.992362 -0.300000
v -0.299200 0.992646 -0.300000
v -0.298758 0.993088 -0.300000
v -0.298473 0.993646 -0.300000
v -0.298376 0.994264 -0.300000
v -0.298376 1.000196 -0.290000
v -0.298376 0.994264 -0.290000
v -0.298376 0.994264 -0.300000
v -0.298376 1.000196 -0.300000
v -0.053839 1.332166 -0.300000
v -0.053937 1.332784 -0.300000
v -0.054221 1.333342 -0.300000
v -0.054663 1.333784 -0.300000
v -0.055221 1.334068 -0.300000
v -0.055839 1.334166 -0.300000
v -0.381975 1.334166 -0.300000
v -0.382593 1.334068 -0.300000
v -0.383150 1.333784 -0.300000
v -0.383593 1.333342 -0.300000
v -0.383877 1.332784 -0.300000
v -0.383975 1.332166 -0.300000
v -0.383975 1.008476 -0.300000
v -0.383877 1.007858 -0.300000
v -0.383593 1.007300 -0.300000
v -0.383150 1.006858 -0.300000
v -0.382593 1.006574 -0.300000
v -0.381975 1.006476 -0.300000
v -0.055839 1.006476 -0.300000
v -0.055221 1.006574 -0.300000
v -0.054663 1.006858 -0.300000
v -0.054221 1.007300 -0.300000
v -0.053937 1.007858 -0.300000
v -0.053839 1.008476 -0.300000
v -0.298376 1.000196 -0.300000
v -0.298376 0.994264 -0.300000
v -0.298473 0.993646 -0.300000
v -0.298758 0.993088 -0.300000
v -0.299200 0.992646 -0.300000
v -0.299758 0.992362 -0.300000
v -0.300376 0.992264 -0.300000
v -0.386809 0.992264 -0.300000
v -0.390318 0.994078 -0.300000
v -0.393027 0.996953 -0.300000
v -0.394629 1.000563 -0.300000
v -0.408162 1.067784 -0.300000
v -0.414916 1.136021 -0.300000
v -0.414823 1.204590 -0.300000
v -0.407885 1.272808 -0.300000
v -0.394169 1.339992 -0.300000
v -0.392758 1.343435 -0.300000
v -0.390465 1.346365 -0.300000
v -0.387462 1.348562 -0.300000
v -0.383975 1.349860 -0.300000
v -0.053839 1.349860 -0.300000
v -0.050949 1.348724 -0.300000
v -0.048548 1.346754 -0.300000
v -0.046871 1.344140 -0.300000
v -0.034079 1.275592 -0.300000
v -0.027656 1.206157 -0.300000
v -0.027656 1.136425 -0.300000
v -0.034079 1.066990 -0.300000
v -0.046871 0.998442 -0.300000
v -0.048616 0.995732 -0.300000
v -0.050990 0.993551 -0.300000
v -0.053839 0.992043 -0.300000
v -0.141829 0.992043 -0.300000
v -0.142447 0.992141 -0.300000
v -0.143005 0.992425 -0.300000
v -0.143447 0.992868 -0.300000
v -0.143731 0.993425 -0.300000
v -0.143829 0.994043 -0.300000
v -0.143829 1.000196 -0.300000
v -0.143927 1.000814 -0.300000
v -0.144211 1.001371 -0.300000
v -0.144654 1.001814 -0.300000
v -0.145211 1.002098 -0.300000
v -0.145829 1.002196 -0.300000
v -0.296376 1.002196 -0.300000
v -0.296994 1.002098 -0.300000
v -0.297551 1.001814 -0.300000
v -0.297994 1.001371 -0.300000
v -0.298278 1.000814 -0.300000
v -0.293634 0.979218 -0.290000
v -0.293634 0.994334 -0.290000
v -0.293634 0.994334 -0.300000
v -0.293634 0.979218 -0.300000
v -0.291634 0.977218 -0.290000
v -0.292252 0.977316 -0.290000
v -0.292809 0.977600 -0.290000
v -0.293252 0.978043 -0.290000
v -0.293536 0.978600 -0.290000
v -0.293634 0.979218 -0.290000
v -0.293634 0.979218 -0.300000
v -0.293536 0.978600 -0.300000
v -0.293252 0.978043 -0.300000
v -0.292809 0.977600 -0.300000
v -0.292252 0.977316 -0.300000
v -0.291634 0.977218 -0.300000
v -0.151435 0.977218 -0.290000
v -0.291634 0.977218 -0.290000
v -0.291634 0.977218 -0.300000
v -0.151435 0.977218 -0.300000
v -0.149435 0.979218 -0.290000
v -0.149533 0.978600 -0.290000
v -0.149817 0.978043 -0.290000
v -0.150259 0.977600 -0.290000
v -0.150817 0.977316 -0.290000
v -0.151435 0.977218 -0.290000
v -0.151435 0.977218 -0.300000
v -0.150817 0.977316 -0.300000
v -0.150259 0.977600 -0.300000
v -0.149817 0.978043 -0.300000
v -0.149533 0.978600 -0.300000
v -0.149435 0.979218 -0.300000
v -0.149435 0.994334 -0.290000
v -0.149435 0.979218 -0.290000
v -0.149435 0.979218 -0.300000
v -0.149435 0.994334 -0.300000
v -0.151435 0.996334 -0.290000
v -0.150817 0.996236 -0.290000
v -0.150259 0.995952 -0.290000
v -0.149817 0.995509 -0.290000
v -0.149533 0.994952 -0.290000
v -0.149435 0.994334 -0.290000
v -0.149435 0.994334 -0.300000
v -0.149533 0.994952 -0.300000
v -0.149817 0.995509 -0.300000
v -0.150259 0.995952 -0.300000
v -0.150817 0.996236 -0.300000
v -0.151435 0.996334 -0.300000
v -0.291634 0.996334 -0.290000
v -0.151435 0.996334 -0.290000
v -0.151435 0.996334 -0.300000
v -0.291634 0.996334 -0.300000
v -0.293634 0.994334 -0.290000
v -0.293536 0.994952 -0.290000
v -0.293252 0.995509 -0.290000
v -0.292809 0.995952 -0.290000
v -0.292252 0.996236 -0.290000
v -0.291634 0.996334 -0.290000
v -0.291634 0.996334 -0.300000
v -0.292252 0.996236 -0.300000
v -0.292809 0.995952 -0.300000
v -0.293252 0.995509 -0.300000
v -0.293536 0.994952 -0.300000
v -0.293634 0.994334 -0.300000
v -0.293634 0.994334 -0.300000
v -0.293536 0.994952 -0.300000
v -0.293252 0.995509 -0.300000
v -0.292809 0.995952 -0.300000
v -0.292252 0.996236 -0.300000
v -0.291634 0.996334 -0.300000
v -0.151435 0.996334 -0.300000
v -0.150817 0.996236 -0.300000
v -0.150259 0.995952 -0.300000
v -0.149817 0.995509 -0.300000
v -0.149533 0.994952 -0.300000
v -0.149435 0.994334 -0.300000
v -0.149435 0.979218 -0.300000
v -0.149533 0.978600 -0.300000
v -0.149817 0.978043 -0.300000
v -0.150259 0.977600 -0.300000
v -0.150817 0.977316 -0.300000
v -0.151435 0.977218 -0.300000
v -0.291634 0.977218 -0.300000
v -0.292252 0.977316 -0.300000
v -0.292809 0.977600 -0.300000
v -0.293252 0.978043 -0.300000
v -0.293536 0.978600 -0.300000
v -0.293634 0.979218 -0.300000
v -0.053839 1.736166 0.289500
v -0.053839 1.736166 -0.300000
v -0.053839 1.412476 -0.300000
v -0.053839 1.412476 0.289500
v -0.053839 1.726356 0.289500
v -0.053839 1.726356 0.281500
v -0.053839 1.728356 0.281500
v -0.053839 1.728356 0.289500
v -0.053839 1.412476 0.289500
v -0.053839 1.412476 -0.300000
v -0.053937 1.411858 -0.300000
v -0.054221 1.411300 -0.300000
v -0.054663 1.410858 -0.300000
v -0.055221 1.410574 -0.300000
v -0.055839 1.410476 -0.300000
v -0.055839 1.410476 0.281500
v -0.055261 1.410561 0.281500
v -0.054733 1.410809 0.281500
v -0.054299 1.411199 0.281500
v -0.053996 1.411699 0.281500
v -0.053850 1.412264 0.281500
v -0.053850 1.412264 0.289500
v -0.053844 1.412334 0.289500
v -0.053840 1.412405 0.289500
v -0.055839 1.410476 0.281500
v -0.055839 1.410476 -0.300000
v -0.381975 1.410476 -0.300000
v -0.381975 1.410476 0.289500
v -0.374810 1.410476 0.289500
v -0.374810 1.410476 0.281500
v -0.372810 1.410476 0.281500
v -0.372810 1.410476 0.289500
v -0.063063 1.410476 0.289500
v -0.063063 1.410476 0.281500
v -0.381975 1.410476 0.289500
v -0.381975 1.410476 -0.300000
v -0.382593 1.410574 -0.300000
v -0.383150 1.410858 -0.300000
v -0.383593 1.411300 -0.300000
v -0.383877 1.411858 -0.300000
v -0.383975 1.412476 -0.300000
v -0.383975 1.412476 0.281500
v -0.383879 1.411864 0.281500
v -0.383600 1.411311 0.281500
v -0.383166 1.410869 0.281500
v -0.383166 1.410869 0.289500
v -0.382800 1.410654 0.289500
v -0.382397 1.410521 0.289500
v -0.383975 1.412476 0.281500
v -0.383975 1.412476 -0.300000
v -0.383975 1.736166 -0.300000
v -0.383975 1.736166 0.289500
v -0.383975 1.727964 0.289500
v -0.383975 1.727964 0.281500
v -0.383975 1.725964 0.281500
v -0.383975 1.725964 0.289500
v -0.383975 1.412869 0.289500
v -0.383975 1.412869 0.281500
v -0.383975 1.736166 0.289500
v -0.383975 1.736166 -0.300000
v -0.383877 1.736784 -0.300000
v -0.383593 1.737342 -0.300000
v -0.383150 1.737784 -0.300000
v -0.382593 1.738068 -0.300000
v -0.381975 1.738166 -0.300000
v -0.381975 1.738166 0.289500
v -0.382593 1.738068 0.289500
v -0.383150 1.737784 0.289500
v -0.383593 1.737342 0.289500
v -0.383877 1.736784 0.289500
v -0.381975 1.738166 0.289500
v -0.381975 1.738166 -0.300000
v -0.055839 1.738166 -0.300000
v -0.055839 1.738166 0.289500
v -0.055839 1.738166 0.289500
v -0.055839 1.738166 -0.300000
v -0.055221 1.738068 -0.300000
v -0.054663 1.737784 -0.300000
v -0.054221 1.737342 -0.300000
v -0.053937 1.736784 -0.300000
v -0.053839 1.736166 -0.300000
v -0.053839 1.736166 0.289500
v -0.053937 1.736784 0.289500
v -0.054221 1.737342 0.289500
v -0.054663 1.737784 0.289500
v -0.055221 1.738068 0.289500
v -0.296376 1.406196 -0.290000
v -0.296994 1.406098 -0.290000
v -0.297551 1.405814 -0.290000
v -0.297994 1.405371 -0.290000
v -0.298278 1.404814 -0.290000
v -0.298376 1.404196 -0.290000
v -0.298376 1.404196 -0.300000
v -0.298278 1.404814 -0.300000
v -0.297994 1.405371 -0.300000
v -0.297551 1.405814 -0.300000
v -0.296994 1.406098 -0.300000
v -0.296376 1.406196 -0.300000
v -0.145829 1.406196 -0.290000
v -0.296376 1.406196 -0.290000
v -0.296376 1.406196 -0.300000
v -0.145829 1.406196 -0.300000
v -0.143829 1.404196 -0.290000
v -0.143927 1.404814 -0.290000
v -0.144211 1.405371 -0.290000
v -0.144654 1.405814 -0.290000
v -0.145211 1.406098 -0.290000
v -0.145829 1.406196 -0.290000
v -0.145829 1.406196 -0.300000
v -0.145211 1.406098 -0.300000
v -0.144654 1.405814 -0.300000
v -0.144211 1.405371 -0.300000
v -0.143927 1.404814 -0.300000
v -0.143829 1.404196 -0.300000
v -0.143829 1.398043 -0.290000
v -0.143829 1.404196 -0.290000
v -0.143829 1.404196 -0.300000
v -0.143829 1.398043 -0.300000
v -0.141829 1.396043 -0.290000
v -0.142447 1.396141 -0.290000
v -0.143005 1.396425 -0.290000
v -0.143447 1.396868 -0.290000
v -0.143731 1.397425 -0.290000
v -0.143829 1.398043 -0.290000
v -0.143829 1.398043 -0.300000
v -0.143731 1.397425 -0.300000
v -0.143447 1.396868 -0.300000
v -0.143005 1.396425 -0.300000
v -0.142447 1.396141 -0.300000
v -0.141829 1.396043 -0.300000
v -0.053839 1.396043 -0.290000
v -0.141829 1.396043 -0.290000
v -0.141829 1.396043 -0.300000
v -0.053839 1.396043 -0.300000
v -0.046871 1.402442 -0.290000
v -0.048616 1.399732 -0.290000
v -0.050990 1.397551 -0.290000
v -0.053839 1.396043 -0.290000
v -0.053839 1.396043 -0.300000
v -0.050990 1.397551 -0.300000
v -0.048616 1.399732 -0.300000
v -0.046871 1.402442 -0.300000
v -0.046871 1.748140 -0.290000
v -0.034079 1.679592 -0.290000
v -0.027656 1.610157 -0.290000
v -0.027656 1.540426 -0.290000
v -0.034079 1.470991 -0.290000
v -0.046871 1.402442 -0.290000
v -0.046871 1.402442 -0.300000
v -0.034079 1.470991 -0.300000
v -0.027656 1.540426 -0.300000
v -0.027656 1.610157 -0.300000
v -0.034079 1.679592 -0.300000
v -0.046871 1.748140 -0.300000
v -0.053839 1.753860 -0.290000
v -0.050949 1.752724 -0.290000
v -0.048548 1.750754 -0.290000
v -0.046871 1.748140 -0.290000
v -0.046871 1.748140 -0.300000
v -0.048548 1.750754 -0.300000
v -0.050949 1.752724 -0.300000
v -0.053839 1.753860 -0.300000
v -0.383975 1.753860 -0.290000
v -0.053839 1.753860 -0.290000
v -0.053839 1.753860 -0.300000
v -0.383975 1.753860 -0.300000
v -0.394169 1.743992 -0.290000
v -0.392758 1.747435 -0.290000
v -0.390465 1.750365 -0.290000
v -0.387462 1.752562 -0.290000
v -0.383975 1.753860 -0.290000
v -0.383975 1.753860 -0.300000
v -0.387462 1.752562 -0.300000
v -0.390465 1.750365 -0.300000
v -0.392758 1.747435 -0.300000
v -0.394169 1.743992 -0.300000
v -0.394629 1.404563 -0.290000
v -0.408162 1.471784 -0.290000
v -0.414916 1.540021 -0.290000
v -0.414823 1.608590 -0.290000
v -0.407885 1.676808 -0.290000
v -0.394169 1.743992 -0.290000
v -0.394169 1.743992 -0.300000
v -0.407885 1.676808 -0.300000
v -0.414823 1.608590 -0.300000
v -0.414916 1.540021 -0.300000
v -0.408162 1.471784 -0.300000
v -0.394629 1.404563 -0.300000
v -0.386809 1.396264 -0.290000
v -0.390318 1.398078 -0.290000
v -0.393027 1.400953 -0.290000
v -0.394629 1.404563 -0.290000
v -0.394629 1.404563 -0.300000
v -0.393027 1.400953 -0.300000
v -0.390318 1.398078 -0.300000
v -0.386809 1.396264 -0.300000
v -0.300376 1.396264 -0.290000
v -0.386809 1.396264 -0.290000
v -0.386809 1.396264 -0.300000
v -0.300376 1.396264 -0.300000
v -0.298376 1.398264 -0.290000
v -0.298473 1.397646 -0.290000
v -0.298758 1.397088 -0.290000
v -0.299200 1.396646 -0.290000
v -0.299758 1.396362 -0.290000
v -0.300376 1.396264 -0.290000
v -0.300376 1.396264 -0.300000
v -0.299758 1.396362 -0.300000
v -0.299200 1.396646 -0.300000
v -0.298758 1.397088 -0.300000
v -0.298473 1.397646 -0.300000
v -0.298376 1.398264 -0.300000
v -0.298376 1.404196 -0.290000
v -0.298376 1.398264 -0.290000
v -0.298376 1.398264 -0.300000
v -0.298376 1.404196 -0.300000
v -0.053839 1.736166 -0.300000
v -0.053937 1.736784 -0.300000
v -0.054221 1.737342 -0.300000
v -0.054663 1.737784 -0.300000
v -0.055221 1.738068 -0.300000
v -0.055839 1.738166 -0.300000
v -0.381975 1.738166 -0.300000
v -0.382593 1.738068 -0.300000
v -0.383150 1.737784 -0.300000
v -0.383593 1.737342 -0.300000
v -0.383877 1.736784 -0.300000
v -0.383975 1.736166 -0.300000
v -0.383975 1.412476 -0.300000
v -0.383877 1.411858 -0.300000
v -0.383593 1.411300 -0.300000
v -0.383150 1.410858 -0.300000
v -0.382593 1.410574 -0.300000
v -0.381975 1.410476 -0.300000
v -0.055839 1.410476 -0.300000
v -0.055221 1.410574 -0.300000
v -0.054663 1.410858 -0.300000
v -0.054221 1.411300 -0.300000
v -0.053937 1.411858 -0.300000
v -0.053839 1.412476 -0.300000
v -0.298376 1.404196 -0.300000
v -0.298376 1.398264 -0.300000
v -0.298473 1.397646 -0.300000
v -0.298758 1.397088 -0.300000
v -0.299200 1.396646 -0.300000
v -0.299758 1.396362 -0.300000
v -0.300376 1.396264 -0.300000
v -0.386809 1.396264 -0.300000
v -0.390318 1.398078 -0.300000
v -0.393027 1.400953 -0.300000
v -0.394629 1.404563 -0.300000
v -0.408162 1.471784 -0.300000
v -0.414916 1.540021 -0.300000
v -0.414823 1.608590 -0.300000
v -0.407885 1.676808 -0.300000
v -0.394169 1.743992 -0.300000
v -0.392758 1.747435 -0.300000
v -0.390465 1.750365 -0.300000
v -0.387462 1.752562 -0.300000
v -0.383975 1.753860 -0.300000
v -0.053839 1.753860 -0.300000
v -0.050949 1.752724 -0.300000
v -0.048548 1.750754 -0.300000
v -0.046871 1.748140 -0.300000
v -0.034079 1.679592 -0.300000
v -0.027656 1.610157 -0.300000
v -0.027656 1.540426 -0.300000
v -0.034079 1.470991 -0.300000
v -0.046871 1.402442 -0.300000
v -0.048616 1.399732 -0.300000
v -0.050990 1.397551 -0.300000
v -0.053839 1.396043 -0.300000
v -0.141829 1.396043 -0.300000
v -0.142447 1.396141 -0.300000
v -0.143005 1.396425 -0.300000
v -0.143447 1.396868 -0.300000
v -0.143731 1.397425 -0.300000
v -0.143829 1.398043 -0.300000
v -0.143829 1.404196 -0.300000
v -0.143927 1.404814 -0.300000
v -0.144211 1.405371 -0.300000
v -0.144654 1.405814 -0.300000
v -0.145211 1.406098 -0.300000
v -0.145829 1.406196 -0.300000
v -0.296376 1.406196 -0.300000
v -0.296994 1.406098 -0.300000
v -0.297551 1.405814 -0.300000
v -0.297994 1.405371 -0.300000
v -0.298278 1.404814 -0.300000
v -0.293634 1.383218 -0.290000
v -0.293634 1.398334 -0.290000
v -0.293634 1.398334 -0.300000
v -0.293634 1.383218 -0.300000
v -0.291634 1.381218 -0.290000
v -0.292252 1.381316 -0.290000
v -0.292809 1.381600 -0.290000
v -0.293252 1.382043 -0.290000
v -0.293536 1.382600 -0.290000
v -0.293634 1.383218 -0.290000
v -0.293634 1.383218 -0.300000
v -0.293536 1.382600 -0.300000
v -0.293252 1.382043 -0.300000
v -0.292809 1.381600 -0.300000
v -0.292252 1.381316 -0.300000
v -0.291634 1.381218 -0.300000
v -0.151435 1.381218 -0.290000
v -0.291634 1.381218 -0.290000
v -0.291634 1.381218 -0.300000
v -0.151435 1.381218 -0.300000
v -0.149435 1.383218 -0.290000
v -0.149533 1.382600 -0.290000
v -0.149817 1.382043 -0.290000
v -0.150259 1.381600 -0.290000
v -0.150817 1.381316 -0.290000
v -0.151435 1.381218 -0.290000
v -0.151435 1.381218 -0.300000
v -0.150817 1.381316 -0.300000
v -0.150259 1.381600 -0.300000
v -0.149817 1.382043 -0.300000
v -0.149533 1.382600 -0.300000
v -0.149435 1.383218 -0.300000
v -0.149435 1.398334 -0.290000
v -0.149435 1.383218 -0.290000
v -0.149435 1.383218 -0.300000
v -0.149435 1.398334 -0.300000
v -0.151435 1.400334 -0.290000
v -0.150817 1.400236 -0.290000
v -0.150259 1.399952 -0.290000
v -0.149817 1.399509 -0.290000
v -0.149533 1.398952 -0.290000
v -0.149435 1.398334 -0.290000
v -0.149435 1.398334 -0.300000
v -0.149533 1.398952 -0.300000
v -0.149817 1.399509 -0.300000
v -0.150259 1.399952 -0.300000
v -0.150817 1.400236 -0.300000
v -0.151435 1.400334 -0.300000
v -0.291634 1.400334 -0.290000
v -0.151435 1.400334 -0.290000
v -0.151435 1.400334 -0.300000
v -0.291634 1.400334 -0.300000
v -0.293634 1.398334 -0.290000
v -0.293536 1.398952 -0.290000
v -0.293252 1.399509 -0.290000
v -0.292809 1.399952 -0.290000
v -0.292252 1.400236 -0.290000
v -0.291634 1.400334 -0.290000
v -0.291634 1.400334 -0.300000
v -0.292252 1.400236 -0.300000
v -0.292809 1.399952 -0.300000
v -0.293252 1.399509 -0.300000
v -0.293536 1.398952 -0.300000
v -0.293634 1.398334 -0.300000
v -0.293634 1.398334 -0.300000
v -0.293536 1.398952 -0.300000
v -0.293252 1.399509 -0.300000
v -0.292809 1.399952 -0.300000
v -0.292252 1.400236 -0.300000
v -0.291634 1.400334 -0.300000
v -0.151435 1.400334 -0.300000
v -0.150817 1.400236 -0.300000
v -0.150259 1.399952 -0.300000
v -0.149817 1.399509 -0.300000
v -0.149533 1.398952 -0.300000
v -0.149435 1.398334 -0.300000
v -0.149435 1.383218 -0.300000
v -0.149533 1.382600 -0.300000
v -0.149817 1.382043 -0.300000
v -0.150259 1.381600 -0.300000
v -0.150817 1.381316 -0.300000
v -0.151435 1.381218 -0.300000
v -0.291634 1.381218 -0.300000
v -0.292252 1.381316 -0.300000
v -0.292809 1.381600 -0.300000
v -0.293252 1.382043 -0.300000
v -0.293536 1.382600 -0.300000
v -0.293634 1.383218 -0.300000
v 0.384161 0.524166 0.289500
v 0.384161 0.524166 -0.300000
v 0.384161 0.200476 -0.300000
v 0.384161 0.200476 0.289500
v 0.384161 0.203264 0.289500
v 0.384161 0.203264 0.281500
v 0.384161 0.205264 0.281500
v 0.384161 0.205264 0.289500
v 0.384161 0.519356 0.289500
v 0.384161 0.519356 0.281500
v 0.384161 0.521356 0.281500
v 0.384161 0.521356 0.289500
v 0.384161 0.200476 0.289500
v 0.384161 0.200476 -0.300000
v 0.384063 0.199858 -0.300000
v 0.383779 0.199300 -0.300000
v 0.383337 0.198858 -0.300000
v 0.382779 0.198574 -0.300000
v 0.382161 0.198476 -0.300000
v 0.382161 0.198476 0.289500
v 0.382779 0.198574 0.289500
v 0.383337 0.198858 0.289500
v 0.383779 0.199300 0.289500
v 0.384063 0.199858 0.289500
v 0.382161 0.198476 0.289500
v 0.382161 0.198476 -0.300000
v 0.056025 0.198476 -0.300000
v 0.056025 0.198476 0.289500
v 0.056025 0.198476 0.289500
v 0.056025 0.198476 -0.300000
v 0.055407 0.198574 -0.300000
v 0.054850 0.198858 -0.300000
v 0.054407 0.199300 -0.300000
v 0.054123 0.199858 -0.300000
v 0.054025 0.200476 -0.300000
v 0.054025 0.200476 0.289500
v 0.054123 0.199858 0.289500
v 0.054407 0.199300 0.289500
v 0.054850 0.198858 0.289500
v 0.055407 0.198574 0.289500
v 0.054025 0.200476 0.289500
v 0.054025 0.200476 -0.300000
v 0.054025 0.524166 -0.300000
v 0.054025 0.524166 0.289500
v 0.054025 0.520964 0.289500
v 0.054025 0.520964 0.281500
v 0.054025 0.518964 0.281500
v 0.054025 0.518964 0.289500
v 0.054025 0.205869 0.289500
v 0.054025 0.205869 0.281500
v 0.054025 0.203869 0.281500
v 0.054025 0.203869 0.289500
v 0.054025 0.524166 0.289500
v 0.054025 0.524166 -0.300000
v 0.054123 0.524784 -0.300000
v 0.054407 0.525342 -0.300000
v 0.054850 0.525784 -0.300000
v 0.055407 0.526068 -0.300000
v 0.056025 0.526166 -0.300000
v 0.056025 0.526166 0.289500
v 0.055407 0.526068 0.289500
v 0.054850 0.525784 0.289500
v 0.054407 0.525342 0.289500
v 0.054123 0.524784 0.289500
v 0.056025 0.526166 0.289500
v 0.056025 0.526166 -0.300000
v 0.382161 0.526166 -0.300000
v 0.382161 0.526166 0.289500
v 0.382161 0.526166 0.289500
v 0.382161 0.526166 -0.300000
v 0.382779 0.526068 -0.300000
v 0.383337 0.525784 -0.300000
v 0.383779 0.525342 -0.300000
v 0.384063 0.524784 -0.300000
v 0.384161 0.524166 -0.300000
v 0.384161 0.524166 0.289500
v 0.384063 0.524784 0.289500
v 0.383779 0.525342 0.289500
v 0.383337 0.525784 0.289500
v 0.382779 0.526068 0.289500
v 0.141624 0.194196 -0.290000
v 0.141006 0.194098 -0.290000
v 0.140449 0.193814 -0.290000
v 0.140006 0.193371 -0.290000
v 0.139722 0.192814 -0.290000
v 0.139624 0.192196 -0.290000
v 0.139624 0.192196 -0.300000
v 0.139722 0.192814 -0.300000
v 0.140006 0.193371 -0.300000
v 0.140449 0.193814 -0.300000
v 0.141006 0.194098 -0.300000
v 0.141624 0.194196 -0.300000
v 0.292171 0.194196 -0.290000
v 0.141624 0.194196 -0.290000
v 0.141624 0.194196 -0.300000
v 0.292171 0.194196 -0.300000
v 0.294171 0.192196 -0.290000
v 0.294073 0.192814 -0.290000
v 0.293789 0.193371 -0.290000
v 0.293346 0.193814 -0.290000
v 0.292789 0.194098 -0.290000
v 0.292171 0.194196 -0.290000
v 0.292171 0.194196 -0.300000
v 0.292789 0.194098 -0.300000
v 0.293346 0.193814 -0.300000
v 0.293789 0.193371 -0.300000
v 0.294073 0.192814 -0.300000
v 0.294171 0.192196 -0.300000
v 0.294171 0.186043 -0.290000
v 0.294171 0.192196 -0.290000
v 0.294171 0.192196 -0.300000
v 0.294171 0.186043 -0.300000
v 0.296171 0.184043 -0.290000
v 0.295553 0.184141 -0.290000
v 0.294995 0.184425 -0.290000
v 0.294553 0.184868 -0.290000
v 0.294269 0.185425 -0.290000
v 0.294171 0.186043 -0.290000
v 0.294171 0.186043 -0.300000
v 0.294269 0.185425 -0.300000
v 0.294553 0.184868 -0.300000
v 0.294995 0.184425 -0.300000
v 0.295553 0.184141 -0.300000
v 0.296171 0.184043 -0.300000
v 0.384161 0.184043 -0.290000
v 0.296171 0.184043 -0.290000
v 0.296171 0.184043 -0.300000
v 0.384161 0.184043 -0.300000
v 0.391129 0.190442 -0.290000
v 0.389384 0.187732 -0.290000
v 0.387010 0.185551 -0.290000
v 0.384161 0.184043 -0.290000
v 0.384161 0.184043 -0.300000
v 0.387010 0.185551 -0.300000
v 0.389384 0.187732 -0.300000
v 0.391129 0.190442 -0.300000
v 0.391129 0.536140 -0.290000
v 0.403921 0.467592 -0.290000
v 0.410344 0.398157 -0.290000
v 0.410344 0.328425 -0.290000
v 0.403921 0.258990 -0.290000
v 0.391129 0.190442 -0.290000
v 0.391129 0.190442 -0.300000
v 0.403921 0.258990 -0.300000
v 0.410344 0.328425 -0.300000
v 0.410344 0.398157 -0.300000
v 0.403921 0.467592 -0.300000
v 0.391129 0.536140 -0.300000
v 0.384161 0.541860 -0.290000
v 0.387051 0.540724 -0.290000
v 0.389452 0.538754 -0.290000
v 0.391129 0.536140 -0.290000
v 0.391129 0.536140 -0.300000
v 0.389452 0.538754 -0.300000
v 0.387051 0.540724 -0.300000
v 0.384161 0.541860 -0.300000
v 0.054025 0.541860 -0.290000
v 0.384161 0.541860 -0.290000
v 0.384161 0.541860 -0.300000
v 0.054025 0.541860 -0.300000
v 0.043831 0.531992 -0.290000
v 0.045242 0.535435 -0.290000
v 0.047535 0.538365 -0.290000
v 0.050538 0.540562 -0.290000
v 0.054025 0.541860 -0.290000
v 0.054025 0.541860 -0.300000
v 0.050538 0.540562 -0.300000
v 0.047535 0.538365 -0.300000
v 0.045242 0.535435 -0.300000
v 0.043831 0.531992 -0.300000
v 0.043371 0.192563 -0.290000
v 0.029838 0.259784 -0.290000
v 0.023084 0.328020 -0.290000
v 0.023177 0.396590 -0.290000
v 0.030115 0.464808 -0.290000
v 0.043831 0.531992 -0.290000
v 0.043831 0.531992 -0.300000
v 0.030115 0.464808 -0.300000
v 0.023177 0.396590 -0.300000
v 0.023084 0.328020 -0.300000
v 0.029838 0.259784 -0.300000
v 0.043371 0.192563 -0.300000
v 0.051191 0.184264 -0.290000
v 0.047682 0.186078 -0.290000
v 0.044974 0.188953 -0.290000
v 0.043371 0.192563 -0.290000
v 0.043371 0.192563 -0.300000
v 0.044974 0.188953 -0.300000
v 0.047682 0.186078 -0.300000
v 0.051191 0.184264 -0.300000
v 0.137624 0.184264 -0.290000
v 0.051191 0.184264 -0.290000
v 0.051191 0.184264 -0.300000
v 0.137624 0.184264 -0.300000
v 0.139624 0.186264 -0.290000
v 0.139527 0.185646 -0.290000
v 0.139242 0.185088 -0.290000
v 0.138800 0.184646 -0.290000
v 0.138242 0.184362 -0.290000
v 0.137624 0.184264 -0.290000
v 0.137624 0.184264 -0.300000
v 0.138242 0.184362 -0.300000
v 0.138800 0.184646 -0.300000
v 0.139242 0.185088 -0.300000
v 0.139527 0.185646 -0.300000
v 0.139624 0.186264 -0.300000
v 0.139624 0.192196 -0.290000
v 0.139624 0.186264 -0.290000
v 0.139624 0.186264 -0.300000
v 0.139624 0.192196 -0.300000
v 0.384161 0.524166 -0.300000
v 0.384063 0.524784 -0.300000
v 0.383779 0.525342 -0.300000
v 0.383337 0.525784 -0.300000
v 0.382779 0.526068 -0.300000
v 0.382161 0.526166 -0.300000
v 0.056025 0.526166 -0.300000
v 0.055407 0.526068 -0.300000
v 0.054850 0.525784 -0.300000
v 0.054407 0.525342 -0.300000
v 0.054123 0.524784 -0.300000
v 0.054025 0.524166 -0.300000
v 0.054025 0.200476 -0.300000
v 0.054123 0.199858 -0.300000
v 0.054407 0.199300 -0.300000
v 0.054850 0.198858 -0.300000
v 0.055407 0.198574 -0.300000
v 0.056025 0.198476 -0.300000
v 0.382161 0.198476 -0.300000
v 0.382779 0.198574 -0.300000
v 0.383337 0.198858 -0.300000
v 0.383779 0.199300 -0.300000
v 0.384063 0.199858 -0.300000
v 0.384161 0.200476 -0.300000
v 0.139624 0.192196 -0.300000
v 0.139624 0.186264 -0.300000
v 0.139527 0.185646 -0.300000
v 0.139242 0.185088 -0.300000
v 0.138800 0.184646 -0.300000
v 0.138242 0.184362 -0.300000
v 0.137624 0.184264 -0.300000
v 0.051191 0.184264 -0.300000
v 0.047682 0.186078 -0.300000
v 0.044974 0.188953 -0.300000
v 0.043371 0.192563 -0.300000
v 0.029838 0.259784 -0.300000
v 0.023084 0.328020 -0.300000
v 0.023177 0.396590 -0.300000
v 0.030115 0.464808 -0.300000
v 0.043831 0.531992 -0.300000
v 0.045242 0.535435 -0.300000
v 0.047535 0.538365 -0.300000
v 0.050538 0.540562 -0.300000
v 0.054025 0.541860 -0.300000
v 0.384161 0.541860 -0.300000
v 0.387051 0.540724 -0.300000
v 0.389452 0.538754 -0.300000
v 0.391129 0.536140 -0.300000
v 0.403921 0.467592 -0.300000
v 0.410344 0.398157 -0.300000
v 0.410344 0.328425 -0.300000
v 0.403921 0.258990 -0.300000
v 0.391129 0.190442 -0.300000
v 0.389384 0.187732 -0.300000
v 0.387010 0.185551 -0.300000
v 0.384161 0.184043 -0.300000
v 0.296171 0.184043 -0.300000
v 0.295553 0.184141 -0.300000
v 0.294995 0.184425 -0.300000
v 0.294553 0.184868 -0.300000
v 0.294269 0.185425 -0.300000
v 0.294171 0.186043 -0.300000
v 0.294171 0.192196 -0.300000
v 0.294073 0.192814 -0.300000
v 0.293789 0.193371 -0.300000
v 0.293346 0.193814 -0.300000
v 0.292789 0.194098 -0.300000
v 0.292171 0.194196 -0.300000
v 0.141624 0.194196 -0.300000
v 0.141006 0.194098 -0.300000
v 0.140449 0.193814 -0.300000
v 0.140006 0.193371 -0.300000
v 0.139722 0.192814 -0.300000
v 0.144366 0.171218 -0.290000
v 0.144366 0.186333 -0.290000
v 0.144366 0.186333 -0.300000
v 0.144366 0.171218 -0.300000
v 0.146366 0.169218 -0.290000
v 0.145748 0.169316 -0.290000
v 0.145191 0.169600 -0.290000
v 0.144748 0.170043 -0.290000
v 0.144464 0.170600 -0.290000
v 0.144366 0.171218 -0.290000
v 0.144366 0.171218 -0.300000
v 0.144464 0.170600 -0.300000
v 0.144748 0.170043 -0.300000
v 0.145191 0.169600 -0.300000
v 0.145748 0.169316 -0.300000
v 0.146366 0.169218 -0.300000
v 0.286565 0.169218 -0.290000
v 0.146366 0.169218 -0.290000
v 0.146366 0.169218 -0.300000
v 0.286565 0.169218 -0.300000
v 0.288565 0.171218 -0.290000
v 0.288467 0.170600 -0.290000
v 0.288183 0.170043 -0.290000
v 0.287741 0.169600 -0.290000
v 0.287183 0.169316 -0.290000
v 0.286565 0.169218 -0.290000
v 0.286565 0.169218 -0.300000
v 0.287183 0.169316 -0.300000
v 0.287741 0.169600 -0.300000
v 0.288183 0.170043 -0.300000
v 0.288467 0.170600 -0.300000
v 0.288565 0.171218 -0.300000
v 0.288565 0.186333 -0.290000
v 0.288565 0.171218 -0.290000
v 0.288565 0.171218 -0.300000
v 0.288565 0.186333 -0.300000
v 0.286565 0.188333 -0.290000
v 0.287183 0.188236 -0.290000
v 0.287741 0.187952 -0.290000
v 0.288183 0.187509 -0.290000
v 0.288467 0.186952 -0.290000
v 0.288565 0.186333 -0.290000
v 0.288565 0.186333 -0.300000
v 0.288467 0.186952 -0.300000
v 0.288183 0.187509 -0.300000
v 0.287741 0.187952 -0.300000
v 0.287183 0.188236 -0.300000
v 0.286565 0.188333 -0.300000
v 0.146366 0.188333 -0.290000
v 0.286565 0.188333 -0.290000
v 0.286565 0.188333 -0.300000
v 0.146366 0.188333 -0.300000
v 0.144366 0.186333 -0.290000
v 0.144464 0.186952 -0.290000
v 0.144748 0.187509 -0.290000
v 0.145191 0.187952 -0.290000
v 0.145748 0.188236 -0.290000
v 0.146366 0.188333 -0.290000
v 0.146366 0.188333 -0.300000
v 0.145748 0.188236 -0.300000
v 0.145191 0.187952 -0.300000
v 0.144748 0.187509 -0.300000
v 0.144464 0.186952 -0.300000
v 0.144366 0.186333 -0.300000
v 0.144366 0.186333 -0.300000
v 0.144464 0.186952 -0.300000
v 0.144748 0.187509 -0.300000
v 0.145191 0.187952 -0.300000
v 0.145748 0.188236 -0.300000
v 0.146366 0.188333 -0.300000
v 0.286565 0.188333 -0.300000
v 0.287183 0.188236 -0.300000
v 0.287741 0.187952 -0.300000
v 0.288183 0.187509 -0.300000
v 0.288467 0.186952 -0.300000
v 0.288565 0.186333 -0.300000
v 0.288565 0.171218 -0.300000
v 0.288467 0.170600 -0.300000
v 0.288183 0.170043 -0.300000
v 0.287741 0.169600 -0.300000
v 0.287183 0.169316 -0.300000
v 0.286565 0.169218 -0.300000
v 0.146366 0.169218 -0.300000
v 0.145748 0.169316 -0.300000
v 0.145191 0.169600 -0.300000
v 0.144748 0.170043 -0.300000
v 0.144464 0.170600 -0.300000
v 0.144366 0.171218 -0.300000
v 0.384161 0.928166 0.289500
v 0.384161 0.928166 -0.300000
v 0.384161 0.604476 -0.300000
v 0.384161 0.604476 0.289500
v 0.384161 0.605597 0.289500
v 0.384161 0.605597 0.281500
v 0.384161 0.607597 0.281500
v 0.384161 0.607597 0.289500
v 0.384161 0.921689 0.289500
v 0.384161 0.921689 0.281500
v 0.384161 0.923689 0.281500
v 0.384161 0.923689 0.289500
v 0.384161 0.604476 0.289500
v 0.384161 0.604476 -0.300000
v 0.384063 0.603858 -0.300000
v 0.383779 0.603300 -0.300000
v 0.383337 0.602858 -0.300000
v 0.382779 0.602574 -0.300000
v 0.382161 0.602476 -0.300000
v 0.382161 0.602476 0.289500
v 0.382779 0.602574 0.289500
v 0.383337 0.602858 0.289500
v 0.383779 0.603300 0.289500
v 0.384063 0.603858 0.289500
v 0.382161 0.602476 0.289500
v 0.382161 0.602476 -0.300000
v 0.056025 0.602476 -0.300000
v 0.056025 0.602476 0.289500
v 0.066241 0.602476 0.289500
v 0.066241 0.602476 0.281500
v 0.377885 0.602476 0.281500
v 0.377885 0.602476 0.289500
v 0.056025 0.602476 0.289500
v 0.056025 0.602476 -0.300000
v 0.055407 0.602574 -0.300000
v 0.054850 0.602858 -0.300000
v 0.054407 0.603300 -0.300000
v 0.054123 0.603858 -0.300000
v 0.054025 0.604476 -0.300000
v 0.054025 0.604476 0.289500
v 0.054123 0.603858 0.289500
v 0.054407 0.603300 0.289500
v 0.054850 0.602858 0.289500
v 0.055407 0.602574 0.289500
v 0.054025 0.604476 0.289500
v 0.054025 0.604476 -0.300000
v 0.054025 0.928166 -0.300000
v 0.054025 0.928166 0.289500
v 0.054025 0.923298 0.289500
v 0.054025 0.923298 0.281500
v 0.054025 0.921298 0.281500
v 0.054025 0.921298 0.289500
v 0.054025 0.608202 0.289500
v 0.054025 0.608202 0.281500
v 0.054025 0.606202 0.281500
v 0.054025 0.606202 0.289500
v 0.054025 0.928166 0.289500
v 0.054025 0.928166 -0.300000
v 0.054123 0.928784 -0.300000
v 0.054407 0.929342 -0.300000
v 0.054850 0.929784 -0.300000
v 0.055407 0.930068 -0.300000
v 0.056025 0.930166 -0.300000
v 0.056025 0.930166 0.289500
v 0.055407 0.930068 0.289500
v 0.054850 0.929784 0.289500
v 0.054407 0.929342 0.289500
v 0.054123 0.928784 0.289500
v 0.056025 0.930166 0.289500
v 0.056025 0.930166 -0.300000
v 0.382161 0.930166 -0.300000
v 0.382161 0.930166 0.289500
v 0.382161 0.930166 0.289500
v 0.382161 0.930166 -0.300000
v 0.382779 0.930068 -0.300000
v 0.383337 0.929784 -0.300000
v 0.383779 0.929342 -0.300000
v 0.384063 0.928784 -0.300000
v 0.384161 0.928166 -0.300000
v 0.384161 0.928166 0.289500
v 0.384063 0.928784 0.289500
v 0.383779 0.929342 0.289500
v 0.383337 0.929784 0.289500
v 0.382779 0.930068 0.289500
v 0.141624 0.598196 -0.290000
v 0.141006 0.598098 -0.290000
v 0.140449 0.597814 -0.290000
v 0.140006 0.597371 -0.290000
v 0.139722 0.596814 -0.290000
v 0.139624 0.596196 -0.290000
v 0.139624 0.596196 -0.300000
v 0.139722 0.596814 -0.300000
v 0.140006 0.597371 -0.300000
v 0.140449 0.597814 -0.300000
v 0.141006 0.598098 -0.300000
v 0.141624 0.598196 -0.300000
v 0.292171 0.598196 -0.290000
v 0.141624 0.598196 -0.290000
v 0.141624 0.598196 -0.300000
v 0.292171 0.598196 -0.300000
v 0.294171 0.596196 -0.290000
v 0.294073 0.596814 -0.290000
v 0.293789 0.597371 -0.290000
v 0.293346 0.597814 -0.290000
v 0.292789 0.598098 -0.290000
v 0.292171 0.598196 -0.290000
v 0.292171 0.598196 -0.300000
v 0.292789 0.598098 -0.300000
v 0.293346 0.597814 -0.300000
v 0.293789 0.597371 -0.300000
v 0.294073 0.596814 -0.300000
v 0.294171 0.596196 -0.300000
v 0.294171 0.590043 -0.290000
v 0.294171 0.596196 -0.290000
v 0.294171 0.596196 -0.300000
v 0.294171 0.590043 -0.300000
v 0.296171 0.588043 -0.290000
v 0.295553 0.588141 -0.290000
v 0.294995 0.588425 -0.290000
v 0.294553 0.588868 -0.290000
v 0.294269 0.589425 -0.290000
v 0.294171 0.590043 -0.290000
v 0.294171 0.590043 -0.300000
v 0.294269 0.589425 -0.300000
v 0.294553 0.588868 -0.300000
v 0.294995 0.588425 -0.300000
v 0.295553 0.588141 -0.300000
v 0.296171 0.588043 -0.300000
v 0.384161 0.588043 -0.290000
v 0.296171 0.588043 -0.290000
v 0.296171 0.588043 -0.300000
v 0.384161 0.588043 -0.300000
v 0.391129 0.594442 -0.290000
v 0.389384 0.591732 -0.290000
v 0.387010 0.589551 -0.290000
v 0.384161 0.588043 -0.290000
v 0.384161 0.588043 -0.300000
v 0.387010 0.589551 -0.300000
v 0.389384 0.591732 -0.300000
v 0.391129 0.594442 -0.300000
v 0.391129 0.940140 -0.290000
v 0.403921 0.871592 -0.290000
v 0.410344 0.802157 -0.290000
v 0.410344 0.732425 -0.290000
v 0.403921 0.662990 -0.290000
v 0.391129 0.594442 -0.290000
v 0.391129 0.594442 -0.300000
v 0.403921 0.662990 -0.300000
v 0.410344 0.732425 -0.300000
v 0.410344 0.802157 -0.300000
v 0.403921 0.871592 -0.300000
v 0.391129 0.940140 -0.300000
v 0.384161 0.945860 -0.290000
v 0.387051 0.944724 -0.290000
v 0.389452 0.942754 -0.290000
v 0.391129 0.940140 -0.290000
v 0.391129 0.940140 -0.300000
v 0.389452 0.942754 -0.300000
v 0.387051 0.944724 -0.300000
v 0.384161 0.945860 -0.300000
v 0.054025 0.945860 -0.290000
v 0.384161 0.945860 -0.290000
v 0.384161 0.945860 -0.300000
v 0.054025 0.945860 -0.300000
v 0.043831 0.935992 -0.290000
v 0.045242 0.939435 -0.290000
v 0.047535 0.942365 -0.290000
v 0.050538 0.944562 -0.290000
v 0.054025 0.945860 -0.290000
v 0.054025 0.945860 -0.300000
v 0.050538 0.944562 -0.300000
v 0.047535 0.942365 -0.300000
v 0.045242 0.939435 -0.300000
v 0.043831 0.935992 -0.300000
v 0.043371 0.596563 -0.290000
v 0.029838 0.663784 -0.290000
v 0.023084 0.732020 -0.290000
v 0.023177 0.800590 -0.290000
v 0.030115 0.868808 -0.290000
v 0.043831 0.935992 -0.290000
v 0.043831 0.935992 -0.300000
v 0.030115 0.868808 -0.300000
v 0.023177 0.800590 -0.300000
v 0.023084 0.732020 -0.300000
v 0.029838 0.663784 -0.300000
v 0.043371 0.596563 -0.300000
v 0.051191 0.588264 -0.290000
v 0.047682 0.590078 -0.290000
v 0.044974 0.592953 -0.290000
v 0.043371 0.596563 -0.290000
v 0.043371 0.596563 -0.300000
v 0.044974 0.592953 -0.300000
v 0.047682 0.590078 -0.300000
v 0.051191 0.588264 -0.300000
v 0.137624 0.588264 -0.290000
v 0.051191 0.588264 -0.290000
v 0.051191 0.588264 -0.300000
v 0.137624 0.588264 -0.300000
v 0.139624 0.590264 -0.290000
v 0.139527 0.589646 -0.290000
v 0.139242 0.589088 -0.290000
v 0.138800 0.588646 -0.290000
v 0.138242 0.588362 -0.290000
v 0.137624 0.588264 -0.290000
v 0.137624 0.588264 -0.300000
v 0.138242 0.588362 -0.300000
v 0.138800 0.588646 -0.300000
v 0.139242 0.589088 -0.300000
v 0.139527 0.589646 -0.300000
v 0.139624 0.590264 -0.300000
v 0.139624 0.596196 -0.290000
v 0.139624 0.590264 -0.290000
v 0.139624 0.590264 -0.300000
v 0.139624 0.596196 -0.300000
v 0.384161 0.928166 -0.300000
v 0.384063 0.928784 -0.300000
v 0.383779 0.929342 -0.300000
v 0.383337 0.929784 -0.300000
v 0.382779 0.930068 -0.300000
v 0.382161 0.930166 -0.300000
v 0.056025 0.930166 -0.300000
v 0.055407 0.930068 -0.300000
v 0.054850 0.929784 -0.300000
v 0.054407 0.929342 -0.300000
v 0.054123 0.928784 -0.300000
v 0.054025 0.928166 -0.300000
v 0.054025 0.604476 -0.300000
v 0.054123 0.603858 -0.300000
v 0.054407 0.603300 -0.300000
v 0.054850 0.602858 -0.300000
v 0.055407 0.602574 -0.300000
v 0.056025 0.602476 -0.300000
v 0.382161 0.602476 -0.300000
v 0.382779 0.602574 -0.300000
v 0.383337 0.602858 -0.300000
v 0.383779 0.603300 -0.300000
v 0.384063 0.603858 -0.300000
v 0.384161 0.604476 -0.300000
v 0.139624 0.596196 -0.300000
v 0.139624 0.590264 -0.300000
v 0.139527 0.589646 -0.300000
v 0.139242 0.589088 -0.300000
v 0.138800 0.588646 -0.300000
v 0.138242 0.588362 -0.300000
v 0.137624 0.588264 -0.300000
v 0.051191 0.588264 -0.300000
v 0.047682 0.590078 -0.300000
v 0.044974 0.592953 -0.300000
v 0.043371 0.596563 -0.300000
v 0.029838 0.663784 -0.300000
v 0.023084 0.732020 -0.300000
v 0.023177 0.800590 -0.300000
v 0.030115 0.868808 -0.300000
v 0.043831 0.935992 -0.300000
v 0.045242 0.939435 -0.300000
v 0.047535 0.942365 -0.300000
v 0.050538 0.944562 -0.300000
v 0.054025 0.945860 -0.300000
v 0.384161 0.945860 -0.300000
v 0.387051 0.944724 -0.300000
v 0.389452 0.942754 -0.300000
v 0.391129 0.940140 -0.300000
v 0.403921 0.871592 -0.300000
v 0.410344 0.802157 -0.300000
v 0.410344 0.732425 -0.300000
v 0.403921 0.662990 -0.300000
v 0.391129 0.594442 -0.300000
v 0.389384 0.591732 -0.300000
v 0.387010 0.589551 -0.300000
v 0.384161 0.588043 -0.300000
v 0.296171 0.588043 -0.300000
v 0.295553 0.588141 -0.300000
v 0.294995 0.588425 -0.300000
v 0.294553 0.588868 -0.300000
v 0.294269 0.589425 -0.300000
v 0.294171 0.590043 -0.300000
v 0.294171 0.596196 -0.300000
v 0.294073 0.596814 -0.300000
v 0.293789 0.597371 -0.300000
v 0.293346 0.597814 -0.300000
v 0.292789 0.598098 -0.300000
v 0.292171 0.598196 -0.300000
v 0.141624 0.598196 -0.300000
v 0.141006 0.598098 -0.300000
v 0.140449 0.597814 -0.300000
v 0.140006 0.597371 -0.300000
v 0.139722 0.596814 -0.300000
v 0.144366 0.575218 -0.290000
v 0.144366 0.590333 -0.290000
v 0.144366 0.590333 -0.300000
v 0.144366 0.575218 -0.300000
v 0.146366 0.573218 -0.290000
v 0.145748 0.573316 -0.290000
v 0.145191 0.573600 -0.290000
v 0.144748 0.574043 -0.290000
v 0.144464 0.574600 -0.290000
v 0.144366 0.575218 -0.290000
v 0.144366 0.575218 -0.300000
v 0.144464 0.574600 -0.300000
v 0.144748 0.574043 -0.300000
v 0.145191 0.573600 -0.300000
v 0.145748 0.573316 -0.300000
v 0.146366 0.573218 -0.300000
v 0.286565 0.573218 -0.290000
v 0.146366 0.573218 -0.290000
v 0.146366 0.573218 -0.300000
v 0.286565 0.573218 -0.300000
v 0.288565 0.575218 -0.290000
v 0.288467 0.574600 -0.290000
v 0.288183 0.574043 -0.290000
v 0.287741 0.573600 -0.290000
v 0.287183 0.573316 -0.290000
v 0.286565 0.573218 -0.290000
v 0.286565 0.573218 -0.300000
v 0.287183 0.573316 -0.300000
v 0.287741 0.573600 -0.300000
v 0.288183 0.574043 -0.300000
v 0.288467 0.574600 -0.300000
v 0.288565 0.575218 -0.300000
v 0.288565 0.590333 -0.290000
v 0.288565 0.575218 -0.290000
v 0.288565 0.575218 -0.300000
v 0.288565 0.590333 -0.300000
v 0.286565 0.592333 -0.290000
v 0.287183 0.592236 -0.290000
v 0.287741 0.591952 -0.290000
v 0.288183 0.591509 -0.290000
v 0.288467 0.590952 -0.290000
v 0.288565 0.590333 -0.290000
v 0.288565 0.590333 -0.300000
v 0.288467 0.590952 -0.300000
v 0.288183 0.591509 -0.300000
v 0.287741 0.591952 -0.300000
v 0.287183 0.592236 -0.300000
v 0.286565 0.592333 -0.300000
v 0.146366 0.592333 -0.290000
v 0.286565 0.592333 -0.290000
v 0.286565 0.592333 -0.300000
v 0.146366 0.592333 -0.300000
v 0.144366 0.590333 -0.290000
v 0.144464 0.590952 -0.290000
v 0.144748 0.591509 -0.290000
v 0.145191 0.591952 -0.290000
v 0.145748 0.592236 -0.290000
v 0.146366 0.592333 -0.290000
v 0.146366 0.592333 -0.300000
v 0.145748 0.592236 -0.300000
v 0.145191 0.591952 -0.300000
v 0.144748 0.591509 -0.300000
v 0.144464 0.590952 -0.300000
v 0.144366 0.590333 -0.300000
v 0.144366 0.590333 -0.300000
v 0.144464 0.590952 -0.300000
v 0.144748 0.591509 -0.300000
v 0.145191 0.591952 -0.300000
v 0.145748 0.592236 -0.300000
v 0.146366 0.592333 -0.300000
v 0.286565 0.592333 -0.300000
v 0.287183 0.592236 -0.300000
v 0.287741 0.591952 -0.300000
v 0.288183 0.591509 -0.300000
v 0.288467 0.590952 -0.300000
v 0.288565 0.590333 -0.300000
v 0.288565 0.575218 -0.300000
v 0.288467 0.574600 -0.300000
v 0.288183 0.574043 -0.300000
v 0.287741 0.573600 -0.300000
v 0.287183 0.573316 -0.300000
v 0.286565 0.573218 -0.300000
v 0.146366 0.573218 -0.300000
v 0.145748 0.573316 -0.300000
v 0.145191 0.573600 -0.300000
v 0.144748 0.574043 -0.300000
v 0.144464 0.574600 -0.300000
v 0.144366 0.575218 -0.300000
v 0.065190 1.412869 0.289500
v 0.054025 1.412869 0.289500
v 0.054025 1.725964 0.289500
v 0.065190 1.725964 0.289500
v 0.384161 1.728356 0.289500
v 0.378937 1.728356 0.289500
v 0.378937 1.729164 0.289500
v 0.378741 1.730400 0.289500
v 0.378173 1.731515 0.289500
v 0.377288 1.732400 0.289500
v 0.376173 1.732968 0.289500
v 0.374937 1.733164 0.289500
v 0.069190 1.733164 0.289500
v 0.067954 1.732968 0.289500
v 0.066839 1.732400 0.289500
v 0.065954 1.731515 0.289500
v 0.065385 1.730400 0.289500
v 0.065190 1.729164 0.289500
v 0.065190 1.727964 0.289500
v 0.054025 1.727964 0.289500
v 0.054025 1.736166 0.289500
v 0.054123 1.736784 0.289500
v 0.054407 1.737342 0.289500
v 0.054850 1.737784 0.289500
v 0.055407 1.738068 0.289500
v 0.056025 1.738166 0.289500
v 0.382161 1.738166 0.289500
v 0.382779 1.738068 0.289500
v 0.383337 1.737784 0.289500
v 0.383779 1.737342 0.289500
v 0.384063 1.736784 0.289500
v 0.384161 1.736166 0.289500
v 0.065190 1.410869 0.289500
v 0.065190 1.410476 0.289500
v 0.056025 1.410476 0.289500
v 0.055603 1.410521 0.289500
v 0.055200 1.410654 0.289500
v 0.054834 1.410869 0.289500
v 0.384150 1.412264 0.289500
v 0.378937 1.412264 0.289500
v 0.378937 1.726356 0.289500
v 0.384161 1.726356 0.289500
v 0.384161 1.412476 0.289500
v 0.384160 1.412405 0.289500
v 0.384156 1.412334 0.289500
v 0.067190 1.410476 0.289500
v 0.067190 1.729164 0.289500
v 0.067288 1.729782 0.289500
v 0.067572 1.730339 0.289500
v 0.068014 1.730782 0.289500
v 0.068572 1.731066 0.289500
v 0.069190 1.731164 0.289500
v 0.374937 1.731164 0.289500
v 0.375555 1.731066 0.289500
v 0.376112 1.730782 0.289500
v 0.376555 1.730339 0.289500
v 0.376839 1.729782 0.289500
v 0.376937 1.729164 0.289500
v 0.376937 1.611038 0.289500
v 0.366610 1.595248 0.289500
v 0.361222 1.577166 0.289500
v 0.361222 1.558298 0.289500
v 0.366610 1.540216 0.289500
v 0.376937 1.524426 0.289500
v 0.376937 1.410476 0.289500
v 0.067190 1.729164 0.289500
v 0.067190 1.410476 0.289500
v 0.067190 1.410476 0.281500
v 0.067190 1.409845 0.281500
v 0.067190 1.409845 0.291500
v 0.067190 1.729164 0.291500
v 0.065190 1.410476 0.281500
v 0.065190 1.410476 0.289500
v 0.065190 1.410869 0.289500
v 0.065190 1.410869 0.291500
v 0.065190 1.409845 0.291500
v 0.065190 1.409845 0.281500
v 0.065190 1.410869 0.289500
v 0.054834 1.410869 0.289500
v 0.054834 1.410869 0.281500
v 0.046641 1.410869 0.281500
v 0.046641 1.410869 0.291500
v 0.065190 1.410869 0.291500
v 0.054025 1.412869 0.281500
v 0.054025 1.412869 0.289500
v 0.065190 1.412869 0.289500
v 0.065190 1.412869 0.293500
v 0.046641 1.412869 0.293500
v 0.046641 1.412869 0.281500
v 0.065190 1.412869 0.289500
v 0.065190 1.725964 0.289500
v 0.065190 1.725964 0.293500
v 0.065190 1.412869 0.293500
v 0.065190 1.725964 0.289500
v 0.054025 1.725964 0.289500
v 0.054025 1.725964 0.281500
v 0.046641 1.725964 0.281500
v 0.046641 1.725964 0.293500
v 0.065190 1.725964 0.293500
v 0.054834 1.410869 0.281500
v 0.054400 1.411311 0.281500
v 0.054121 1.411864 0.281500
v 0.054025 1.412476 0.281500
v 0.054025 1.412869 0.281500
v 0.046641 1.412869 0.281500
v 0.046023 1.412967 0.281500
v 0.045465 1.413251 0.281500
v 0.045023 1.413694 0.281500
v 0.044739 1.414251 0.281500
v 0.044641 1.414869 0.281500
v 0.044641 1.723964 0.281500
v 0.044739 1.724582 0.281500
v 0.045023 1.725140 0.281500
v 0.045465 1.725582 0.281500
v 0.046023 1.725867 0.281500
v 0.046641 1.725964 0.281500
v 0.054025 1.725964 0.281500
v 0.054025 1.727964 0.281500
v 0.046641 1.727964 0.281500
v 0.045405 1.727769 0.281500
v 0.044290 1.727200 0.281500
v 0.043405 1.726316 0.281500
v 0.042837 1.725200 0.281500
v 0.042641 1.723964 0.281500
v 0.042641 1.414869 0.281500
v 0.042837 1.413633 0.281500
v 0.043405 1.412518 0.281500
v 0.044290 1.411633 0.281500
v 0.045405 1.411065 0.281500
v 0.046641 1.410869 0.281500
v 0.067190 1.410476 0.281500
v 0.065190 1.410476 0.281500
v 0.065190 1.409845 0.281500
v 0.065385 1.408609 0.281500
v 0.065954 1.407494 0.281500
v 0.066839 1.406609 0.281500
v 0.067954 1.406041 0.281500
v 0.069190 1.405845 0.281500
v 0.374937 1.405845 0.281500
v 0.376173 1.406041 0.281500
v 0.377288 1.406609 0.281500
v 0.378173 1.407494 0.281500
v 0.378741 1.408609 0.281500
v 0.378937 1.409845 0.281500
v 0.378937 1.410264 0.281500
v 0.392158 1.410264 0.281500
v 0.393493 1.410493 0.281500
v 0.394675 1.411155 0.281500
v 0.395568 1.412173 0.281500
v 0.396071 1.413431 0.281500
v 0.408324 1.490962 0.281500
v 0.412308 1.569355 0.281500
v 0.407977 1.647729 0.281500
v 0.395381 1.725206 0.281500
v 0.394875 1.726458 0.281500
v 0.393982 1.727470 0.281500
v 0.392803 1.728128 0.281500
v 0.391472 1.728356 0.281500
v 0.384161 1.728356 0.281500
v 0.384161 1.726356 0.281500
v 0.391472 1.726356 0.281500
v 0.392137 1.726242 0.281500
v 0.392727 1.725913 0.281500
v 0.393174 1.725407 0.281500
v 0.393426 1.724781 0.281500
v 0.405989 1.647513 0.281500
v 0.410308 1.569351 0.281500
v 0.406335 1.491170 0.281500
v 0.394114 1.413847 0.281500
v 0.393863 1.413218 0.281500
v 0.393417 1.412709 0.281500
v 0.392826 1.412378 0.281500
v 0.392158 1.412264 0.281500
v 0.384150 1.412264 0.281500
v 0.384004 1.411699 0.281500
v 0.383701 1.411199 0.281500
v 0.383267 1.410809 0.281500
v 0.382739 1.410561 0.281500
v 0.382161 1.410476 0.281500
v 0.376937 1.410476 0.281500
v 0.376937 1.409845 0.281500
v 0.376839 1.409227 0.281500
v 0.376555 1.408670 0.281500
v 0.376112 1.408227 0.281500
v 0.375555 1.407943 0.281500
v 0.374937 1.407845 0.281500
v 0.069190 1.407845 0.281500
v 0.068572 1.407943 0.281500
v 0.068014 1.408227 0.281500
v 0.067572 1.408670 0.281500
v 0.067288 1.409227 0.281500
v 0.067190 1.409845 0.281500
v 0.054025 1.727964 0.281500
v 0.054025 1.727964 0.289500
v 0.065190 1.727964 0.289500
v 0.065190 1.727964 0.291500
v 0.046641 1.727964 0.291500
v 0.046641 1.727964 0.281500
v 0.065190 1.727964 0.289500
v 0.065190 1.729164 0.289500
v 0.065190 1.729164 0.291500
v 0.065190 1.727964 0.291500
v 0.065190 1.729164 0.289500
v 0.065385 1.730400 0.289500
v 0.065954 1.731515 0.289500
v 0.066839 1.732400 0.289500
v 0.067954 1.732968 0.289500
v 0.069190 1.733164 0.289500
v 0.069190 1.733164 0.291500
v 0.067954 1.732968 0.291500
v 0.066839 1.732400 0.291500
v 0.065954 1.731515 0.291500
v 0.065385 1.730400 0.291500
v 0.065190 1.729164 0.291500
v 0.384161 1.736166 0.289500
v 0.384161 1.736166 -0.300000
v 0.384161 1.412476 -0.300000
v 0.384161 1.412476 0.289500
v 0.384161 1.726356 0.289500
v 0.384161 1.726356 0.281500
v 0.384161 1.728356 0.281500
v 0.384161 1.728356 0.289500
v 0.384161 1.412476 0.289500
v 0.384161 1.412476 -0.300000
v 0.384063 1.411858 -0.300000
v 0.383779 1.411300 -0.300000
v 0.383337 1.410858 -0.300000
v 0.382779 1.410574 -0.300000
v 0.382161 1.410476 -0.300000
v 0.382161 1.410476 0.281500
v 0.382739 1.410561 0.281500
v 0.383267 1.410809 0.281500
v 0.383701 1.411199 0.281500
v 0.384004 1.411699 0.281500
v 0.384150 1.412264 0.281500
v 0.384150 1.412264 0.289500
v 0.384156 1.412334 0.289500
v 0.384160 1.412405 0.289500
v 0.382161 1.410476 0.281500
v 0.382161 1.410476 -0.300000
v 0.056025 1.410476 -0.300000
v 0.056025 1.410476 0.289500
v 0.065190 1.410476 0.289500
v 0.065190 1.410476 0.281500
v 0.067190 1.410476 0.281500
v 0.067190 1.410476 0.289500
v 0.376937 1.410476 0.289500
v 0.376937 1.410476 0.281500
v 0.056025 1.410476 0.289500
v 0.056025 1.410476 -0.300000
v 0.055407 1.410574 -0.300000
v 0.054850 1.410858 -0.300000
v 0.054407 1.411300 -0.300000
v 0.054123 1.411858 -0.300000
v 0.054025 1.412476 -0.300000
v 0.054025 1.412476 0.281500
v 0.054121 1.411864 0.281500
v 0.054400 1.411311 0.281500
v 0.054834 1.410869 0.281500
v 0.054834 1.410869 0.289500
v 0.055200 1.410654 0.289500
v 0.055603 1.410521 0.289500
v 0.054025 1.412476 0.281500
v 0.054025 1.412476 -0.300000
v 0.054025 1.736166 -0.300000
v 0.054025 1.736166 0.289500
v 0.054025 1.727964 0.289500
v 0.054025 1.727964 0.281500
v 0.054025 1.725964 0.281500
v 0.054025 1.725964 0.289500
v 0.054025 1.412869 0.289500
v 0.054025 1.412869 0.281500
v 0.054025 1.736166 0.289500
v 0.054025 1.736166 -0.300000
v 0.054123 1.736784 -0.300000
v 0.054407 1.737342 -0.300000
v 0.054850 1.737784 -0.300000
v 0.055407 1.738068 -0.300000
v 0.056025 1.738166 -0.300000
v 0.056025 1.738166 0.289500
v 0.055407 1.738068 0.289500
v 0.054850 1.737784 0.289500
v 0.054407 1.737342 0.289500
v 0.054123 1.736784 0.289500
v 0.056025 1.738166 0.289500
v 0.056025 1.738166 -0.300000
v 0.382161 1.738166 -0.300000
v 0.382161 1.738166 0.289500
v 0.382161 1.738166 0.289500
v 0.382161 1.738166 -0.300000
v 0.382779 1.738068 -0.300000
v 0.383337 1.737784 -0.300000
v 0.383779 1.737342 -0.300000
v 0.384063 1.736784 -0.300000
v 0.384161 1.736166 -0.300000
v 0.384161 1.736166 0.289500
v 0.384063 1.736784 0.289500
v 0.383779 1.737342 0.289500
v 0.383337 1.737784 0.289500
v 0.382779 1.738068 0.289500
v 0.141624 1.406196 -0.290000
v 0.141006 1.406098 -0.290000
v 0.140449 1.405814 -0.290000
v 0.140006 1.405371 -0.290000
v 0.139722 1.404814 -0.290000
v 0.139624 1.404196 -0.290000
v 0.139624 1.404196 -0.300000
v 0.139722 1.404814 -0.300000
v 0.140006 1.405371 -0.300000
v 0.140449 1.405814 -0.300000
v 0.141006 1.406098 -0.300000
v 0.141624 1.406196 -0.300000
v 0.292171 1.406196 -0.290000
v 0.141624 1.406196 -0.290000
v 0.141624 1.406196 -0.300000
v 0.292171 1.406196 -0.300000
v 0.294171 1.404196 -0.290000
v 0.294073 1.404814 -0.290000
v 0.293789 1.405371 -0.290000
v 0.293346 1.405814 -0.290000
v 0.292789 1.406098 -0.290000
v 0.292171 1.406196 -0.290000
v 0.292171 1.406196 -0.300000
v 0.292789 1.406098 -0.300000
v 0.293346 1.405814 -0.300000
v 0.293789 1.405371 -0.300000
v 0.294073 1.404814 -0.300000
v 0.294171 1.404196 -0.300000
v 0.294171 1.398043 -0.290000
v 0.294171 1.404196 -0.290000
v 0.294171 1.404196 -0.300000
v 0.294171 1.398043 -0.300000
v 0.296171 1.396043 -0.290000
v 0.295553 1.396141 -0.290000
v 0.294995 1.396425 -0.290000
v 0.294553 1.396868 -0.290000
v 0.294269 1.397425 -0.290000
v 0.294171 1.398043 -0.290000
v 0.294171 1.398043 -0.300000
v 0.294269 1.397425 -0.300000
v 0.294553 1.396868 -0.300000
v 0.294995 1.396425 -0.300000
v 0.295553 1.396141 -0.300000
v 0.296171 1.396043 -0.300000
v 0.384161 1.396043 -0.290000
v 0.296171 1.396043 -0.290000
v 0.296171 1.396043 -0.300000
v 0.384161 1.396043 -0.300000
v 0.391129 1.402442 -0.290000
v 0.389384 1.399732 -0.290000
v 0.387010 1.397551 -0.290000
v 0.384161 1.396043 -0.290000
v 0.384161 1.396043 -0.300000
v 0.387010 1.397551 -0.300000
v 0.389384 1.399732 -0.300000
v 0.391129 1.402442 -0.300000
v 0.391129 1.748140 -0.290000
v 0.403921 1.679592 -0.290000
v 0.410344 1.610157 -0.290000
v 0.410344 1.540426 -0.290000
v 0.403921 1.470991 -0.290000
v 0.391129 1.402442 -0.290000
v 0.391129 1.402442 -0.300000
v 0.403921 1.470991 -0.300000
v 0.410344 1.540426 -0.300000
v 0.410344 1.610157 -0.300000
v 0.403921 1.679592 -0.300000
v 0.391129 1.748140 -0.300000
v 0.384161 1.753860 -0.290000
v 0.387051 1.752724 -0.290000
v 0.389452 1.750754 -0.290000
v 0.391129 1.748140 -0.290000
v 0.391129 1.748140 -0.300000
v 0.389452 1.750754 -0.300000
v 0.387051 1.752724 -0.300000
v 0.384161 1.753860 -0.300000
v 0.054025 1.753860 -0.290000
v 0.384161 1.753860 -0.290000
v 0.384161 1.753860 -0.300000
v 0.054025 1.753860 -0.300000
v 0.043831 1.743992 -0.290000
v 0.045242 1.747435 -0.290000
v 0.047535 1.750365 -0.290000
v 0.050538 1.752562 -0.290000
v 0.054025 1.753860 -0.290000
v 0.054025 1.753860 -0.300000
v 0.050538 1.752562 -0.300000
v 0.047535 1.750365 -0.300000
v 0.045242 1.747435 -0.300000
v 0.043831 1.743992 -0.300000
v 0.043371 1.404563 -0.290000
v 0.029838 1.471784 -0.290000
v 0.023084 1.540021 -0.290000
v 0.023177 1.608590 -0.290000
v 0.030115 1.676808 -0.290000
v 0.043831 1.743992 -0.290000
v 0.043831 1.743992 -0.300000
v 0.030115 1.676808 -0.300000
v 0.023177 1.608590 -0.300000
v 0.023084 1.540021 -0.300000
v 0.029838 1.471784 -0.300000
v 0.043371 1.404563 -0.300000
v 0.051191 1.396264 -0.290000
v 0.047682 1.398078 -0.290000
v 0.044974 1.400953 -0.290000
v 0.043371 1.404563 -0.290000
v 0.043371 1.404563 -0.300000
v 0.044974 1.400953 -0.300000
v 0.047682 1.398078 -0.300000
v 0.051191 1.396264 -0.300000
v 0.137624 1.396264 -0.290000
v 0.051191 1.396264 -0.290000
v 0.051191 1.396264 -0.300000
v 0.137624 1.396264 -0.300000
v 0.139624 1.398264 -0.290000
v 0.139527 1.397646 -0.290000
v 0.139242 1.397088 -0.290000
v 0.138800 1.396646 -0.290000
v 0.138242 1.396362 -0.290000
v 0.137624 1.396264 -0.290000
v 0.137624 1.396264 -0.300000
v 0.138242 1.396362 -0.300000
v 0.138800 1.396646 -0.300000
v 0.139242 1.397088 -0.300000
v 0.139527 1.397646 -0.300000
v 0.139624 1.398264 -0.300000
v 0.139624 1.404196 -0.290000
v 0.139624 1.398264 -0.290000
v 0.139624 1.398264 -0.300000
v 0.139624 1.404196 -0.300000
v 0.384161 1.736166 -0.300000
v 0.384063 1.736784 -0.300000
v 0.383779 1.737342 -0.300000
v 0.383337 1.737784 -0.300000
v 0.382779 1.738068 -0.300000
v 0.382161 1.738166 -0.300000
v 0.056025 1.738166 -0.300000
v 0.055407 1.738068 -0.300000
v 0.054850 1.737784 -0.300000
v 0.054407 1.737342 -0.300000
v 0.054123 1.736784 -0.300000
v 0.054025 1.736166 -0.300000
v 0.054025 1.412476 -0.300000
v 0.054123 1.411858 -0.300000
v 0.054407 1.411300 -0.300000
v 0.054850 1.410858 -0.300000
v 0.055407 1.410574 -0.300000
v 0.056025 1.410476 -0.300000
v 0.382161 1.410476 -0.300000
v 0.382779 1.410574 -0.300000
v 0.383337 1.410858 -0.300000
v 0.383779 1.411300 -0.300000
v 0.384063 1.411858 -0.300000
v 0.384161 1.412476 -0.300000
v 0.139624 1.404196 -0.300000
v 0.139624 1.398264 -0.300000
v 0.139527 1.397646 -0.300000
v 0.139242 1.397088 -0.300000
v 0.138800 1.396646 -0.300000
v 0.138242 1.396362 -0.300000
v 0.137624 1.396264 -0.300000
v 0.051191 1.396264 -0.300000
v 0.047682 1.398078 -0.300000
v 0.044974 1.400953 -0.300000
v 0.043371 1.404563 -0.300000
v 0.029838 1.471784 -0.300000
v 0.023084 1.540021 -0.300000
v 0.023177 1.608590 -0.300000
v 0.030115 1.676808 -0.300000
v 0.043831 1.743992 -0.300000
v 0.045242 1.747435 -0.300000
v 0.047535 1.750365 -0.300000
v 0.050538 1.752562 -0.300000
v 0.054025 1.753860 -0.300000
v 0.384161 1.753860 -0.300000
v 0.387051 1.752724 -0.300000
v 0.389452 1.750754 -0.300000
v 0.391129 1.748140 -0.300000
v 0.403921 1.679592 -0.300000
v 0.410344 1.610157 -0.300000
v 0.410344 1.540426 -0.300000
v 0.403921 1.470991 -0.300000
v 0.391129 1.402442 -0.300000
v 0.389384 1.399732 -0.300000
v 0.387010 1.397551 -0.300000
v 0.384161 1.396043 -0.300000
v 0.296171 1.396043 -0.300000
v 0.295553 1.396141 -0.300000
v 0.294995 1.396425 -0.300000
v 0.294553 1.396868 -0.300000
v 0.294269 1.397425 -0.300000
v 0.294171 1.398043 -0.300000
v 0.294171 1.404196 -0.300000
v 0.294073 1.404814 -0.300000
v 0.293789 1.405371 -0.300000
v 0.293346 1.405814 -0.300000
v 0.292789 1.406098 -0.300000
v 0.292171 1.406196 -0.300000
v 0.141624 1.406196 -0.300000
v 0.141006 1.406098 -0.300000
v 0.140449 1.405814 -0.300000
v 0.140006 1.405371 -0.300000
v 0.139722 1.404814 -0.300000
v 0.094259 1.239363 -0.290000
v 0.094259 1.064100 -0.290000
v 0.340480 1.064100 -0.290000
v 0.340480 1.239363 -0.290000
v 0.340480 1.245381 -0.290000
v 0.362294 1.261678 -0.290000
v 0.265519 1.263956 -0.290000
v 0.168718 1.263956 -0.290000
v 0.071943 1.261678 -0.290000
v 0.094259 1.245381 -0.290000
v -0.298376 0.192196 -0.290000
v -0.298278 0.192814 -0.290000
v -0.297994 0.193371 -0.290000
v -0.297551 0.193814 -0.290000
v -0.296994 0.194098 -0.290000
v -0.296376 0.194196 -0.290000
v -0.145829 0.194196 -0.290000
v -0.145211 0.194098 -0.290000
v -0.144654 0.193814 -0.290000
v -0.144211 0.193371 -0.290000
v -0.143927 0.192814 -0.290000
v -0.143829 0.192196 -0.290000
v -0.143829 0.186043 -0.290000
v -0.143731 0.185425 -0.290000
v -0.143447 0.184868 -0.290000
v -0.143005 0.184425 -0.290000
v -0.142447 0.184141 -0.290000
v -0.141829 0.184043 -0.290000
v -0.053839 0.184043 -0.290000
v -0.050990 0.185551 -0.290000
v -0.048616 0.187732 -0.290000
v -0.046871 0.190442 -0.290000
v -0.034079 0.258990 -0.290000
v -0.027656 0.328425 -0.290000
v -0.027656 0.398157 -0.290000
v -0.034079 0.467592 -0.290000
v -0.046871 0.536140 -0.290000
v -0.048548 0.538754 -0.290000
v -0.050949 0.540724 -0.290000
v -0.053839 0.541860 -0.290000
v -0.383975 0.541860 -0.290000
v -0.387462 0.540562 -0.290000
v -0.390465 0.538365 -0.290000
v -0.392758 0.535435 -0.290000
v -0.394169 0.531992 -0.290000
v -0.407885 0.464808 -0.290000
v -0.414823 0.396590 -0.290000
v -0.414916 0.328020 -0.290000
v -0.408162 0.259784 -0.290000
v -0.394629 0.192563 -0.290000
v -0.393027 0.188953 -0.290000
v -0.390318 0.186078 -0.290000
v -0.386809 0.184264 -0.290000
v -0.300376 0.184264 -0.290000
v -0.299758 0.184362 -0.290000
v -0.299200 0.184646 -0.290000
v -0.298758 0.185088 -0.290000
v -0.298473 0.185646 -0.290000
v -0.298376 0.186264 -0.290000
v -0.293634 0.186333 -0.290000
v -0.293634 0.171218 -0.290000
v -0.293536 0.170600 -0.290000
v -0.293252 0.170043 -0.290000
v -0.292809 0.169600 -0.290000
v -0.292252 0.169316 -0.290000
v -0.291634 0.169218 -0.290000
v -0.151435 0.169218 -0.290000
v -0.150817 0.169316 -0.290000
v -0.150259 0.169600 -0.290000
v -0.149817 0.170043 -0.290000
v -0.149533 0.170600 -0.290000
v -0.149435 0.171218 -0.290000
v -0.149435 0.186333 -0.290000
v -0.149533 0.186952 -0.290000
v -0.149817 0.187509 -0.290000
v -0.150259 0.187952 -0.290000
v -0.150817 0.188236 -0.290000
v -0.151435 0.188333 -0.290000
v -0.291634 0.188333 -0.290000
v -0.292252 0.188236 -0.290000
v -0.292809 0.187952 -0.290000
v -0.293252 0.187509 -0.290000
v -0.293536 0.186952 -0.290000
v -0.298376 0.596196 -0.290000
v -0.298278 0.596814 -0.290000
v -0.297994 0.597371 -0.290000
v -0.297551 0.597814 -0.290000
v -0.296994 0.598098 -0.290000
v -0.296376 0.598196 -0.290000
v -0.145829 0.598196 -0.290000
v -0.145211 0.598098 -0.290000
v -0.144654 0.597814 -0.290000
v -0.144211 0.597371 -0.290000
v -0.143927 0.596814 -0.290000
v -0.143829 0.596196 -0.290000
v -0.143829 0.590043 -0.290000
v -0.143731 0.589425 -0.290000
v -0.143447 0.588868 -0.290000
v -0.143005 0.588425 -0.290000
v -0.142447 0.588141 -0.290000
v -0.141829 0.588043 -0.290000
v -0.053839 0.588043 -0.290000
v -0.050990 0.589551 -0.290000
v -0.048616 0.591732 -0.290000
v -0.046871 0.594442 -0.290000
v -0.034079 0.662990 -0.290000
v -0.027656 0.732425 -0.290000
v -0.027656 0.802157 -0.290000
v -0.034079 0.871592 -0.290000
v -0.046871 0.940140 -0.290000
v -0.048548 0.942754 -0.290000
v -0.050949 0.944724 -0.290000
v -0.053839 0.945860 -0.290000
v -0.383975 0.945860 -0.290000
v -0.387462 0.944562 -0.290000
v -0.390465 0.942365 -0.290000
v -0.392758 0.939435 -0.290000
v -0.394169 0.935992 -0.290000
v -0.407885 0.868808 -0.290000
v -0.414823 0.800590 -0.290000
v -0.414916 0.732020 -0.290000
v -0.408162 0.663784 -0.290000
v -0.394629 0.596563 -0.290000
v -0.393027 0.592953 -0.290000
v -0.390318 0.590078 -0.290000
v -0.386809 0.588264 -0.290000
v -0.300376 0.588264 -0.290000
v -0.299758 0.588362 -0.290000
v -0.299200 0.588646 -0.290000
v -0.298758 0.589088 -0.290000
v -0.298473 0.589646 -0.290000
v -0.298376 0.590264 -0.290000
v -0.293634 0.590333 -0.290000
v -0.293634 0.575218 -0.290000
v -0.293536 0.574600 -0.290000
v -0.293252 0.574043 -0.290000
v -0.292809 0.573600 -0.290000
v -0.292252 0.573316 -0.290000
v -0.291634 0.573218 -0.290000
v -0.151435 0.573218 -0.290000
v -0.150817 0.573316 -0.290000
v -0.150259 0.573600 -0.290000
v -0.149817 0.574043 -0.290000
v -0.149533 0.574600 -0.290000
v -0.149435 0.575218 -0.290000
v -0.149435 0.590333 -0.290000
v -0.149533 0.590952 -0.290000
v -0.149817 0.591509 -0.290000
v -0.150259 0.591952 -0.290000
v -0.150817 0.592236 -0.290000
v -0.151435 0.592333 -0.290000
v -0.291634 0.592333 -0.290000
v -0.292252 0.592236 -0.290000
v -0.292809 0.591952 -0.290000
v -0.293252 0.591509 -0.290000
v -0.293536 0.590952 -0.290000
v -0.298376 1.000196 -0.290000
v -0.298278 1.000814 -0.290000
v -0.297994 1.001371 -0.290000
v -0.297551 1.001814 -0.290000
v -0.296994 1.002098 -0.290000
v -0.296376 1.002196 -0.290000
v -0.145829 1.002196 -0.290000
v -0.145211 1.002098 -0.290000
v -0.144654 1.001814 -0.290000
v -0.144211 1.001371 -0.290000
v -0.143927 1.000814 -0.290000
v -0.143829 1.000196 -0.290000
v -0.143829 0.994043 -0.290000
v -0.143731 0.993425 -0.290000
v -0.143447 0.992868 -0.290000
v -0.143005 0.992425 -0.290000
v -0.142447 0.992141 -0.290000
v -0.141829 0.992043 -0.290000
v -0.053839 0.992043 -0.290000
v -0.050990 0.993551 -0.290000
v -0.048616 0.995732 -0.290000
v -0.046871 0.998442 -0.290000
v -0.034079 1.066990 -0.290000
v -0.027656 1.136425 -0.290000
v -0.027656 1.206157 -0.290000
v -0.034079 1.275592 -0.290000
v -0.046871 1.344140 -0.290000
v -0.048548 1.346754 -0.290000
v -0.050949 1.348724 -0.290000
v -0.053839 1.349860 -0.290000
v -0.383975 1.349860 -0.290000
v -0.387462 1.348562 -0.290000
v -0.390465 1.346365 -0.290000
v -0.392758 1.343435 -0.290000
v -0.394169 1.339992 -0.290000
v -0.407885 1.272808 -0.290000
v -0.414823 1.204590 -0.290000
v -0.414916 1.136021 -0.290000
v -0.408162 1.067784 -0.290000
v -0.394629 1.000563 -0.290000
v -0.393027 0.996953 -0.290000
v -0.390318 0.994078 -0.290000
v -0.386809 0.992264 -0.290000
v -0.300376 0.992264 -0.290000
v -0.299758 0.992362 -0.290000
v -0.299200 0.992646 -0.290000
v -0.298758 0.993088 -0.290000
v -0.298473 0.993646 -0.290000
v -0.298376 0.994264 -0.290000
v -0.293634 0.994334 -0.290000
v -0.293634 0.979218 -0.290000
v -0.293536 0.978600 -0.290000
v -0.293252 0.978043 -0.290000
v -0.292809 0.977600 -0.290000
v -0.292252 0.977316 -0.290000
v -0.291634 0.977218 -0.290000
v -0.151435 0.977218 -0.290000
v -0.150817 0.977316 -0.290000
v -0.150259 0.977600 -0.290000
v -0.149817 0.978043 -0.290000
v -0.149533 0.978600 -0.290000
v -0.149435 0.979218 -0.290000
v -0.149435 0.994334 -0.290000
v -0.149533 0.994952 -0.290000
v -0.149817 0.995509 -0.290000
v -0.150259 0.995952 -0.290000
v -0.150817 0.996236 -0.290000
v -0.151435 0.996334 -0.290000
v -0.291634 0.996334 -0.290000
v -0.292252 0.996236 -0.290000
v -0.292809 0.995952 -0.290000
v -0.293252 0.995509 -0.290000
v -0.293536 0.994952 -0.290000
v -0.298376 1.404196 -0.290000
v -0.298278 1.404814 -0.290000
v -0.297994 1.405371 -0.290000
v -0.297551 1.405814 -0.290000
v -0.296994 1.406098 -0.290000
v -0.296376 1.406196 -0.290000
v -0.145829 1.406196 -0.290000
v -0.145211 1.406098 -0.290000
v -0.144654 1.405814 -0.290000
v -0.144211 1.405371 -0.290000
v -0.143927 1.404814 -0.290000
v -0.143829 1.404196 -0.290000
v -0.143829 1.398043 -0.290000
v -0.143731 1.397425 -0.290000
v -0.143447 1.396868 -0.290000
v -0.143005 1.396425 -0.290000
v -0.142447 1.396141 -0.290000
v -0.141829 1.396043 -0.290000
v -0.053839 1.396043 -0.290000
v -0.050990 1.397551 -0.290000
v -0.048616 1.399732 -0.290000
v -0.046871 1.402442 -0.290000
v -0.034079 1.470991 -0.290000
v -0.027656 1.540426 -0.290000
v -0.027656 1.610157 -0.290000
v -0.034079 1.679592 -0.290000
v -0.046871 1.748140 -0.290000
v -0.048548 1.750754 -0.290000
v -0.050949 1.752724 -0.290000
v -0.053839 1.753860 -0.290000
v -0.383975 1.753860 -0.290000
v -0.387462 1.752562 -0.290000
v -0.390465 1.750365 -0.290000
v -0.392758 1.747435 -0.290000
v -0.394169 1.743992 -0.290000
v -0.407885 1.676808 -0.290000
v -0.414823 1.608590 -0.290000
v -0.414916 1.540021 -0.290000
v -0.408162 1.471784 -0.290000
v -0.394629 1.404563 -0.290000
v -0.393027 1.400953 -0.290000
v -0.390318 1.398078 -0.290000
v -0.386809 1.396264 -0.290000
v -0.300376 1.396264 -0.290000
v -0.299758 1.396362 -0.290000
v -0.299200 1.396646 -0.290000
v -0.298758 1.397088 -0.290000
v -0.298473 1.397646 -0.290000
v -0.298376 1.398264 -0.290000
v -0.293634 1.398334 -0.290000
v -0.293634 1.383218 -0.290000
v -0.293536 1.382600 -0.290000
v -0.293252 1.382043 -0.290000
v -0.292809 1.381600 -0.290000
v -0.292252 1.381316 -0.290000
v -0.291634 1.381218 -0.290000
v -0.151435 1.381218 -0.290000
v -0.150817 1.381316 -0.290000
v -0.150259 1.381600 -0.290000
v -0.149817 1.382043 -0.290000
v -0.149533 1.382600 -0.290000
v -0.149435 1.383218 -0.290000
v -0.149435 1.398334 -0.290000
v -0.149533 1.398952 -0.290000
v -0.149817 1.399509 -0.290000
v -0.150259 1.399952 -0.290000
v -0.150817 1.400236 -0.290000
v -0.151435 1.400334 -0.290000
v -0.291634 1.400334 -0.290000
v -0.292252 1.400236 -0.290000
v -0.292809 1.399952 -0.290000
v -0.293252 1.399509 -0.290000
v -0.293536 1.398952 -0.290000
v 0.139624 0.192196 -0.290000
v 0.139722 0.192814 -0.290000
v 0.140006 0.193371 -0.290000
v 0.140449 0.193814 -0.290000
v 0.141006 0.194098 -0.290000
v 0.141624 0.194196 -0.290000
v 0.292171 0.194196 -0.290000
v 0.292789 0.194098 -0.290000
v 0.293346 0.193814 -0.290000
v 0.293789 0.193371 -0.290000
v 0.294073 0.192814 -0.290000
v 0.294171 0.192196 -0.290000
v 0.294171 0.186043 -0.290000
v 0.294269 0.185425 -0.290000
v 0.294553 0.184868 -0.290000
v 0.294995 0.184425 -0.290000
v 0.295553 0.184141 -0.290000
v 0.296171 0.184043 -0.290000
v 0.384161 0.184043 -0.290000
v 0.387010 0.185551 -0.290000
v 0.389384 0.187732 -0.290000
v 0.391129 0.190442 -0.290000
v 0.403921 0.258990 -0.290000
v 0.410344 0.328425 -0.290000
v 0.410344 0.398157 -0.290000
v 0.403921 0.467592 -0.290000
v 0.391129 0.536140 -0.290000
v 0.389452 0.538754 -0.290000
v 0.387051 0.540724 -0.290000
v 0.384161 0.541860 -0.290000
v 0.054025 0.541860 -0.290000
v 0.050538 0.540562 -0.290000
v 0.047535 0.538365 -0.290000
v 0.045242 0.535435 -0.290000
v 0.043831 0.531992 -0.290000
v 0.030115 0.464808 -0.290000
v 0.023177 0.396590 -0.290000
v 0.023084 0.328020 -0.290000
v 0.029838 0.259784 -0.290000
v 0.043371 0.192563 -0.290000
v 0.044974 0.188953 -0.290000
v 0.047682 0.186078 -0.290000
v 0.051191 0.184264 -0.290000
v 0.137624 0.184264 -0.290000
v 0.138242 0.184362 -0.290000
v 0.138800 0.184646 -0.290000
v 0.139242 0.185088 -0.290000
v 0.139527 0.185646 -0.290000
v 0.139624 0.186264 -0.290000
v 0.144366 0.186333 -0.290000
v 0.144366 0.171218 -0.290000
v 0.144464 0.170600 -0.290000
v 0.144748 0.170043 -0.290000
v 0.145191 0.169600 -0.290000
v 0.145748 0.169316 -0.290000
v 0.146366 0.169218 -0.290000
v 0.286565 0.169218 -0.290000
v 0.287183 0.169316 -0.290000
v 0.287741 0.169600 -0.290000
v 0.288183 0.170043 -0.290000
v 0.288467 0.170600 -0.290000
v 0.288565 0.171218 -0.290000
v 0.288565 0.186333 -0.290000
v 0.288467 0.186952 -0.290000
v 0.288183 0.187509 -0.290000
v 0.287741 0.187952 -0.290000
v 0.287183 0.188236 -0.290000
v 0.286565 0.188333 -0.290000
v 0.146366 0.188333 -0.290000
v 0.145748 0.188236 -0.290000
v 0.145191 0.187952 -0.290000
v 0.144748 0.187509 -0.290000
v 0.144464 0.186952 -0.290000
v 0.139624 0.596196 -0.290000
v 0.139722 0.596814 -0.290000
v 0.140006 0.597371 -0.290000
v 0.140449 0.597814 -0.290000
v 0.141006 0.598098 -0.290000
v 0.141624 0.598196 -0.290000
v 0.292171 0.598196 -0.290000
v 0.292789 0.598098 -0.290000
v 0.293346 0.597814 -0.290000
v 0.293789 0.597371 -0.290000
v 0.294073 0.596814 -0.290000
v 0.294171 0.596196 -0.290000
v 0.294171 0.590043 -0.290000
v 0.294269 0.589425 -0.290000
v 0.294553 0.588868 -0.290000
v 0.294995 0.588425 -0.290000
v 0.295553 0.588141 -0.290000
v 0.296171 0.588043 -0.290000
v 0.384161 0.588043 -0.290000
v 0.387010 0.589551 -0.290000
v 0.389384 0.591732 -0.290000
v 0.391129 0.594442 -0.290000
v 0.403921 0.662990 -0.290000
v 0.410344 0.732425 -0.290000
v 0.410344 0.802157 -0.290000
v 0.403921 0.871592 -0.290000
v 0.391129 0.940140 -0.290000
v 0.389452 0.942754 -0.290000
v 0.387051 0.944724 -0.290000
v 0.384161 0.945860 -0.290000
v 0.054025 0.945860 -0.290000
v 0.050538 0.944562 -0.290000
v 0.047535 0.942365 -0.290000
v 0.045242 0.939435 -0.290000
v 0.043831 0.935992 -0.290000
v 0.030115 0.868808 -0.290000
v 0.023177 0.800590 -0.290000
v 0.023084 0.732020 -0.290000
v 0.029838 0.663784 -0.290000
v 0.043371 0.596563 -0.290000
v 0.044974 0.592953 -0.290000
v 0.047682 0.590078 -0.290000
v 0.051191 0.588264 -0.290000
v 0.137624 0.588264 -0.290000
v 0.138242 0.588362 -0.290000
v 0.138800 0.588646 -0.290000
v 0.139242 0.589088 -0.290000
v 0.139527 0.589646 -0.290000
v 0.139624 0.590264 -0.290000
v 0.144366 0.590333 -0.290000
v 0.144366 0.575218 -0.290000
v 0.144464 0.574600 -0.290000
v 0.144748 0.574043 -0.290000
v 0.145191 0.573600 -0.290000
v 0.145748 0.573316 -0.290000
v 0.146366 0.573218 -0.290000
v 0.286565 0.573218 -0.290000
v 0.287183 0.573316 -0.290000
v 0.287741 0.573600 -0.290000
v 0.288183 0.574043 -0.290000
v 0.288467 0.574600 -0.290000
v 0.288565 0.575218 -0.290000
v 0.288565 0.590333 -0.290000
v 0.288467 0.590952 -0.290000
v 0.288183 0.591509 -0.290000
v 0.287741 0.591952 -0.290000
v 0.287183 0.592236 -0.290000
v 0.286565 0.592333 -0.290000
v 0.146366 0.592333 -0.290000
v 0.145748 0.592236 -0.290000
v 0.145191 0.591952 -0.290000
v 0.144748 0.591509 -0.290000
v 0.144464 0.590952 -0.290000
v 0.510920 -0.010000 -0.290000
v -0.500000 -0.010000 -0.290000
v -0.500000 1.930560 -0.290000
v 0.510920 1.930560 -0.290000
v 0.144366 1.398334 -0.290000
v 0.144366 1.383218 -0.290000
v 0.144464 1.382600 -0.290000
v 0.144748 1.382043 -0.290000
v 0.145191 1.381600 -0.290000
v 0.145748 1.381316 -0.290000
v 0.146366 1.381218 -0.290000
v 0.286565 1.381218 -0.290000
v 0.287183 1.381316 -0.290000
v 0.287741 1.381600 -0.290000
v 0.288183 1.382043 -0.290000
v 0.288467 1.382600 -0.290000
v 0.288565 1.383218 -0.290000
v 0.288565 1.398334 -0.290000
v 0.288467 1.398952 -0.290000
v 0.288183 1.399509 -0.290000
v 0.287741 1.399952 -0.290000
v 0.287183 1.400236 -0.290000
v 0.286565 1.400334 -0.290000
v 0.146366 1.400334 -0.290000
v 0.145748 1.400236 -0.290000
v 0.145191 1.399952 -0.290000
v 0.144748 1.399509 -0.290000
v 0.144464 1.398952 -0.290000
v 0.139624 1.404196 -0.290000
v 0.139722 1.404814 -0.290000
v 0.140006 1.405371 -0.290000
v 0.140449 1.405814 -0.290000
v 0.141006 1.406098 -0.290000
v 0.141624 1.406196 -0.290000
v 0.292171 1.406196 -0.290000
v 0.292789 1.406098 -0.290000
v 0.293346 1.405814 -0.290000
v 0.293789 1.405371 -0.290000
v 0.294073 1.404814 -0.290000
v 0.294171 1.404196 -0.290000
v 0.294171 1.398043 -0.290000
v 0.294269 1.397425 -0.290000
v 0.294553 1.396868 -0.290000
v 0.294995 1.396425 -0.290000
v 0.295553 1.396141 -0.290000
v 0.296171 1.396043 -0.290000
v 0.384161 1.396043 -0.290000
v 0.387010 1.397551 -0.290000
v 0.389384 1.399732 -0.290000
v 0.391129 1.402442 -0.290000
v 0.403921 1.470991 -0.290000
v 0.410344 1.540426 -0.290000
v 0.410344 1.610157 -0.290000
v 0.403921 1.679592 -0.290000
v 0.391129 1.748140 -0.290000
v 0.389452 1.750754 -0.290000
v 0.387051 1.752724 -0.290000
v 0.384161 1.753860 -0.290000
v 0.054025 1.753860 -0.290000
v 0.050538 1.752562 -0.290000
v 0.047535 1.750365 -0.290000
v 0.045242 1.747435 -0.290000
v 0.043831 1.743992 -0.290000
v 0.030115 1.676808 -0.290000
v 0.023177 1.608590 -0.290000
v 0.023084 1.540021 -0.290000
v 0.029838 1.471784 -0.290000
v 0.043371 1.404563 -0.290000
v 0.044974 1.400953 -0.290000
v 0.047682 1.398078 -0.290000
v 0.051191 1.396264 -0.290000
v 0.137624 1.396264 -0.290000
v 0.138242 1.396362 -0.290000
v 0.138800 1.396646 -0.290000
v 0.139242 1.397088 -0.290000
v 0.139527 1.397646 -0.290000
v 0.139624 1.398264 -0.290000
v 0.347250 1.239363 -0.290000
v 0.347250 1.064100 -0.290000
v 0.366807 1.048805 -0.290000
v 0.369491 1.118157 -0.290000
v 0.369491 1.187562 -0.290000
v 0.366807 1.256914 -0.290000
v 0.340480 1.059085 -0.290000
v 0.094259 1.059085 -0.290000
v 0.074701 1.044291 -0.290000
v 0.169390 1.043480 -0.290000
v 0.264082 1.043567 -0.290000
v 0.358769 1.044552 -0.290000
v 0.089495 1.064100 -0.290000
v 0.089495 1.239363 -0.290000
v 0.068433 1.254407 -0.290000
v 0.066634 1.185129 -0.290000
v 0.066634 1.115827 -0.290000
v 0.068433 1.046548 -0.290000
v 0.144366 1.383218 -0.290000
v 0.144366 1.398334 -0.290000
v 0.144366 1.398334 -0.300000
v 0.144366 1.383218 -0.300000
v 0.146366 1.381218 -0.290000
v 0.145748 1.381316 -0.290000
v 0.145191 1.381600 -0.290000
v 0.144748 1.382043 -0.290000
v 0.144464 1.382600 -0.290000
v 0.144366 1.383218 -0.290000
v 0.144366 1.383218 -0.300000
v 0.144464 1.382600 -0.300000
v 0.144748 1.382043 -0.300000
v 0.145191 1.381600 -0.300000
v 0.145748 1.381316 -0.300000
v 0.146366 1.381218 -0.300000
v 0.286565 1.381218 -0.290000
v 0.146366 1.381218 -0.290000
v 0.146366 1.381218 -0.300000
v 0.286565 1.381218 -0.300000
v 0.288565 1.383218 -0.290000
v 0.288467 1.382600 -0.290000
v 0.288183 1.382043 -0.290000
v 0.287741 1.381600 -0.290000
v 0.287183 1.381316 -0.290000
v 0.286565 1.381218 -0.290000
v 0.286565 1.381218 -0.300000
v 0.287183 1.381316 -0.300000
v 0.287741 1.381600 -0.300000
v 0.288183 1.382043 -0.300000
v 0.288467 1.382600 -0.300000
v 0.288565 1.383218 -0.300000
v 0.288565 1.398334 -0.290000
v 0.288565 1.383218 -0.290000
v 0.288565 1.383218 -0.300000
v 0.288565 1.398334 -0.300000
v 0.286565 1.400334 -0.290000
v 0.287183 1.400236 -0.290000
v 0.287741 1.399952 -0.290000
v 0.288183 1.399509 -0.290000
v 0.288467 1.398952 -0.290000
v 0.288565 1.398334 -0.290000
v 0.288565 1.398334 -0.300000
v 0.288467 1.398952 -0.300000
v 0.288183 1.399509 -0.300000
v 0.287741 1.399952 -0.300000
v 0.287183 1.400236 -0.300000
v 0.286565 1.400334 -0.300000
v 0.146366 1.400334 -0.290000
v 0.286565 1.400334 -0.290000
v 0.286565 1.400334 -0.300000
v 0.146366 1.400334 -0.300000
v 0.144366 1.398334 -0.290000
v 0.144464 1.398952 -0.290000
v 0.144748 1.399509 -0.290000
v 0.145191 1.399952 -0.290000
v 0.145748 1.400236 -0.290000
v 0.146366 1.400334 -0.290000
v 0.146366 1.400334 -0.300000
v 0.145748 1.400236 -0.300000
v 0.145191 1.399952 -0.300000
v 0.144748 1.399509 -0.300000
v 0.144464 1.398952 -0.300000
v 0.144366 1.398334 -0.300000
v 0.144366 1.398334 -0.300000
v 0.144464 1.398952 -0.300000
v 0.144748 1.399509 -0.300000
v 0.145191 1.399952 -0.300000
v 0.145748 1.400236 -0.300000
v 0.146366 1.400334 -0.300000
v 0.286565 1.400334 -0.300000
v 0.287183 1.400236 -0.300000
v 0.287741 1.399952 -0.300000
v 0.288183 1.399509 -0.300000
v 0.288467 1.398952 -0.300000
v 0.288565 1.398334 -0.300000
v 0.288565 1.383218 -0.300000
v 0.288467 1.382600 -0.300000
v 0.288183 1.382043 -0.300000
v 0.287741 1.381600 -0.300000
v 0.287183 1.381316 -0.300000
v 0.286565 1.381218 -0.300000
v 0.146366 1.381218 -0.300000
v 0.145748 1.381316 -0.300000
v 0.145191 1.381600 -0.300000
v 0.144748 1.382043 -0.300000
v 0.144464 1.382600 -0.300000
v 0.144366 1.383218 -0.300000
v 0.284233 1.241082 0.281500
v 0.169995 1.241082 0.281500
v 0.169995 1.241082 0.286500
v 0.284233 1.241082 0.286500
v 0.227114 1.227961 0.281500
v 0.246722 1.229553 0.281500
v 0.265896 1.233957 0.281500
v 0.284233 1.241082 0.281500
v 0.284233 1.241082 0.286500
v 0.265896 1.233957 0.286500
v 0.246722 1.229553 0.286500
v 0.227114 1.227961 0.286500
v 0.169995 1.241082 0.281500
v 0.188333 1.233957 0.281500
v 0.207506 1.229553 0.281500
v 0.227114 1.227961 0.281500
v 0.227114 1.227961 0.286500
v 0.207506 1.229553 0.286500
v 0.188333 1.233957 0.286500
v 0.169995 1.241082 0.286500
v 0.169995 1.241082 0.286500
v 0.188333 1.233957 0.286500
v 0.207506 1.229553 0.286500
v 0.227114 1.227961 0.286500
v 0.246722 1.229553 0.286500
v 0.265896 1.233957 0.286500
v 0.284233 1.241082 0.286500
v 0.326801 1.023434 0.281500
v 0.127427 1.023434 0.281500
v 0.127427 1.023434 0.286500
v 0.326801 1.023434 0.286500
v 0.312155 1.143040 0.281500
v 0.326801 1.023434 0.281500
v 0.326801 1.023434 0.286500
v 0.312155 1.143040 0.286500
v 0.142073 1.143040 0.281500
v 0.312155 1.143040 0.281500
v 0.312155 1.143040 0.286500
v 0.142073 1.143040 0.286500
v 0.127427 1.023434 0.281500
v 0.142073 1.143040 0.281500
v 0.142073 1.143040 0.286500
v 0.127427 1.023434 0.286500
v 0.336912 1.165504 0.281500
v 0.117316 1.165504 0.281500
v 0.117316 1.165504 0.286500
v 0.336912 1.165504 0.286500
v 0.363128 1.011373 0.281500
v 0.336912 1.165504 0.281500
v 0.336912 1.165504 0.286500
v 0.363128 1.011373 0.286500
v 0.227114 1.006763 0.281500
v 0.272487 1.007116 0.281500
v 0.317835 1.008653 0.281500
v 0.363128 1.011373 0.281500
v 0.363128 1.011373 0.286500
v 0.317835 1.008653 0.286500
v 0.272487 1.007116 0.286500
v 0.227114 1.006763 0.286500
v 0.091101 1.011373 0.281500
v 0.136393 1.008653 0.281500
v 0.181741 1.007116 0.281500
v 0.227114 1.006763 0.281500
v 0.227114 1.006763 0.286500
v 0.181741 1.007116 0.286500
v 0.136393 1.008653 0.286500
v 0.091101 1.011373 0.286500
v 0.117316 1.165504 0.281500
v 0.091101 1.011373 0.281500
v 0.091101 1.011373 0.286500
v 0.117316 1.165504 0.286500
v 0.127427 1.023434 0.286500
v 0.142073 1.143040 0.286500
v 0.312155 1.143040 0.286500
v 0.326801 1.023434 0.286500
v 0.117316 1.165504 0.286500
v 0.091101 1.011373 0.286500
v 0.136393 1.008653 0.286500
v 0.181741 1.007116 0.286500
v 0.227114 1.006763 0.286500
v 0.272487 1.007116 0.286500
v 0.317835 1.008653 0.286500
v 0.363128 1.011373 0.286500
v 0.336912 1.165504 0.286500
v 0.375431 1.256552 0.281500
v 0.386163 1.208022 0.281500
v 0.390997 1.158556 0.281500
v 0.389863 1.108868 0.281500
v 0.382777 1.059674 0.281500
v 0.369842 1.011685 0.281500
v 0.341991 1.168407 0.281500
v 0.112238 1.168407 0.281500
v 0.084386 1.011685 0.281500
v 0.071451 1.059674 0.281500
v 0.064366 1.108868 0.281500
v 0.063232 1.158556 0.281500
v 0.068065 1.208022 0.281500
v 0.078797 1.256552 0.281500
v 0.117316 1.172132 0.281500
v 0.083823 1.259214 0.281500
v 0.131574 1.260729 0.281500
v 0.179340 1.261625 0.281500
v 0.227114 1.261902 0.281500
v 0.274888 1.261625 0.281500
v 0.322654 1.260729 0.281500
v 0.370405 1.259214 0.281500
v 0.336912 1.172132 0.281500
v 0.227114 1.268714 0.281500
v 0.179397 1.268553 0.281500
v 0.131697 1.267279 0.281500
v 0.084040 1.264893 0.281500
v 0.080592 1.264179 0.281500
v 0.077484 1.262524 0.281500
v 0.074965 1.260063 0.281500
v 0.073241 1.256993 0.281500
v 0.061539 1.196379 0.281500
v 0.058176 1.134738 0.281500
v 0.063216 1.073211 0.281500
v 0.076564 1.012938 0.281500
v 0.077941 1.010178 0.281500
v 0.079988 1.007870 0.281500
v 0.082565 1.006173 0.281500
v 0.085494 1.005204 0.281500
v 0.132653 1.002361 0.281500
v 0.179871 1.000798 0.281500
v 0.227114 1.000515 0.281500
v 0.274357 1.000798 0.281500
v 0.321576 1.002361 0.281500
v 0.368734 1.005204 0.281500
v 0.371663 1.006173 0.281500
v 0.374240 1.007870 0.281500
v 0.376287 1.010178 0.281500
v 0.377664 1.012938 0.281500
v 0.391013 1.073211 0.281500
v 0.396052 1.134738 0.281500
v 0.392690 1.196379 0.281500
v 0.380987 1.256993 0.281500
v 0.379263 1.260063 0.281500
v 0.376745 1.262524 0.281500
v 0.373636 1.264179 0.281500
v 0.370188 1.264893 0.281500
v 0.322531 1.267279 0.281500
v 0.274831 1.268553 0.281500
v 0.117316 1.165504 0.281500
v 0.336912 1.165504 0.281500
v 0.363128 1.011373 0.281500
v 0.317835 1.008653 0.281500
v 0.272487 1.007116 0.281500
v 0.227114 1.006763 0.281500
v 0.181741 1.007116 0.281500
v 0.136393 1.008653 0.281500
v 0.091101 1.011373 0.281500
v 0.084040 1.264893 0.281500
v 0.131697 1.267279 0.281500
v 0.179397 1.268553 0.281500
v 0.227114 1.268714 0.281500
v 0.227114 1.268714 0.286500
v 0.179397 1.268553 0.286500
v 0.131697 1.267279 0.286500
v 0.084040 1.264893 0.286500
v 0.073241 1.256993 0.281500
v 0.074965 1.260063 0.281500
v 0.077484 1.262524 0.281500
v 0.080592 1.264179 0.281500
v 0.084040 1.264893 0.281500
v 0.084040 1.264893 0.286500
v 0.080592 1.264179 0.286500
v 0.077484 1.262524 0.286500
v 0.074965 1.260063 0.286500
v 0.073241 1.256993 0.286500
v 0.076564 1.012938 0.281500
v 0.063216 1.073211 0.281500
v 0.058176 1.134738 0.281500
v 0.061539 1.196379 0.281500
v 0.073241 1.256993 0.281500
v 0.073241 1.256993 0.286500
v 0.061539 1.196379 0.286500
v 0.058176 1.134738 0.286500
v 0.063216 1.073211 0.286500
v 0.076564 1.012938 0.286500
v 0.085494 1.005204 0.281500
v 0.082565 1.006173 0.281500
v 0.079988 1.007870 0.281500
v 0.077941 1.010178 0.281500
v 0.076564 1.012938 0.281500
v 0.076564 1.012938 0.286500
v 0.077941 1.010178 0.286500
v 0.079988 1.007870 0.286500
v 0.082565 1.006173 0.286500
v 0.085494 1.005204 0.286500
v 0.227114 1.000515 0.281500
v 0.179871 1.000798 0.281500
v 0.132653 1.002361 0.281500
v 0.085494 1.005204 0.281500
v 0.085494 1.005204 0.286500
v 0.132653 1.002361 0.286500
v 0.179871 1.000798 0.286500
v 0.227114 1.000515 0.286500
v 0.368734 1.005204 0.281500
v 0.321576 1.002361 0.281500
v 0.274357 1.000798 0.281500
v 0.227114 1.000515 0.281500
v 0.227114 1.000515 0.286500
v 0.274357 1.000798 0.286500
v 0.321576 1.002361 0.286500
v 0.368734 1.005204 0.286500
v 0.377664 1.012938 0.281500
v 0.376287 1.010178 0.281500
v 0.374240 1.007870 0.281500
v 0.371663 1.006173 0.281500
v 0.368734 1.005204 0.281500
v 0.368734 1.005204 0.286500
v 0.371663 1.006173 0.286500
v 0.374240 1.007870 0.286500
v 0.376287 1.010178 0.286500
v 0.377664 1.012938 0.286500
v 0.380987 1.256993 0.281500
v 0.392690 1.196379 0.281500
v 0.396052 1.134738 0.281500
v 0.391013 1.073211 0.281500
v 0.377664 1.012938 0.281500
v 0.377664 1.012938 0.286500
v 0.391013 1.073211 0.286500
v 0.396052 1.134738 0.286500
v 0.392690 1.196379 0.286500
v 0.380987 1.256993 0.286500
v 0.370188 1.264893 0.281500
v 0.373636 1.264179 0.281500
v 0.376745 1.262524 0.281500
v 0.379263 1.260063 0.281500
v 0.380987 1.256993 0.281500
v 0.380987 1.256993 0.286500
v 0.379263 1.260063 0.286500
v 0.376745 1.262524 0.286500
v 0.373636 1.264179 0.286500
v 0.370188 1.264893 0.286500
v 0.227114 1.268714 0.281500
v 0.274831 1.268553 0.281500
v 0.322531 1.267279 0.281500
v 0.370188 1.264893 0.281500
v 0.370188 1.264893 0.286500
v 0.322531 1.267279 0.286500
v 0.274831 1.268553 0.286500
v 0.227114 1.268714 0.286500
v 0.045224 1.283143 0.281500
v 0.045224 0.990345 0.281500
v 0.045224 0.990345 0.286500
v 0.045224 1.283143 0.286500
v 0.409004 1.283143 0.281500
v 0.045224 1.283143 0.281500
v 0.045224 1.283143 0.286500
v 0.409004 1.283143 0.286500
v 0.409004 0.990345 0.281500
v 0.409004 1.283143 0.281500
v 0.409004 1.283143 0.286500
v 0.409004 0.990345 0.286500
v 0.045224 0.990345 0.281500
v 0.409004 0.990345 0.281500
v 0.409004 0.990345 0.286500
v 0.045224 0.990345 0.286500
v 0.227114 1.268714 0.286500
v 0.274831 1.268553 0.286500
v 0.322531 1.267279 0.286500
v 0.370188 1.264893 0.286500
v 0.373636 1.264179 0.286500
v 0.376745 1.262524 0.286500
v 0.379263 1.260063 0.286500
v 0.380987 1.256993 0.286500
v 0.392690 1.196379 0.286500
v 0.396052 1.134738 0.286500
v 0.391013 1.073211 0.286500
v 0.377664 1.012938 0.286500
v 0.376287 1.010178 0.286500
v 0.374240 1.007870 0.286500
v 0.371663 1.006173 0.286500
v 0.368734 1.005204 0.286500
v 0.321576 1.002361 0.286500
v 0.274357 1.000798 0.286500
v 0.227114 1.000515 0.286500
v 0.179871 1.000798 0.286500
v 0.132653 1.002361 0.286500
v 0.085494 1.005204 0.286500
v 0.082565 1.006173 0.286500
v 0.079988 1.007870 0.286500
v 0.077941 1.010178 0.286500
v 0.076564 1.012938 0.286500
v 0.063216 1.073211 0.286500
v 0.058176 1.134738 0.286500
v 0.061539 1.196379 0.286500
v 0.073241 1.256993 0.286500
v 0.074965 1.260063 0.286500
v 0.077484 1.262524 0.286500
v 0.080592 1.264179 0.286500
v 0.084040 1.264893 0.286500
v 0.131697 1.267279 0.286500
v 0.179397 1.268553 0.286500
v 0.045224 0.990345 0.286500
v 0.409004 0.990345 0.286500
v 0.409004 1.283143 0.286500
v 0.045224 1.283143 0.286500
v 0.127427 1.023434 0.281500
v 0.326801 1.023434 0.281500
v 0.312155 1.143040 0.281500
v 0.142073 1.143040 0.281500
v 0.134750 1.029034 0.281500
v 0.146668 1.136744 0.281500
v 0.307561 1.136744 0.281500
v 0.319478 1.029034 0.281500
v 0.302822 1.044254 0.281500
v 0.151406 1.044254 0.281500
v 0.151406 1.044254 0.286500
v 0.302822 1.044254 0.286500
v 0.295212 1.128681 0.281500
v 0.302822 1.044254 0.281500
v 0.302822 1.044254 0.286500
v 0.295212 1.128681 0.286500
v 0.159016 1.128681 0.281500
v 0.295212 1.128681 0.281500
v 0.295212 1.128681 0.286500
v 0.159016 1.128681 0.286500
v 0.151406 1.044254 0.281500
v 0.159016 1.128681 0.281500
v 0.159016 1.128681 0.286500
v 0.151406 1.044254 0.286500
v 0.146668 1.136744 0.281500
v 0.134750 1.029034 0.281500
v 0.134750 1.029034 0.286500
v 0.146668 1.136744 0.286500
v 0.307561 1.136744 0.281500
v 0.146668 1.136744 0.281500
v 0.146668 1.136744 0.286500
v 0.307561 1.136744 0.286500
v 0.319478 1.029034 0.281500
v 0.307561 1.136744 0.281500
v 0.307561 1.136744 0.286500
v 0.319478 1.029034 0.286500
v 0.134750 1.029034 0.281500
v 0.319478 1.029034 0.281500
v 0.319478 1.029034 0.286500
v 0.134750 1.029034 0.286500
v 0.151406 1.044254 0.286500
v 0.159016 1.128681 0.286500
v 0.295212 1.128681 0.286500
v 0.302822 1.044254 0.286500
v 0.134750 1.029034 0.286500
v 0.319478 1.029034 0.286500
v 0.307561 1.136744 0.286500
v 0.146668 1.136744 0.286500
v 0.151406 1.044254 0.281500
v 0.302822 1.044254 0.281500
v 0.295212 1.128681 0.281500
v 0.159016 1.128681 0.281500
v 0.227114 1.222547 0.281500
v 0.206774 1.224444 0.281500
v 0.186932 1.229303 0.281500
v 0.168017 1.237021 0.281500
v 0.168017 1.237021 0.286500
v 0.186932 1.229303 0.286500
v 0.206774 1.224444 0.286500
v 0.227114 1.222547 0.286500
v 0.286211 1.237021 0.281500
v 0.267296 1.229303 0.281500
v 0.247454 1.224444 0.281500
v 0.227114 1.222547 0.281500
v 0.227114 1.222547 0.286500
v 0.247454 1.224444 0.286500
v 0.267296 1.229303 0.286500
v 0.286211 1.237021 0.286500
v 0.227114 1.207031 0.281500
v 0.249294 1.211540 0.281500
v 0.269477 1.221782 0.281500
v 0.286211 1.237021 0.281500
v 0.286211 1.237021 0.286500
v 0.269477 1.221782 0.286500
v 0.249294 1.211540 0.286500
v 0.227114 1.207031 0.286500
v 0.168017 1.237021 0.281500
v 0.184751 1.221782 0.281500
v 0.204935 1.211540 0.281500
v 0.227114 1.207031 0.281500
v 0.227114 1.207031 0.286500
v 0.204935 1.211540 0.286500
v 0.184751 1.221782 0.286500
v 0.168017 1.237021 0.286500
v 0.168017 1.237021 0.286500
v 0.184751 1.221782 0.286500
v 0.204935 1.211540 0.286500
v 0.227114 1.207031 0.286500
v 0.249294 1.211540 0.286500
v 0.269477 1.221782 0.286500
v 0.286211 1.237021 0.286500
v 0.267296 1.229303 0.286500
v 0.247454 1.224444 0.286500
v 0.227114 1.222547 0.286500
v 0.206774 1.224444 0.286500
v 0.186932 1.229303 0.286500
v 0.369842 1.011685 0.281500
v 0.382777 1.059674 0.281500
v 0.389863 1.108868 0.281500
v 0.390997 1.158556 0.281500
v 0.386163 1.208022 0.281500
v 0.375431 1.256552 0.281500
v 0.375431 1.256552 0.286500
v 0.386163 1.208022 0.286500
v 0.390997 1.158556 0.286500
v 0.389863 1.108868 0.286500
v 0.382777 1.059674 0.286500
v 0.369842 1.011685 0.286500
v 0.341991 1.168407 0.281500
v 0.369842 1.011685 0.281500
v 0.369842 1.011685 0.286500
v 0.341991 1.168407 0.286500
v 0.375431 1.256552 0.281500
v 0.341991 1.168407 0.281500
v 0.341991 1.168407 0.286500
v 0.375431 1.256552 0.286500
v 0.375431 1.256552 0.286500
v 0.341991 1.168407 0.286500
v 0.369842 1.011685 0.286500
v 0.382777 1.059674 0.286500
v 0.389863 1.108868 0.286500
v 0.390997 1.158556 0.286500
v 0.386163 1.208022 0.286500
v 0.227114 1.200679 0.281500
v 0.207258 1.203211 0.281500
v 0.188561 1.210357 0.281500
v 0.172078 1.221714 0.281500
v 0.172078 1.221714 0.286500
v 0.188561 1.210357 0.286500
v 0.207258 1.203211 0.286500
v 0.227114 1.200679 0.286500
v 0.282150 1.221714 0.281500
v 0.265667 1.210357 0.281500
v 0.246970 1.203211 0.281500
v 0.227114 1.200679 0.281500
v 0.227114 1.200679 0.286500
v 0.246970 1.203211 0.286500
v 0.265667 1.210357 0.286500
v 0.282150 1.221714 0.286500
v 0.294333 1.247746 0.281500
v 0.292032 1.238315 0.281500
v 0.287917 1.229522 0.281500
v 0.282150 1.221714 0.281500
v 0.282150 1.221714 0.286500
v 0.287917 1.229522 0.286500
v 0.292032 1.238315 0.286500
v 0.294333 1.247746 0.286500
v 0.159895 1.247746 0.281500
v 0.294333 1.247746 0.281500
v 0.294333 1.247746 0.286500
v 0.159895 1.247746 0.286500
v 0.172078 1.221714 0.281500
v 0.166311 1.229522 0.281500
v 0.162196 1.238315 0.281500
v 0.159895 1.247746 0.281500
v 0.159895 1.247746 0.286500
v 0.162196 1.238315 0.286500
v 0.166311 1.229522 0.286500
v 0.172078 1.221714 0.286500
v 0.083823 1.259214 0.281500
v 0.117316 1.172132 0.281500
v 0.117316 1.172132 0.286500
v 0.083823 1.259214 0.286500
v 0.227114 1.261902 0.281500
v 0.179340 1.261625 0.281500
v 0.131574 1.260729 0.281500
v 0.083823 1.259214 0.281500
v 0.083823 1.259214 0.286500
v 0.131574 1.260729 0.286500
v 0.179340 1.261625 0.286500
v 0.227114 1.261902 0.286500
v 0.370405 1.259214 0.281500
v 0.322654 1.260729 0.281500
v 0.274888 1.261625 0.281500
v 0.227114 1.261902 0.281500
v 0.227114 1.261902 0.286500
v 0.274888 1.261625 0.286500
v 0.322654 1.260729 0.286500
v 0.370405 1.259214 0.286500
v 0.336912 1.172132 0.281500
v 0.370405 1.259214 0.281500
v 0.370405 1.259214 0.286500
v 0.336912 1.172132 0.286500
v 0.117316 1.172132 0.281500
v 0.336912 1.172132 0.281500
v 0.336912 1.172132 0.286500
v 0.117316 1.172132 0.286500
v 0.172078 1.221714 0.286500
v 0.166311 1.229522 0.286500
v 0.162196 1.238315 0.286500
v 0.159895 1.247746 0.286500
v 0.294333 1.247746 0.286500
v 0.292032 1.238315 0.286500
v 0.287917 1.229522 0.286500
v 0.282150 1.221714 0.286500
v 0.265667 1.210357 0.286500
v 0.246970 1.203211 0.286500
v 0.227114 1.200679 0.286500
v 0.207258 1.203211 0.286500
v 0.188561 1.210357 0.286500
v 0.117316 1.172132 0.286500
v 0.336912 1.172132 0.286500
v 0.370405 1.259214 0.286500
v 0.322654 1.260729 0.286500
v 0.274888 1.261625 0.286500
v 0.227114 1.261902 0.286500
v 0.179340 1.261625 0.286500
v 0.131574 1.260729 0.286500
v 0.083823 1.259214 0.286500
v 0.169995 1.241082 0.281500
v 0.284233 1.241082 0.281500
v 0.265896 1.233957 0.281500
v 0.246722 1.229553 0.281500
v 0.227114 1.227961 0.281500
v 0.207506 1.229553 0.281500
v 0.188333 1.233957 0.281500
v 0.168017 1.237021 0.281500
v 0.186932 1.229303 0.281500
v 0.206774 1.224444 0.281500
v 0.227114 1.222547 0.281500
v 0.247454 1.224444 0.281500
v 0.267296 1.229303 0.281500
v 0.286211 1.237021 0.281500
v 0.269477 1.221782 0.281500
v 0.249294 1.211540 0.281500
v 0.227114 1.207031 0.281500
v 0.204935 1.211540 0.281500
v 0.184751 1.221782 0.281500
v 0.172078 1.221714 0.281500
v 0.188561 1.210357 0.281500
v 0.207258 1.203211 0.281500
v 0.227114 1.200679 0.281500
v 0.246970 1.203211 0.281500
v 0.265667 1.210357 0.281500
v 0.282150 1.221714 0.281500
v 0.287917 1.229522 0.281500
v 0.292032 1.238315 0.281500
v 0.294333 1.247746 0.281500
v 0.159895 1.247746 0.281500
v 0.162196 1.238315 0.281500
v 0.166311 1.229522 0.281500
v 0.084386 1.011685 0.281500
v 0.112238 1.168407 0.281500
v 0.112238 1.168407 0.286500
v 0.084386 1.011685 0.286500
v 0.078797 1.256552 0.281500
v 0.068065 1.208022 0.281500
v 0.063232 1.158556 0.281500
v 0.064366 1.108868 0.281500
v 0.071451 1.059674 0.281500
v 0.084386 1.011685 0.281500
v 0.084386 1.011685 0.286500
v 0.071451 1.059674 0.286500
v 0.064366 1.108868 0.286500
v 0.063232 1.158556 0.286500
v 0.068065 1.208022 0.286500
v 0.078797 1.256552 0.286500
v 0.112238 1.168407 0.281500
v 0.078797 1.256552 0.281500
v 0.078797 1.256552 0.286500
v 0.112238 1.168407 0.286500
v 0.112238 1.168407 0.286500
v 0.078797 1.256552 0.286500
v 0.068065 1.208022 0.286500
v 0.063232 1.158556 0.286500
v 0.064366 1.108868 0.286500
v 0.071451 1.059674 0.286500
v 0.084386 1.011685 0.286500
v 0.376937 1.611038 0.289500
v 0.376937 1.729164 0.289500
v 0.376937 1.729164 0.291500
v 0.376937 1.611038 0.291500
v 0.376937 1.524426 0.289500
v 0.366610 1.540216 0.289500
v 0.361222 1.558298 0.289500
v 0.361222 1.577166 0.289500
v 0.366610 1.595248 0.289500
v 0.376937 1.611038 0.289500
v 0.376937 1.611038 0.291500
v 0.366610 1.595248 0.291500
v 0.361222 1.577166 0.291500
v 0.361222 1.558298 0.291500
v 0.366610 1.540216 0.291500
v 0.376937 1.524426 0.291500
v 0.376937 1.410476 0.289500
v 0.376937 1.524426 0.289500
v 0.376937 1.524426 0.291500
v 0.376937 1.409845 0.291500
v 0.376937 1.409845 0.281500
v 0.376937 1.410476 0.281500
v 0.374937 1.407845 0.281500
v 0.375555 1.407943 0.281500
v 0.376112 1.408227 0.281500
v 0.376555 1.408670 0.281500
v 0.376839 1.409227 0.281500
v 0.376937 1.409845 0.281500
v 0.376937 1.409845 0.291500
v 0.376839 1.409227 0.291500
v 0.376555 1.408670 0.291500
v 0.376112 1.408227 0.291500
v 0.375555 1.407943 0.291500
v 0.374937 1.407845 0.291500
v 0.069190 1.407845 0.281500
v 0.374937 1.407845 0.281500
v 0.374937 1.407845 0.291500
v 0.069190 1.407845 0.291500
v 0.067190 1.409845 0.281500
v 0.067288 1.409227 0.281500
v 0.067572 1.408670 0.281500
v 0.068014 1.408227 0.281500
v 0.068572 1.407943 0.281500
v 0.069190 1.407845 0.281500
v 0.069190 1.407845 0.291500
v 0.068572 1.407943 0.291500
v 0.068014 1.408227 0.291500
v 0.067572 1.408670 0.291500
v 0.067288 1.409227 0.291500
v 0.067190 1.409845 0.291500
v 0.069190 1.731164 0.289500
v 0.068572 1.731066 0.289500
v 0.068014 1.730782 0.289500
v 0.067572 1.730339 0.289500
v 0.067288 1.729782 0.289500
v 0.067190 1.729164 0.289500
v 0.067190 1.729164 0.291500
v 0.067288 1.729782 0.291500
v 0.067572 1.730339 0.291500
v 0.068014 1.730782 0.291500
v 0.068572 1.731066 0.291500
v 0.069190 1.731164 0.291500
v 0.374937 1.731164 0.289500
v 0.069190 1.731164 0.289500
v 0.069190 1.731164 0.291500
v 0.374937 1.731164 0.291500
v 0.376937 1.729164 0.289500
v 0.376839 1.729782 0.289500
v 0.376555 1.730339 0.289500
v 0.376112 1.730782 0.289500
v 0.375555 1.731066 0.289500
v 0.374937 1.731164 0.289500
v 0.374937 1.731164 0.291500
v 0.375555 1.731066 0.291500
v 0.376112 1.730782 0.291500
v 0.376555 1.730339 0.291500
v 0.376839 1.729782 0.291500
v 0.376937 1.729164 0.291500
v 0.376937 1.729164 0.291500
v 0.376839 1.729782 0.291500
v 0.376555 1.730339 0.291500
v 0.376112 1.730782 0.291500
v 0.375555 1.731066 0.291500
v 0.374937 1.731164 0.291500
v 0.069190 1.731164 0.291500
v 0.068572 1.731066 0.291500
v 0.068014 1.730782 0.291500
v 0.067572 1.730339 0.291500
v 0.067288 1.729782 0.291500
v 0.067190 1.729164 0.291500
v 0.067190 1.409845 0.291500
v 0.067288 1.409227 0.291500
v 0.067572 1.408670 0.291500
v 0.068014 1.408227 0.291500
v 0.068572 1.407943 0.291500
v 0.069190 1.407845 0.291500
v 0.374937 1.407845 0.291500
v 0.375555 1.407943 0.291500
v 0.376112 1.408227 0.291500
v 0.376555 1.408670 0.291500
v 0.376839 1.409227 0.291500
v 0.376937 1.409845 0.291500
v 0.376937 1.524426 0.291500
v 0.366610 1.540216 0.291500
v 0.361222 1.558298 0.291500
v 0.361222 1.577166 0.291500
v 0.366610 1.595248 0.291500
v 0.376937 1.611038 0.291500
v -0.063063 1.208705 0.289500
v -0.063063 1.326830 0.289500
v -0.063063 1.326830 0.291500
v -0.063063 1.208705 0.291500
v -0.063063 1.122093 0.289500
v -0.073390 1.137883 0.289500
v -0.078778 1.155965 0.289500
v -0.078778 1.174832 0.289500
v -0.073390 1.192914 0.289500
v -0.063063 1.208705 0.289500
v -0.063063 1.208705 0.291500
v -0.073390 1.192914 0.291500
v -0.078778 1.174832 0.291500
v -0.078778 1.155965 0.291500
v -0.073390 1.137883 0.291500
v -0.063063 1.122093 0.291500
v -0.063063 1.007512 0.289500
v -0.063063 1.122093 0.289500
v -0.063063 1.122093 0.291500
v -0.063063 1.007512 0.291500
v -0.063353 1.006476 0.289500
v -0.063194 1.006802 0.289500
v -0.063096 1.007151 0.289500
v -0.063063 1.007512 0.289500
v -0.063063 1.007512 0.291500
v -0.063161 1.006894 0.291500
v -0.063445 1.006336 0.291500
v -0.063888 1.005894 0.291500
v -0.064445 1.005610 0.291500
v -0.065063 1.005512 0.291500
v -0.065063 1.005512 0.281500
v -0.064392 1.005628 0.281500
v -0.063799 1.005962 0.281500
v -0.063353 1.006476 0.281500
v -0.370810 1.005512 0.281500
v -0.065063 1.005512 0.281500
v -0.065063 1.005512 0.291500
v -0.370810 1.005512 0.291500
v -0.063063 1.326830 0.291500
v -0.063161 1.327448 0.291500
v -0.063445 1.328006 0.291500
v -0.063888 1.328448 0.291500
v -0.064445 1.328732 0.291500
v -0.065063 1.328830 0.291500
v -0.370810 1.328830 0.291500
v -0.371428 1.328732 0.291500
v -0.371986 1.328448 0.291500
v -0.372428 1.328006 0.291500
v -0.372712 1.327448 0.291500
v -0.372810 1.326830 0.291500
v -0.372810 1.007512 0.291500
v -0.372712 1.006894 0.291500
v -0.372428 1.006336 0.291500
v -0.371986 1.005894 0.291500
v -0.371428 1.005610 0.291500
v -0.370810 1.005512 0.291500
v -0.065063 1.005512 0.291500
v -0.064445 1.005610 0.291500
v -0.063888 1.005894 0.291500
v -0.063445 1.006336 0.291500
v -0.063161 1.006894 0.291500
v -0.063063 1.007512 0.291500
v -0.063063 1.122093 0.291500
v -0.073390 1.137883 0.291500
v -0.078778 1.155965 0.291500
v -0.078778 1.174832 0.291500
v -0.073390 1.192914 0.291500
v -0.063063 1.208705 0.291500
v 0.044641 0.207869 0.281500
v 0.044739 0.207251 0.281500
v 0.045023 0.206693 0.281500
v 0.045465 0.206251 0.281500
v 0.046023 0.205967 0.281500
v 0.046641 0.205869 0.281500
v 0.046641 0.205869 0.293500
v 0.046023 0.205967 0.293500
v 0.045465 0.206251 0.293500
v 0.045023 0.206693 0.293500
v 0.044739 0.207251 0.293500
v 0.044641 0.207869 0.293500
v 0.044641 0.516964 0.281500
v 0.044641 0.207869 0.281500
v 0.044641 0.207869 0.293500
v 0.044641 0.516964 0.293500
v 0.046641 0.518964 0.281500
v 0.046023 0.518866 0.281500
v 0.045465 0.518582 0.281500
v 0.045023 0.518140 0.281500
v 0.044739 0.517582 0.281500
v 0.044641 0.516964 0.281500
v 0.044641 0.516964 0.293500
v 0.044739 0.517582 0.293500
v 0.045023 0.518140 0.293500
v 0.045465 0.518582 0.293500
v 0.046023 0.518866 0.293500
v 0.046641 0.518964 0.293500
v 0.046641 0.518964 0.293500
v 0.046023 0.518866 0.293500
v 0.045465 0.518582 0.293500
v 0.045023 0.518140 0.293500
v 0.044739 0.517582 0.293500
v 0.044641 0.516964 0.293500
v 0.044641 0.207869 0.293500
v 0.044739 0.207251 0.293500
v 0.045023 0.206693 0.293500
v 0.045465 0.206251 0.293500
v 0.046023 0.205967 0.293500
v 0.046641 0.205869 0.293500
v 0.065190 0.205869 0.293500
v 0.065190 0.518964 0.293500
v 0.378937 0.519356 0.289500
v 0.378937 0.205264 0.289500
v 0.378937 0.205264 0.293500
v 0.378937 0.519356 0.293500
v 0.384161 0.519356 0.289500
v 0.378937 0.519356 0.289500
v 0.378937 0.519356 0.293500
v 0.391472 0.519356 0.293500
v 0.391472 0.519356 0.281500
v 0.384161 0.519356 0.281500
v 0.393426 0.517781 0.281500
v 0.393174 0.518407 0.281500
v 0.392727 0.518913 0.281500
v 0.392137 0.519242 0.281500
v 0.391472 0.519356 0.281500
v 0.391472 0.519356 0.293500
v 0.392137 0.519242 0.293500
v 0.392727 0.518913 0.293500
v 0.393174 0.518407 0.293500
v 0.393426 0.517781 0.293500
v 0.394114 0.206847 0.281500
v 0.406335 0.284169 0.281500
v 0.410308 0.362351 0.281500
v 0.405989 0.440513 0.281500
v 0.393426 0.517781 0.281500
v 0.393426 0.517781 0.293500
v 0.405989 0.440513 0.293500
v 0.410308 0.362351 0.293500
v 0.406335 0.284169 0.293500
v 0.394114 0.206847 0.293500
v 0.392158 0.205264 0.281500
v 0.392826 0.205378 0.281500
v 0.393417 0.205709 0.281500
v 0.393863 0.206218 0.281500
v 0.394114 0.206847 0.281500
v 0.394114 0.206847 0.293500
v 0.393863 0.206218 0.293500
v 0.393417 0.205709 0.293500
v 0.392826 0.205378 0.293500
v 0.392158 0.205264 0.293500
v 0.384161 0.205264 0.289500
v 0.384161 0.205264 0.281500
v 0.392158 0.205264 0.281500
v 0.392158 0.205264 0.293500
v 0.378937 0.205264 0.293500
v 0.378937 0.205264 0.289500
v 0.378937 0.205264 0.293500
v 0.392158 0.205264 0.293500
v 0.392826 0.205378 0.293500
v 0.393417 0.205709 0.293500
v 0.393863 0.206218 0.293500
v 0.394114 0.206847 0.293500
v 0.406335 0.284169 0.293500
v 0.410308 0.362351 0.293500
v 0.405989 0.440513 0.293500
v 0.393426 0.517781 0.293500
v 0.393174 0.518407 0.293500
v 0.392727 0.518913 0.293500
v 0.392137 0.519242 0.293500
v 0.391472 0.519356 0.293500
v 0.378937 0.519356 0.293500
v 0.044641 0.610202 0.281500
v 0.044739 0.609584 0.281500
v 0.045023 0.609027 0.281500
v 0.045465 0.608584 0.281500
v 0.046023 0.608300 0.281500
v 0.046641 0.608202 0.281500
v 0.046641 0.608202 0.293500
v 0.046023 0.608300 0.293500
v 0.045465 0.608584 0.293500
v 0.045023 0.609027 0.293500
v 0.044739 0.609584 0.293500
v 0.044641 0.610202 0.293500
v 0.044641 0.919298 0.281500
v 0.044641 0.610202 0.281500
v 0.044641 0.610202 0.293500
v 0.044641 0.919298 0.293500
v 0.046641 0.921298 0.281500
v 0.046023 0.921200 0.281500
v 0.045465 0.920916 0.281500
v 0.045023 0.920473 0.281500
v 0.044739 0.919916 0.281500
v 0.044641 0.919298 0.281500
v 0.044641 0.919298 0.293500
v 0.044739 0.919916 0.293500
v 0.045023 0.920473 0.293500
v 0.045465 0.920916 0.293500
v 0.046023 0.921200 0.293500
v 0.046641 0.921298 0.293500
v 0.046641 0.921298 0.293500
v 0.046023 0.921200 0.293500
v 0.045465 0.920916 0.293500
v 0.045023 0.920473 0.293500
v 0.044739 0.919916 0.293500
v 0.044641 0.919298 0.293500
v 0.044641 0.610202 0.293500
v 0.044739 0.609584 0.293500
v 0.045023 0.609027 0.293500
v 0.045465 0.608584 0.293500
v 0.046023 0.608300 0.293500
v 0.046641 0.608202 0.293500
v 0.065190 0.608202 0.293500
v 0.065190 0.921298 0.293500
v 0.378937 0.921689 0.289500
v 0.378937 0.607597 0.289500
v 0.378937 0.607597 0.293500
v 0.378937 0.921689 0.293500
v 0.384161 0.921689 0.289500
v 0.378937 0.921689 0.289500
v 0.378937 0.921689 0.293500
v 0.391472 0.921689 0.293500
v 0.391472 0.921689 0.281500
v 0.384161 0.921689 0.281500
v 0.393426 0.920114 0.281500
v 0.393174 0.920740 0.281500
v 0.392727 0.921246 0.281500
v 0.392137 0.921575 0.281500
v 0.391472 0.921689 0.281500
v 0.391472 0.921689 0.293500
v 0.392137 0.921575 0.293500
v 0.392727 0.921246 0.293500
v 0.393174 0.920740 0.293500
v 0.393426 0.920114 0.293500
v 0.394114 0.609181 0.281500
v 0.406335 0.686503 0.281500
v 0.410308 0.764684 0.281500
v 0.405989 0.842847 0.281500
v 0.393426 0.920114 0.281500
v 0.393426 0.920114 0.293500
v 0.405989 0.842847 0.293500
v 0.410308 0.764684 0.293500
v 0.406335 0.686503 0.293500
v 0.394114 0.609181 0.293500
v 0.392158 0.607597 0.281500
v 0.392826 0.607712 0.281500
v 0.393417 0.608042 0.281500
v 0.393863 0.608552 0.281500
v 0.394114 0.609181 0.281500
v 0.394114 0.609181 0.293500
v 0.393863 0.608552 0.293500
v 0.393417 0.608042 0.293500
v 0.392826 0.607712 0.293500
v 0.392158 0.607597 0.293500
v 0.384161 0.607597 0.289500
v 0.384161 0.607597 0.281500
v 0.392158 0.607597 0.281500
v 0.392158 0.607597 0.293500
v 0.378937 0.607597 0.293500
v 0.378937 0.607597 0.289500
v 0.378937 0.607597 0.293500
v 0.392158 0.607597 0.293500
v 0.392826 0.607712 0.293500
v 0.393417 0.608042 0.293500
v 0.393863 0.608552 0.293500
v 0.394114 0.609181 0.293500
v 0.406335 0.686503 0.293500
v 0.410308 0.764684 0.293500
v 0.405989 0.842847 0.293500
v 0.393426 0.920114 0.293500
v 0.393174 0.920740 0.293500
v 0.392727 0.921246 0.293500
v 0.392137 0.921575 0.293500
v 0.391472 0.921689 0.293500
v 0.378937 0.921689 0.293500
v 0.044641 1.414869 0.281500
v 0.044739 1.414251 0.281500
v 0.045023 1.413694 0.281500
v 0.045465 1.413251 0.281500
v 0.046023 1.412967 0.281500
v 0.046641 1.412869 0.281500
v 0.046641 1.412869 0.293500
v 0.046023 1.412967 0.293500
v 0.045465 1.413251 0.293500
v 0.045023 1.413694 0.293500
v 0.044739 1.414251 0.293500
v 0.044641 1.414869 0.293500
v 0.044641 1.723964 0.281500
v 0.044641 1.414869 0.281500
v 0.044641 1.414869 0.293500
v 0.044641 1.723964 0.293500
v 0.046641 1.725964 0.281500
v 0.046023 1.725867 0.281500
v 0.045465 1.725582 0.281500
v 0.045023 1.725140 0.281500
v 0.044739 1.724582 0.281500
v 0.044641 1.723964 0.281500
v 0.044641 1.723964 0.293500
v 0.044739 1.724582 0.293500
v 0.045023 1.725140 0.293500
v 0.045465 1.725582 0.293500
v 0.046023 1.725867 0.293500
v 0.046641 1.725964 0.293500
v 0.046641 1.725964 0.293500
v 0.046023 1.725867 0.293500
v 0.045465 1.725582 0.293500
v 0.045023 1.725140 0.293500
v 0.044739 1.724582 0.293500
v 0.044641 1.723964 0.293500
v 0.044641 1.414869 0.293500
v 0.044739 1.414251 0.293500
v 0.045023 1.413694 0.293500
v 0.045465 1.413251 0.293500
v 0.046023 1.412967 0.293500
v 0.046641 1.412869 0.293500
v 0.065190 1.412869 0.293500
v 0.065190 1.725964 0.293500
v 0.378937 1.726356 0.289500
v 0.378937 1.412264 0.289500
v 0.378937 1.412264 0.293500
v 0.378937 1.726356 0.293500
v 0.384161 1.726356 0.289500
v 0.378937 1.726356 0.289500
v 0.378937 1.726356 0.293500
v 0.391472 1.726356 0.293500
v 0.391472 1.726356 0.281500
v 0.384161 1.726356 0.281500
v 0.393426 1.724781 0.281500
v 0.393174 1.725407 0.281500
v 0.392727 1.725913 0.281500
v 0.392137 1.726242 0.281500
v 0.391472 1.726356 0.281500
v 0.391472 1.726356 0.293500
v 0.392137 1.726242 0.293500
v 0.392727 1.725913 0.293500
v 0.393174 1.725407 0.293500
v 0.393426 1.724781 0.293500
v 0.394114 1.413847 0.281500
v 0.406335 1.491170 0.281500
v 0.410308 1.569351 0.281500
v 0.405989 1.647513 0.281500
v 0.393426 1.724781 0.281500
v 0.393426 1.724781 0.293500
v 0.405989 1.647513 0.293500
v 0.410308 1.569351 0.293500
v 0.406335 1.491170 0.293500
v 0.394114 1.413847 0.293500
v 0.392158 1.412264 0.281500
v 0.392826 1.412378 0.281500
v 0.393417 1.412709 0.281500
v 0.393863 1.413218 0.281500
v 0.394114 1.413847 0.281500
v 0.394114 1.413847 0.293500
v 0.393863 1.413218 0.293500
v 0.393417 1.412709 0.293500
v 0.392826 1.412378 0.293500
v 0.392158 1.412264 0.293500
v 0.384150 1.412264 0.289500
v 0.384150 1.412264 0.281500
v 0.392158 1.412264 0.281500
v 0.392158 1.412264 0.293500
v 0.378937 1.412264 0.293500
v 0.378937 1.412264 0.289500
v 0.378937 1.412264 0.293500
v 0.392158 1.412264 0.293500
v 0.392826 1.412378 0.293500
v 0.393417 1.412709 0.293500
v 0.393863 1.413218 0.293500
v 0.394114 1.413847 0.293500
v 0.406335 1.491170 0.293500
v 0.410308 1.569351 0.293500
v 0.405989 1.647513 0.293500
v 0.393426 1.724781 0.293500
v 0.393174 1.725407 0.293500
v 0.392727 1.725913 0.293500
v 0.392137 1.726242 0.293500
v 0.391472 1.726356 0.293500
v 0.378937 1.726356 0.293500
v -0.395359 0.207869 0.281500
v -0.395261 0.207251 0.281500
v -0.394977 0.206693 0.281500
v -0.394535 0.206251 0.281500
v -0.393977 0.205967 0.281500
v -0.393359 0.205869 0.281500
v -0.393359 0.205869 0.293500
v -0.393977 0.205967 0.293500
v -0.394535 0.206251 0.293500
v -0.394977 0.206693 0.293500
v -0.395261 0.207251 0.293500
v -0.395359 0.207869 0.293500
v -0.395359 0.516964 0.281500
v -0.395359 0.207869 0.281500
v -0.395359 0.207869 0.293500
v -0.395359 0.516964 0.293500
v -0.393359 0.518964 0.281500
v -0.393977 0.518866 0.281500
v -0.394535 0.518582 0.281500
v -0.394977 0.518140 0.281500
v -0.395261 0.517582 0.281500
v -0.395359 0.516964 0.281500
v -0.395359 0.516964 0.293500
v -0.395261 0.517582 0.293500
v -0.394977 0.518140 0.293500
v -0.394535 0.518582 0.293500
v -0.393977 0.518866 0.293500
v -0.393359 0.518964 0.293500
v -0.393359 0.518964 0.293500
v -0.393977 0.518866 0.293500
v -0.394535 0.518582 0.293500
v -0.394977 0.518140 0.293500
v -0.395261 0.517582 0.293500
v -0.395359 0.516964 0.293500
v -0.395359 0.207869 0.293500
v -0.395261 0.207251 0.293500
v -0.394977 0.206693 0.293500
v -0.394535 0.206251 0.293500
v -0.393977 0.205967 0.293500
v -0.393359 0.205869 0.293500
v -0.374810 0.205869 0.293500
v -0.374810 0.518964 0.293500
v -0.061063 0.519356 0.289500
v -0.061063 0.205264 0.289500
v -0.061063 0.205264 0.293500
v -0.061063 0.519356 0.293500
v -0.053839 0.519356 0.289500
v -0.061063 0.519356 0.289500
v -0.061063 0.519356 0.293500
v -0.048528 0.519356 0.293500
v -0.048528 0.519356 0.281500
v -0.053839 0.519356 0.281500
v -0.046574 0.517781 0.281500
v -0.046826 0.518407 0.281500
v -0.047273 0.518913 0.281500
v -0.047863 0.519242 0.281500
v -0.048528 0.519356 0.281500
v -0.048528 0.519356 0.293500
v -0.047863 0.519242 0.293500
v -0.047273 0.518913 0.293500
v -0.046826 0.518407 0.293500
v -0.046574 0.517781 0.293500
v -0.045886 0.206847 0.281500
v -0.033665 0.284169 0.281500
v -0.029692 0.362351 0.281500
v -0.034011 0.440513 0.281500
v -0.046574 0.517781 0.281500
v -0.046574 0.517781 0.293500
v -0.034011 0.440513 0.293500
v -0.029692 0.362351 0.293500
v -0.033665 0.284169 0.293500
v -0.045886 0.206847 0.293500
v -0.047842 0.205264 0.281500
v -0.047174 0.205378 0.281500
v -0.046583 0.205709 0.281500
v -0.046137 0.206218 0.281500
v -0.045886 0.206847 0.281500
v -0.045886 0.206847 0.293500
v -0.046137 0.206218 0.293500
v -0.046583 0.205709 0.293500
v -0.047174 0.205378 0.293500
v -0.047842 0.205264 0.293500
v -0.053839 0.205264 0.289500
v -0.053839 0.205264 0.281500
v -0.047842 0.205264 0.281500
v -0.047842 0.205264 0.293500
v -0.061063 0.205264 0.293500
v -0.061063 0.205264 0.289500
v -0.061063 0.205264 0.293500
v -0.047842 0.205264 0.293500
v -0.047174 0.205378 0.293500
v -0.046583 0.205709 0.293500
v -0.046137 0.206218 0.293500
v -0.045886 0.206847 0.293500
v -0.033665 0.284169 0.293500
v -0.029692 0.362351 0.293500
v -0.034011 0.440513 0.293500
v -0.046574 0.517781 0.293500
v -0.046826 0.518407 0.293500
v -0.047273 0.518913 0.293500
v -0.047863 0.519242 0.293500
v -0.048528 0.519356 0.293500
v -0.061063 0.519356 0.293500
v -0.395359 0.610202 0.281500
v -0.395261 0.609584 0.281500
v -0.394977 0.609027 0.281500
v -0.394535 0.608584 0.281500
v -0.393977 0.608300 0.281500
v -0.393359 0.608202 0.281500
v -0.393359 0.608202 0.293500
v -0.393977 0.608300 0.293500
v -0.394535 0.608584 0.293500
v -0.394977 0.609027 0.293500
v -0.395261 0.609584 0.293500
v -0.395359 0.610202 0.293500
v -0.395359 0.919298 0.281500
v -0.395359 0.610202 0.281500
v -0.395359 0.610202 0.293500
v -0.395359 0.919298 0.293500
v -0.393359 0.921298 0.281500
v -0.393977 0.921200 0.281500
v -0.394535 0.920916 0.281500
v -0.394977 0.920473 0.281500
v -0.395261 0.919916 0.281500
v -0.395359 0.919298 0.281500
v -0.395359 0.919298 0.293500
v -0.395261 0.919916 0.293500
v -0.394977 0.920473 0.293500
v -0.394535 0.920916 0.293500
v -0.393977 0.921200 0.293500
v -0.393359 0.921298 0.293500
v -0.393359 0.921298 0.293500
v -0.393977 0.921200 0.293500
v -0.394535 0.920916 0.293500
v -0.394977 0.920473 0.293500
v -0.395261 0.919916 0.293500
v -0.395359 0.919298 0.293500
v -0.395359 0.610202 0.293500
v -0.395261 0.609584 0.293500
v -0.394977 0.609027 0.293500
v -0.394535 0.608584 0.293500
v -0.393977 0.608300 0.293500
v -0.393359 0.608202 0.293500
v -0.374810 0.608202 0.293500
v -0.374810 0.921298 0.293500
v -0.061063 0.921689 0.289500
v -0.061063 0.607597 0.289500
v -0.061063 0.607597 0.293500
v -0.061063 0.921689 0.293500
v -0.053839 0.921689 0.289500
v -0.061063 0.921689 0.289500
v -0.061063 0.921689 0.293500
v -0.048528 0.921689 0.293500
v -0.048528 0.921689 0.281500
v -0.053839 0.921689 0.281500
v -0.046574 0.920114 0.281500
v -0.046826 0.920740 0.281500
v -0.047273 0.921246 0.281500
v -0.047863 0.921575 0.281500
v -0.048528 0.921689 0.281500
v -0.048528 0.921689 0.293500
v -0.047863 0.921575 0.293500
v -0.047273 0.921246 0.293500
v -0.046826 0.920740 0.293500
v -0.046574 0.920114 0.293500
v -0.045886 0.609181 0.281500
v -0.033665 0.686503 0.281500
v -0.029692 0.764684 0.281500
v -0.034011 0.842847 0.281500
v -0.046574 0.920114 0.281500
v -0.046574 0.920114 0.293500
v -0.034011 0.842847 0.293500
v -0.029692 0.764684 0.293500
v -0.033665 0.686503 0.293500
v -0.045886 0.609181 0.293500
v -0.047842 0.607597 0.281500
v -0.047174 0.607712 0.281500
v -0.046583 0.608042 0.281500
v -0.046137 0.608552 0.281500
v -0.045886 0.609181 0.281500
v -0.045886 0.609181 0.293500
v -0.046137 0.608552 0.293500
v -0.046583 0.608042 0.293500
v -0.047174 0.607712 0.293500
v -0.047842 0.607597 0.293500
v -0.053839 0.607597 0.289500
v -0.053839 0.607597 0.281500
v -0.047842 0.607597 0.281500
v -0.047842 0.607597 0.293500
v -0.061063 0.607597 0.293500
v -0.061063 0.607597 0.289500
v -0.061063 0.607597 0.293500
v -0.047842 0.607597 0.293500
v -0.047174 0.607712 0.293500
v -0.046583 0.608042 0.293500
v -0.046137 0.608552 0.293500
v -0.045886 0.609181 0.293500
v -0.033665 0.686503 0.293500
v -0.029692 0.764684 0.293500
v -0.034011 0.842847 0.293500
v -0.046574 0.920114 0.293500
v -0.046826 0.920740 0.293500
v -0.047273 0.921246 0.293500
v -0.047863 0.921575 0.293500
v -0.048528 0.921689 0.293500
v -0.061063 0.921689 0.293500
v -0.395359 1.012536 0.281500
v -0.395261 1.011918 0.281500
v -0.394977 1.011360 0.281500
v -0.394535 1.010918 0.281500
v -0.393977 1.010634 0.281500
v -0.393359 1.010536 0.281500
v -0.393359 1.010536 0.293500
v -0.393977 1.010634 0.293500
v -0.394535 1.010918 0.293500
v -0.394977 1.011360 0.293500
v -0.395261 1.011918 0.293500
v -0.395359 1.012536 0.293500
v -0.395359 1.321631 0.281500
v -0.395359 1.012536 0.281500
v -0.395359 1.012536 0.293500
v -0.395359 1.321631 0.293500
v -0.393359 1.323631 0.281500
v -0.393977 1.323533 0.281500
v -0.394535 1.323249 0.281500
v -0.394977 1.322807 0.281500
v -0.395261 1.322249 0.281500
v -0.395359 1.321631 0.281500
v -0.395359 1.321631 0.293500
v -0.395261 1.322249 0.293500
v -0.394977 1.322807 0.293500
v -0.394535 1.323249 0.293500
v -0.393977 1.323533 0.293500
v -0.393359 1.323631 0.293500
v -0.393359 1.323631 0.293500
v -0.393977 1.323533 0.293500
v -0.394535 1.323249 0.293500
v -0.394977 1.322807 0.293500
v -0.395261 1.322249 0.293500
v -0.395359 1.321631 0.293500
v -0.395359 1.012536 0.293500
v -0.395261 1.011918 0.293500
v -0.394977 1.011360 0.293500
v -0.394535 1.010918 0.293500
v -0.393977 1.010634 0.293500
v -0.393359 1.010536 0.293500
v -0.374810 1.010536 0.293500
v -0.374810 1.323631 0.293500
v -0.061063 1.324022 0.289500
v -0.061063 1.009930 0.289500
v -0.061063 1.009930 0.293500
v -0.061063 1.324022 0.293500
v -0.053839 1.324022 0.289500
v -0.061063 1.324022 0.289500
v -0.061063 1.324022 0.293500
v -0.048528 1.324022 0.293500
v -0.048528 1.324022 0.281500
v -0.053839 1.324022 0.281500
v -0.046574 1.322447 0.281500
v -0.046826 1.323073 0.281500
v -0.047273 1.323580 0.281500
v -0.047863 1.323908 0.281500
v -0.048528 1.324022 0.281500
v -0.048528 1.324022 0.293500
v -0.047863 1.323908 0.293500
v -0.047273 1.323580 0.293500
v -0.046826 1.323073 0.293500
v -0.046574 1.322447 0.293500
v -0.045886 1.011514 0.281500
v -0.033665 1.088836 0.281500
v -0.029692 1.167017 0.281500
v -0.034011 1.245180 0.281500
v -0.046574 1.322447 0.281500
v -0.046574 1.322447 0.293500
v -0.034011 1.245180 0.293500
v -0.029692 1.167017 0.293500
v -0.033665 1.088836 0.293500
v -0.045886 1.011514 0.293500
v -0.047842 1.009930 0.281500
v -0.047174 1.010045 0.281500
v -0.046583 1.010376 0.281500
v -0.046137 1.010885 0.281500
v -0.045886 1.011514 0.281500
v -0.045886 1.011514 0.293500
v -0.046137 1.010885 0.293500
v -0.046583 1.010376 0.293500
v -0.047174 1.010045 0.293500
v -0.047842 1.009930 0.293500
v -0.053839 1.009930 0.289500
v -0.053839 1.009930 0.281500
v -0.047842 1.009930 0.281500
v -0.047842 1.009930 0.293500
v -0.061063 1.009930 0.293500
v -0.061063 1.009930 0.289500
v -0.061063 1.009930 0.293500
v -0.047842 1.009930 0.293500
v -0.047174 1.010045 0.293500
v -0.046583 1.010376 0.293500
v -0.046137 1.010885 0.293500
v -0.045886 1.011514 0.293500
v -0.033665 1.088836 0.293500
v -0.029692 1.167017 0.293500
v -0.034011 1.245180 0.293500
v -0.046574 1.322447 0.293500
v -0.046826 1.323073 0.293500
v -0.047273 1.323580 0.293500
v -0.047863 1.323908 0.293500
v -0.048528 1.324022 0.293500
v -0.061063 1.324022 0.293500
v 0.069190 0.526163 0.289500
v 0.374937 0.526163 0.289500
v 0.374937 0.526163 0.291500
v 0.069190 0.526163 0.291500
v 0.042641 0.516964 0.281500
v 0.042837 0.518200 0.281500
v 0.043405 0.519315 0.281500
v 0.044290 0.520200 0.281500
v 0.045405 0.520769 0.281500
v 0.046641 0.520964 0.281500
v 0.046641 0.520964 0.291500
v 0.045405 0.520769 0.291500
v 0.044290 0.520200 0.291500
v 0.043405 0.519315 0.291500
v 0.042837 0.518200 0.291500
v 0.042641 0.516964 0.291500
v 0.042641 0.207869 0.281500
v 0.042641 0.516964 0.281500
v 0.042641 0.516964 0.291500
v 0.042641 0.207869 0.291500
v 0.046641 0.203869 0.281500
v 0.045405 0.204065 0.281500
v 0.044290 0.204633 0.281500
v 0.043405 0.205518 0.281500
v 0.042837 0.206633 0.281500
v 0.042641 0.207869 0.281500
v 0.042641 0.207869 0.291500
v 0.042837 0.206633 0.291500
v 0.043405 0.205518 0.291500
v 0.044290 0.204633 0.291500
v 0.045405 0.204065 0.291500
v 0.046641 0.203869 0.291500
v 0.378937 0.202845 0.289500
v 0.378741 0.201609 0.289500
v 0.378173 0.200494 0.289500
v 0.377288 0.199609 0.289500
v 0.376173 0.199041 0.289500
v 0.374937 0.198845 0.289500
v 0.374937 0.198845 0.291500
v 0.376173 0.199041 0.291500
v 0.377288 0.199609 0.291500
v 0.378173 0.200494 0.291500
v 0.378741 0.201609 0.291500
v 0.378937 0.202845 0.291500
v 0.378937 0.203264 0.289500
v 0.378937 0.202845 0.289500
v 0.378937 0.202845 0.291500
v 0.378937 0.203264 0.291500
v 0.384161 0.203264 0.289500
v 0.378937 0.203264 0.289500
v 0.378937 0.203264 0.291500
v 0.392158 0.203264 0.291500
v 0.392158 0.203264 0.281500
v 0.384161 0.203264 0.281500
v 0.396071 0.206431 0.281500
v 0.395568 0.205173 0.281500
v 0.394675 0.204155 0.281500
v 0.393493 0.203493 0.281500
v 0.392158 0.203264 0.281500
v 0.392158 0.203264 0.291500
v 0.393493 0.203493 0.291500
v 0.394675 0.204155 0.291500
v 0.395568 0.205173 0.291500
v 0.396071 0.206431 0.291500
v 0.395381 0.518206 0.281500
v 0.407977 0.440729 0.281500
v 0.412308 0.362355 0.281500
v 0.408324 0.283962 0.281500
v 0.396071 0.206431 0.281500
v 0.396071 0.206431 0.291500
v 0.408324 0.283962 0.291500
v 0.412308 0.362355 0.291500
v 0.407977 0.440729 0.291500
v 0.395381 0.518206 0.291500
v 0.391472 0.521356 0.281500
v 0.392803 0.521128 0.281500
v 0.393982 0.520470 0.281500
v 0.394875 0.519458 0.281500
v 0.395381 0.518206 0.281500
v 0.395381 0.518206 0.291500
v 0.394875 0.519458 0.291500
v 0.393982 0.520470 0.291500
v 0.392803 0.521128 0.291500
v 0.391472 0.521356 0.291500
v 0.384161 0.521356 0.289500
v 0.384161 0.521356 0.281500
v 0.391472 0.521356 0.281500
v 0.391472 0.521356 0.291500
v 0.378937 0.521356 0.291500
v 0.378937 0.521356 0.289500
v 0.378937 0.522163 0.289500
v 0.378937 0.521356 0.289500
v 0.378937 0.521356 0.291500
v 0.378937 0.522163 0.291500
v 0.374937 0.526163 0.289500
v 0.376173 0.525968 0.289500
v 0.377288 0.525400 0.289500
v 0.378173 0.524515 0.289500
v 0.378741 0.523400 0.289500
v 0.378937 0.522163 0.289500
v 0.378937 0.522163 0.291500
v 0.378741 0.523400 0.291500
v 0.378173 0.524515 0.291500
v 0.377288 0.525400 0.291500
v 0.376173 0.525968 0.291500
v 0.374937 0.526163 0.291500
v 0.437936 0.544781 0.281500
v 0.028065 0.544781 0.281500
v 0.028065 0.544781 0.291500
v 0.437936 0.544781 0.291500
v 0.439936 0.542781 0.281500
v 0.439838 0.543399 0.281500
v 0.439554 0.543956 0.281500
v 0.439112 0.544399 0.281500
v 0.438554 0.544683 0.281500
v 0.437936 0.544781 0.281500
v 0.437936 0.544781 0.291500
v 0.438554 0.544683 0.291500
v 0.439112 0.544399 0.291500
v 0.439554 0.543956 0.291500
v 0.439838 0.543399 0.291500
v 0.439936 0.542781 0.291500
v 0.439936 0.181034 0.281500
v 0.439936 0.542781 0.281500
v 0.439936 0.542781 0.291500
v 0.439936 0.181034 0.291500
v 0.437936 0.179034 0.281500
v 0.438554 0.179132 0.281500
v 0.439112 0.179416 0.281500
v 0.439554 0.179859 0.281500
v 0.439838 0.180416 0.281500
v 0.439936 0.181034 0.281500
v 0.439936 0.181034 0.291500
v 0.439838 0.180416 0.291500
v 0.439554 0.179859 0.291500
v 0.439112 0.179416 0.291500
v 0.438554 0.179132 0.291500
v 0.437936 0.179034 0.291500
v 0.028065 0.179034 0.281500
v 0.437936 0.179034 0.281500
v 0.437936 0.179034 0.291500
v 0.028065 0.179034 0.291500
v 0.026065 0.181034 0.281500
v 0.026163 0.180416 0.281500
v 0.026447 0.179859 0.281500
v 0.026889 0.179416 0.281500
v 0.027447 0.179132 0.281500
v 0.028065 0.179034 0.281500
v 0.028065 0.179034 0.291500
v 0.027447 0.179132 0.291500
v 0.026889 0.179416 0.291500
v 0.026447 0.179859 0.291500
v 0.026163 0.180416 0.291500
v 0.026065 0.181034 0.291500
v 0.026065 0.542781 0.281500
v 0.026065 0.181034 0.281500
v 0.026065 0.181034 0.291500
v 0.026065 0.542781 0.291500
v 0.028065 0.544781 0.281500
v 0.027447 0.544683 0.281500
v 0.026889 0.544399 0.281500
v 0.026447 0.543956 0.281500
v 0.026163 0.543399 0.281500
v 0.026065 0.542781 0.281500
v 0.026065 0.542781 0.291500
v 0.026163 0.543399 0.291500
v 0.026447 0.543956 0.291500
v 0.026889 0.544399 0.291500
v 0.027447 0.544683 0.291500
v 0.028065 0.544781 0.291500
v 0.374937 0.526163 0.291500
v 0.376173 0.525968 0.291500
v 0.377288 0.525400 0.291500
v 0.378173 0.524515 0.291500
v 0.378741 0.523400 0.291500
v 0.378937 0.522163 0.291500
v 0.378937 0.521356 0.291500
v 0.391472 0.521356 0.291500
v 0.392803 0.521128 0.291500
v 0.393982 0.520470 0.291500
v 0.394875 0.519458 0.291500
v 0.395381 0.518206 0.291500
v 0.407977 0.440729 0.291500
v 0.412308 0.362355 0.291500
v 0.408324 0.283962 0.291500
v 0.396071 0.206431 0.291500
v 0.395568 0.205173 0.291500
v 0.394675 0.204155 0.291500
v 0.393493 0.203493 0.291500
v 0.392158 0.203264 0.291500
v 0.378937 0.203264 0.291500
v 0.378937 0.202845 0.291500
v 0.378741 0.201609 0.291500
v 0.378173 0.200494 0.291500
v 0.377288 0.199609 0.291500
v 0.376173 0.199041 0.291500
v 0.374937 0.198845 0.291500
v 0.069190 0.198845 0.291500
v 0.067954 0.199041 0.291500
v 0.066839 0.199609 0.291500
v 0.065954 0.200494 0.291500
v 0.065385 0.201609 0.291500
v 0.065190 0.202845 0.291500
v 0.065190 0.203869 0.291500
v 0.046641 0.203869 0.291500
v 0.045405 0.204065 0.291500
v 0.044290 0.204633 0.291500
v 0.043405 0.205518 0.291500
v 0.042837 0.206633 0.291500
v 0.042641 0.207869 0.291500
v 0.042641 0.516964 0.291500
v 0.042837 0.518200 0.291500
v 0.043405 0.519315 0.291500
v 0.044290 0.520200 0.291500
v 0.045405 0.520769 0.291500
v 0.046641 0.520964 0.291500
v 0.065190 0.520964 0.291500
v 0.065190 0.522163 0.291500
v 0.065385 0.523400 0.291500
v 0.065954 0.524515 0.291500
v 0.066839 0.525400 0.291500
v 0.067954 0.525968 0.291500
v 0.069190 0.526163 0.291500
v 0.028065 0.544781 0.291500
v 0.027447 0.544683 0.291500
v 0.026889 0.544399 0.291500
v 0.026447 0.543956 0.291500
v 0.026163 0.543399 0.291500
v 0.026065 0.542781 0.291500
v 0.026065 0.181034 0.291500
v 0.026163 0.180416 0.291500
v 0.026447 0.179859 0.291500
v 0.026889 0.179416 0.291500
v 0.027447 0.179132 0.291500
v 0.028065 0.179034 0.291500
v 0.437936 0.179034 0.291500
v 0.438554 0.179132 0.291500
v 0.439112 0.179416 0.291500
v 0.439554 0.179859 0.291500
v 0.439838 0.180416 0.291500
v 0.439936 0.181034 0.291500
v 0.439936 0.542781 0.291500
v 0.439838 0.543399 0.291500
v 0.439554 0.543956 0.291500
v 0.439112 0.544399 0.291500
v 0.438554 0.544683 0.291500
v 0.437936 0.544781 0.291500
v 0.069190 0.928497 0.289500
v 0.374937 0.928497 0.289500
v 0.374937 0.928497 0.291500
v 0.069190 0.928497 0.291500
v 0.042641 0.919298 0.281500
v 0.042837 0.920534 0.281500
v 0.043405 0.921649 0.281500
v 0.044290 0.922534 0.281500
v 0.045405 0.923102 0.281500
v 0.046641 0.923298 0.281500
v 0.046641 0.923298 0.291500
v 0.045405 0.923102 0.291500
v 0.044290 0.922534 0.291500
v 0.043405 0.921649 0.291500
v 0.042837 0.920534 0.291500
v 0.042641 0.919298 0.291500
v 0.042641 0.610202 0.281500
v 0.042641 0.919298 0.281500
v 0.042641 0.919298 0.291500
v 0.042641 0.610202 0.291500
v 0.046641 0.606202 0.281500
v 0.045405 0.606398 0.281500
v 0.044290 0.606966 0.281500
v 0.043405 0.607851 0.281500
v 0.042837 0.608966 0.281500
v 0.042641 0.610202 0.281500
v 0.042641 0.610202 0.291500
v 0.042837 0.608966 0.291500
v 0.043405 0.607851 0.291500
v 0.044290 0.606966 0.291500
v 0.045405 0.606398 0.291500
v 0.046641 0.606202 0.291500
v 0.374937 0.601179 0.281500
v 0.069190 0.601179 0.281500
v 0.069190 0.601179 0.291500
v 0.374937 0.601179 0.291500
v 0.377885 0.602476 0.289500
v 0.377885 0.602476 0.281500
v 0.377036 0.601774 0.281500
v 0.376028 0.601330 0.281500
v 0.374937 0.601179 0.281500
v 0.374937 0.601179 0.291500
v 0.376173 0.601374 0.291500
v 0.377288 0.601942 0.291500
v 0.378173 0.602827 0.291500
v 0.378741 0.603943 0.291500
v 0.378937 0.605179 0.291500
v 0.378937 0.605179 0.289500
v 0.378815 0.604199 0.289500
v 0.378457 0.603280 0.289500
v 0.378937 0.605597 0.289500
v 0.378937 0.605179 0.289500
v 0.378937 0.605179 0.291500
v 0.378937 0.605597 0.291500
v 0.384161 0.605597 0.289500
v 0.378937 0.605597 0.289500
v 0.378937 0.605597 0.291500
v 0.392158 0.605597 0.291500
v 0.392158 0.605597 0.281500
v 0.384161 0.605597 0.281500
v 0.396071 0.608764 0.281500
v 0.395568 0.607506 0.281500
v 0.394675 0.606488 0.281500
v 0.393493 0.605826 0.281500
v 0.392158 0.605597 0.281500
v 0.392158 0.605597 0.291500
v 0.393493 0.605826 0.291500
v 0.394675 0.606488 0.291500
v 0.395568 0.607506 0.291500
v 0.396071 0.608764 0.291500
v 0.395381 0.920539 0.281500
v 0.407977 0.843063 0.281500
v 0.412308 0.764688 0.281500
v 0.408324 0.686296 0.281500
v 0.396071 0.608764 0.281500
v 0.396071 0.608764 0.291500
v 0.408324 0.686296 0.291500
v 0.412308 0.764688 0.291500
v 0.407977 0.843063 0.291500
v 0.395381 0.920539 0.291500
v 0.391472 0.923689 0.281500
v 0.392803 0.923461 0.281500
v 0.393982 0.922804 0.281500
v 0.394875 0.921791 0.281500
v 0.395381 0.920539 0.281500
v 0.395381 0.920539 0.291500
v 0.394875 0.921791 0.291500
v 0.393982 0.922804 0.291500
v 0.392803 0.923461 0.291500
v 0.391472 0.923689 0.291500
v 0.384161 0.923689 0.289500
v 0.384161 0.923689 0.281500
v 0.391472 0.923689 0.281500
v 0.391472 0.923689 0.291500
v 0.378937 0.923689 0.291500
v 0.378937 0.923689 0.289500
v 0.378937 0.924497 0.289500
v 0.378937 0.923689 0.289500
v 0.378937 0.923689 0.291500
v 0.378937 0.924497 0.291500
v 0.374937 0.928497 0.289500
v 0.376173 0.928301 0.289500
v 0.377288 0.927733 0.289500
v 0.378173 0.926848 0.289500
v 0.378741 0.925733 0.289500
v 0.378937 0.924497 0.289500
v 0.378937 0.924497 0.291500
v 0.378741 0.925733 0.291500
v 0.378173 0.926848 0.291500
v 0.377288 0.927733 0.291500
v 0.376173 0.928301 0.291500
v 0.374937 0.928497 0.291500
v 0.437936 0.947114 0.281500
v 0.028065 0.947114 0.281500
v 0.028065 0.947114 0.291500
v 0.437936 0.947114 0.291500
v 0.439936 0.945114 0.281500
v 0.439838 0.945732 0.281500
v 0.439554 0.946290 0.281500
v 0.439112 0.946732 0.281500
v 0.438554 0.947016 0.281500
v 0.437936 0.947114 0.281500
v 0.437936 0.947114 0.291500
v 0.438554 0.947016 0.291500
v 0.439112 0.946732 0.291500
v 0.439554 0.946290 0.291500
v 0.439838 0.945732 0.291500
v 0.439936 0.945114 0.291500
v 0.439936 0.583368 0.281500
v 0.439936 0.945114 0.281500
v 0.439936 0.945114 0.291500
v 0.439936 0.583368 0.291500
v 0.437936 0.581368 0.281500
v 0.438554 0.581465 0.281500
v 0.439112 0.581750 0.281500
v 0.439554 0.582192 0.281500
v 0.439838 0.582750 0.281500
v 0.439936 0.583368 0.281500
v 0.439936 0.583368 0.291500
v 0.439838 0.582750 0.291500
v 0.439554 0.582192 0.291500
v 0.439112 0.581750 0.291500
v 0.438554 0.581465 0.291500
v 0.437936 0.581368 0.291500
v 0.028065 0.581368 0.281500
v 0.437936 0.581368 0.281500
v 0.437936 0.581368 0.291500
v 0.028065 0.581368 0.291500
v 0.026065 0.583368 0.281500
v 0.026163 0.582750 0.281500
v 0.026447 0.582192 0.281500
v 0.026889 0.581750 0.281500
v 0.027447 0.581465 0.281500
v 0.028065 0.581368 0.281500
v 0.028065 0.581368 0.291500
v 0.027447 0.581465 0.291500
v 0.026889 0.581750 0.291500
v 0.026447 0.582192 0.291500
v 0.026163 0.582750 0.291500
v 0.026065 0.583368 0.291500
v 0.026065 0.945114 0.281500
v 0.026065 0.583368 0.281500
v 0.026065 0.583368 0.291500
v 0.026065 0.945114 0.291500
v 0.028065 0.947114 0.281500
v 0.027447 0.947016 0.281500
v 0.026889 0.946732 0.281500
v 0.026447 0.946290 0.281500
v 0.026163 0.945732 0.281500
v 0.026065 0.945114 0.281500
v 0.026065 0.945114 0.291500
v 0.026163 0.945732 0.291500
v 0.026447 0.946290 0.291500
v 0.026889 0.946732 0.291500
v 0.027447 0.947016 0.291500
v 0.028065 0.947114 0.291500
v 0.374937 0.928497 0.291500
v 0.376173 0.928301 0.291500
v 0.377288 0.927733 0.291500
v 0.378173 0.926848 0.291500
v 0.378741 0.925733 0.291500
v 0.378937 0.924497 0.291500
v 0.378937 0.923689 0.291500
v 0.391472 0.923689 0.291500
v 0.392803 0.923461 0.291500
v 0.393982 0.922804 0.291500
v 0.394875 0.921791 0.291500
v 0.395381 0.920539 0.291500
v 0.407977 0.843063 0.291500
v 0.412308 0.764688 0.291500
v 0.408324 0.686296 0.291500
v 0.396071 0.608764 0.291500
v 0.395568 0.607506 0.291500
v 0.394675 0.606488 0.291500
v 0.393493 0.605826 0.291500
v 0.392158 0.605597 0.291500
v 0.378937 0.605597 0.291500
v 0.378937 0.605179 0.291500
v 0.378741 0.603943 0.291500
v 0.378173 0.602827 0.291500
v 0.377288 0.601942 0.291500
v 0.376173 0.601374 0.291500
v 0.374937 0.601179 0.291500
v 0.069190 0.601179 0.291500
v 0.067954 0.601374 0.291500
v 0.066839 0.601942 0.291500
v 0.065954 0.602827 0.291500
v 0.065385 0.603943 0.291500
v 0.065190 0.605179 0.291500
v 0.065190 0.606202 0.291500
v 0.046641 0.606202 0.291500
v 0.045405 0.606398 0.291500
v 0.044290 0.606966 0.291500
v 0.043405 0.607851 0.291500
v 0.042837 0.608966 0.291500
v 0.042641 0.610202 0.291500
v 0.042641 0.919298 0.291500
v 0.042837 0.920534 0.291500
v 0.043405 0.921649 0.291500
v 0.044290 0.922534 0.291500
v 0.045405 0.923102 0.291500
v 0.046641 0.923298 0.291500
v 0.065190 0.923298 0.291500
v 0.065190 0.924497 0.291500
v 0.065385 0.925733 0.291500
v 0.065954 0.926848 0.291500
v 0.066839 0.927733 0.291500
v 0.067954 0.928301 0.291500
v 0.069190 0.928497 0.291500
v 0.028065 0.947114 0.291500
v 0.027447 0.947016 0.291500
v 0.026889 0.946732 0.291500
v 0.026447 0.946290 0.291500
v 0.026163 0.945732 0.291500
v 0.026065 0.945114 0.291500
v 0.026065 0.583368 0.291500
v 0.026163 0.582750 0.291500
v 0.026447 0.582192 0.291500
v 0.026889 0.581750 0.291500
v 0.027447 0.581465 0.291500
v 0.028065 0.581368 0.291500
v 0.437936 0.581368 0.291500
v 0.438554 0.581465 0.291500
v 0.439112 0.581750 0.291500
v 0.439554 0.582192 0.291500
v 0.439838 0.582750 0.291500
v 0.439936 0.583368 0.291500
v 0.439936 0.945114 0.291500
v 0.439838 0.945732 0.291500
v 0.439554 0.946290 0.291500
v 0.439112 0.946732 0.291500
v 0.438554 0.947016 0.291500
v 0.437936 0.947114 0.291500
v 0.069190 1.733164 0.289500
v 0.374937 1.733164 0.289500
v 0.374937 1.733164 0.291500
v 0.069190 1.733164 0.291500
v 0.042641 1.723964 0.281500
v 0.042837 1.725200 0.281500
v 0.043405 1.726316 0.281500
v 0.044290 1.727200 0.281500
v 0.045405 1.727769 0.281500
v 0.046641 1.727964 0.281500
v 0.046641 1.727964 0.291500
v 0.045405 1.727769 0.291500
v 0.044290 1.727200 0.291500
v 0.043405 1.726316 0.291500
v 0.042837 1.725200 0.291500
v 0.042641 1.723964 0.291500
v 0.042641 1.414869 0.281500
v 0.042641 1.723964 0.281500
v 0.042641 1.723964 0.291500
v 0.042641 1.414869 0.291500
v 0.046641 1.410869 0.281500
v 0.045405 1.411065 0.281500
v 0.044290 1.411633 0.281500
v 0.043405 1.412518 0.281500
v 0.042837 1.413633 0.281500
v 0.042641 1.414869 0.281500
v 0.042641 1.414869 0.291500
v 0.042837 1.413633 0.291500
v 0.043405 1.412518 0.291500
v 0.044290 1.411633 0.291500
v 0.045405 1.411065 0.291500
v 0.046641 1.410869 0.291500
v 0.069190 1.405845 0.281500
v 0.067954 1.406041 0.281500
v 0.066839 1.406609 0.281500
v 0.065954 1.407494 0.281500
v 0.065385 1.408609 0.281500
v 0.065190 1.409845 0.281500
v 0.065190 1.409845 0.291500
v 0.065385 1.408609 0.291500
v 0.065954 1.407494 0.291500
v 0.066839 1.406609 0.291500
v 0.067954 1.406041 0.291500
v 0.069190 1.405845 0.291500
v 0.374937 1.405845 0.281500
v 0.069190 1.405845 0.281500
v 0.069190 1.405845 0.291500
v 0.374937 1.405845 0.291500
v 0.378937 1.409845 0.281500
v 0.378741 1.408609 0.281500
v 0.378173 1.407494 0.281500
v 0.377288 1.406609 0.281500
v 0.376173 1.406041 0.281500
v 0.374937 1.405845 0.281500
v 0.374937 1.405845 0.291500
v 0.376173 1.406041 0.291500
v 0.377288 1.406609 0.291500
v 0.378173 1.407494 0.291500
v 0.378741 1.408609 0.291500
v 0.378937 1.409845 0.291500
v 0.378937 1.410264 0.281500
v 0.378937 1.409845 0.281500
v 0.378937 1.409845 0.291500
v 0.378937 1.410264 0.291500
v 0.392158 1.410264 0.281500
v 0.378937 1.410264 0.281500
v 0.378937 1.410264 0.291500
v 0.392158 1.410264 0.291500
v 0.396071 1.413431 0.281500
v 0.395568 1.412173 0.281500
v 0.394675 1.411155 0.281500
v 0.393493 1.410493 0.281500
v 0.392158 1.410264 0.281500
v 0.392158 1.410264 0.291500
v 0.393493 1.410493 0.291500
v 0.394675 1.411155 0.291500
v 0.395568 1.412173 0.291500
v 0.396071 1.413431 0.291500
v 0.395381 1.725206 0.281500
v 0.407977 1.647729 0.281500
v 0.412308 1.569355 0.281500
v 0.408324 1.490962 0.281500
v 0.396071 1.413431 0.281500
v 0.396071 1.413431 0.291500
v 0.408324 1.490962 0.291500
v 0.412308 1.569355 0.291500
v 0.407977 1.647729 0.291500
v 0.395381 1.725206 0.291500
v 0.391472 1.728356 0.281500
v 0.392803 1.728128 0.281500
v 0.393982 1.727470 0.281500
v 0.394875 1.726458 0.281500
v 0.395381 1.725206 0.281500
v 0.395381 1.725206 0.291500
v 0.394875 1.726458 0.291500
v 0.393982 1.727470 0.291500
v 0.392803 1.728128 0.291500
v 0.391472 1.728356 0.291500
v 0.384161 1.728356 0.289500
v 0.384161 1.728356 0.281500
v 0.391472 1.728356 0.281500
v 0.391472 1.728356 0.291500
v 0.378937 1.728356 0.291500
v 0.378937 1.728356 0.289500
v 0.378937 1.729164 0.289500
v 0.378937 1.728356 0.289500
v 0.378937 1.728356 0.291500
v 0.378937 1.729164 0.291500
v 0.374937 1.733164 0.289500
v 0.376173 1.732968 0.289500
v 0.377288 1.732400 0.289500
v 0.378173 1.731515 0.289500
v 0.378741 1.730400 0.289500
v 0.378937 1.729164 0.289500
v 0.378937 1.729164 0.291500
v 0.378741 1.730400 0.291500
v 0.378173 1.731515 0.291500
v 0.377288 1.732400 0.291500
v 0.376173 1.732968 0.291500
v 0.374937 1.733164 0.291500
v 0.437936 1.751781 0.281500
v 0.028065 1.751781 0.281500
v 0.028065 1.751781 0.291500
v 0.437936 1.751781 0.291500
v 0.439936 1.749781 0.281500
v 0.439838 1.750399 0.281500
v 0.439554 1.750956 0.281500
v 0.439112 1.751399 0.281500
v 0.438554 1.751683 0.281500
v 0.437936 1.751781 0.281500
v 0.437936 1.751781 0.291500
v 0.438554 1.751683 0.291500
v 0.439112 1.751399 0.291500
v 0.439554 1.750956 0.291500
v 0.439838 1.750399 0.291500
v 0.439936 1.749781 0.291500
v 0.439936 1.388034 0.281500
v 0.439936 1.749781 0.281500
v 0.439936 1.749781 0.291500
v 0.439936 1.388034 0.291500
v 0.437936 1.386034 0.281500
v 0.438554 1.386132 0.281500
v 0.439112 1.386416 0.281500
v 0.439554 1.386859 0.281500
v 0.439838 1.387416 0.281500
v 0.439936 1.388034 0.281500
v 0.439936 1.388034 0.291500
v 0.439838 1.387416 0.291500
v 0.439554 1.386859 0.291500
v 0.439112 1.386416 0.291500
v 0.438554 1.386132 0.291500
v 0.437936 1.386034 0.291500
v 0.028065 1.386034 0.281500
v 0.437936 1.386034 0.281500
v 0.437936 1.386034 0.291500
v 0.028065 1.386034 0.291500
v 0.026065 1.388034 0.281500
v 0.026163 1.387416 0.281500
v 0.026447 1.386859 0.281500
v 0.026889 1.386416 0.281500
v 0.027447 1.386132 0.281500
v 0.028065 1.386034 0.281500
v 0.028065 1.386034 0.291500
v 0.027447 1.386132 0.291500
v 0.026889 1.386416 0.291500
v 0.026447 1.386859 0.291500
v 0.026163 1.387416 0.291500
v 0.026065 1.388034 0.291500
v 0.026065 1.749781 0.281500
v 0.026065 1.388034 0.281500
v 0.026065 1.388034 0.291500
v 0.026065 1.749781 0.291500
v 0.028065 1.751781 0.281500
v 0.027447 1.751683 0.281500
v 0.026889 1.751399 0.281500
v 0.026447 1.750956 0.281500
v 0.026163 1.750399 0.281500
v 0.026065 1.749781 0.281500
v 0.026065 1.749781 0.291500
v 0.026163 1.750399 0.291500
v 0.026447 1.750956 0.291500
v 0.026889 1.751399 0.291500
v 0.027447 1.751683 0.291500
v 0.028065 1.751781 0.291500
v 0.374937 1.733164 0.291500
v 0.376173 1.732968 0.291500
v 0.377288 1.732400 0.291500
v 0.378173 1.731515 0.291500
v 0.378741 1.730400 0.291500
v 0.378937 1.729164 0.291500
v 0.378937 1.728356 0.291500
v 0.391472 1.728356 0.291500
v 0.392803 1.728128 0.291500
v 0.393982 1.727470 0.291500
v 0.394875 1.726458 0.291500
v 0.395381 1.725206 0.291500
v 0.407977 1.647729 0.291500
v 0.412308 1.569355 0.291500
v 0.408324 1.490962 0.291500
v 0.396071 1.413431 0.291500
v 0.395568 1.412173 0.291500
v 0.394675 1.411155 0.291500
v 0.393493 1.410493 0.291500
v 0.392158 1.410264 0.291500
v 0.378937 1.410264 0.291500
v 0.378937 1.409845 0.291500
v 0.378741 1.408609 0.291500
v 0.378173 1.407494 0.291500
v 0.377288 1.406609 0.291500
v 0.376173 1.406041 0.291500
v 0.374937 1.405845 0.291500
v 0.069190 1.405845 0.291500
v 0.067954 1.406041 0.291500
v 0.066839 1.406609 0.291500
v 0.065954 1.407494 0.291500
v 0.065385 1.408609 0.291500
v 0.065190 1.409845 0.291500
v 0.065190 1.410869 0.291500
v 0.046641 1.410869 0.291500
v 0.045405 1.411065 0.291500
v 0.044290 1.411633 0.291500
v 0.043405 1.412518 0.291500
v 0.042837 1.413633 0.291500
v 0.042641 1.414869 0.291500
v 0.042641 1.723964 0.291500
v 0.042837 1.725200 0.291500
v 0.043405 1.726316 0.291500
v 0.044290 1.727200 0.291500
v 0.045405 1.727769 0.291500
v 0.046641 1.727964 0.291500
v 0.065190 1.727964 0.291500
v 0.065190 1.729164 0.291500
v 0.065385 1.730400 0.291500
v 0.065954 1.731515 0.291500
v 0.066839 1.732400 0.291500
v 0.067954 1.732968 0.291500
v 0.069190 1.733164 0.291500
v 0.028065 1.751781 0.291500
v 0.027447 1.751683 0.291500
v 0.026889 1.751399 0.291500
v 0.026447 1.750956 0.291500
v 0.026163 1.750399 0.291500
v 0.026065 1.749781 0.291500
v 0.026065 1.388034 0.291500
v 0.026163 1.387416 0.291500
v 0.026447 1.386859 0.291500
v 0.026889 1.386416 0.291500
v 0.027447 1.386132 0.291500
v 0.028065 1.386034 0.291500
v 0.437936 1.386034 0.291500
v 0.438554 1.386132 0.291500
v 0.439112 1.386416 0.291500
v 0.439554 1.386859 0.291500
v 0.439838 1.387416 0.291500
v 0.439936 1.388034 0.291500
v 0.439936 1.749781 0.291500
v 0.439838 1.750399 0.291500
v 0.439554 1.750956 0.291500
v 0.439112 1.751399 0.291500
v 0.438554 1.751683 0.291500
v 0.437936 1.751781 0.291500
v -0.370810 0.526163 0.289500
v -0.065063 0.526163 0.289500
v -0.065063 0.526163 0.291500
v -0.370810 0.526163 0.291500
v -0.397359 0.516964 0.281500
v -0.397163 0.518200 0.281500
v -0.396595 0.519315 0.281500
v -0.395710 0.520200 0.281500
v -0.394595 0.520769 0.281500
v -0.393359 0.520964 0.281500
v -0.393359 0.520964 0.291500
v -0.394595 0.520769 0.291500
v -0.395710 0.520200 0.291500
v -0.396595 0.519315 0.291500
v -0.397163 0.518200 0.291500
v -0.397359 0.516964 0.291500
v -0.397359 0.207869 0.281500
v -0.397359 0.516964 0.281500
v -0.397359 0.516964 0.291500
v -0.397359 0.207869 0.291500
v -0.393359 0.203869 0.281500
v -0.394595 0.204065 0.281500
v -0.395710 0.204633 0.281500
v -0.396595 0.205518 0.281500
v -0.397163 0.206633 0.281500
v -0.397359 0.207869 0.281500
v -0.397359 0.207869 0.291500
v -0.397163 0.206633 0.291500
v -0.396595 0.205518 0.291500
v -0.395710 0.204633 0.291500
v -0.394595 0.204065 0.291500
v -0.393359 0.203869 0.291500
v -0.061063 0.202845 0.289500
v -0.061259 0.201609 0.289500
v -0.061827 0.200494 0.289500
v -0.062712 0.199609 0.289500
v -0.063827 0.199041 0.289500
v -0.065063 0.198845 0.289500
v -0.065063 0.198845 0.291500
v -0.063827 0.199041 0.291500
v -0.062712 0.199609 0.291500
v -0.061827 0.200494 0.291500
v -0.061259 0.201609 0.291500
v -0.061063 0.202845 0.291500
v -0.061063 0.203264 0.289500
v -0.061063 0.202845 0.289500
v -0.061063 0.202845 0.291500
v -0.061063 0.203264 0.291500
v -0.053839 0.203264 0.289500
v -0.061063 0.203264 0.289500
v -0.061063 0.203264 0.291500
v -0.047842 0.203264 0.291500
v -0.047842 0.203264 0.281500
v -0.053839 0.203264 0.281500
v -0.043929 0.206431 0.281500
v -0.044432 0.205173 0.281500
v -0.045325 0.204155 0.281500
v -0.046507 0.203493 0.281500
v -0.047842 0.203264 0.281500
v -0.047842 0.203264 0.291500
v -0.046507 0.203493 0.291500
v -0.045325 0.204155 0.291500
v -0.044432 0.205173 0.291500
v -0.043929 0.206431 0.291500
v -0.044619 0.518206 0.281500
v -0.032023 0.440729 0.281500
v -0.027692 0.362355 0.281500
v -0.031676 0.283962 0.281500
v -0.043929 0.206431 0.281500
v -0.043929 0.206431 0.291500
v -0.031676 0.283962 0.291500
v -0.027692 0.362355 0.291500
v -0.032023 0.440729 0.291500
v -0.044619 0.518206 0.291500
v -0.048528 0.521356 0.281500
v -0.047197 0.521128 0.281500
v -0.046018 0.520470 0.281500
v -0.045125 0.519458 0.281500
v -0.044619 0.518206 0.281500
v -0.044619 0.518206 0.291500
v -0.045125 0.519458 0.291500
v -0.046018 0.520470 0.291500
v -0.047197 0.521128 0.291500
v -0.048528 0.521356 0.291500
v -0.053839 0.521356 0.289500
v -0.053839 0.521356 0.281500
v -0.048528 0.521356 0.281500
v -0.048528 0.521356 0.291500
v -0.061063 0.521356 0.291500
v -0.061063 0.521356 0.289500
v -0.061063 0.522163 0.289500
v -0.061063 0.521356 0.289500
v -0.061063 0.521356 0.291500
v -0.061063 0.522163 0.291500
v -0.065063 0.526163 0.289500
v -0.063827 0.525968 0.289500
v -0.062712 0.525400 0.289500
v -0.061827 0.524515 0.289500
v -0.061259 0.523400 0.289500
v -0.061063 0.522163 0.289500
v -0.061063 0.522163 0.291500
v -0.061259 0.523400 0.291500
v -0.061827 0.524515 0.291500
v -0.062712 0.525400 0.291500
v -0.063827 0.525968 0.291500
v -0.065063 0.526163 0.291500
v -0.002064 0.544781 0.281500
v -0.411935 0.544781 0.281500
v -0.411935 0.544781 0.291500
v -0.002064 0.544781 0.291500
v -0.000064 0.542781 0.281500
v -0.000162 0.543399 0.281500
v -0.000446 0.543956 0.281500
v -0.000888 0.544399 0.281500
v -0.001446 0.544683 0.281500
v -0.002064 0.544781 0.281500
v -0.002064 0.544781 0.291500
v -0.001446 0.544683 0.291500
v -0.000888 0.544399 0.291500
v -0.000446 0.543956 0.291500
v -0.000162 0.543399 0.291500
v -0.000064 0.542781 0.291500
v -0.000064 0.181034 0.281500
v -0.000064 0.542781 0.281500
v -0.000064 0.542781 0.291500
v -0.000064 0.181034 0.291500
v -0.002064 0.179034 0.281500
v -0.001446 0.179132 0.281500
v -0.000888 0.179416 0.281500
v -0.000446 0.179859 0.281500
v -0.000162 0.180416 0.281500
v -0.000064 0.181034 0.281500
v -0.000064 0.181034 0.291500
v -0.000162 0.180416 0.291500
v -0.000446 0.179859 0.291500
v -0.000888 0.179416 0.291500
v -0.001446 0.179132 0.291500
v -0.002064 0.179034 0.291500
v -0.411935 0.179034 0.281500
v -0.002064 0.179034 0.281500
v -0.002064 0.179034 0.291500
v -0.411935 0.179034 0.291500
v -0.413935 0.181034 0.281500
v -0.413837 0.180416 0.281500
v -0.413553 0.179859 0.281500
v -0.413111 0.179416 0.281500
v -0.412553 0.179132 0.281500
v -0.411935 0.179034 0.281500
v -0.411935 0.179034 0.291500
v -0.412553 0.179132 0.291500
v -0.413111 0.179416 0.291500
v -0.413553 0.179859 0.291500
v -0.413837 0.180416 0.291500
v -0.413935 0.181034 0.291500
v -0.413935 0.542781 0.281500
v -0.413935 0.181034 0.281500
v -0.413935 0.181034 0.291500
v -0.413935 0.542781 0.291500
v -0.411935 0.544781 0.281500
v -0.412553 0.544683 0.281500
v -0.413111 0.544399 0.281500
v -0.413553 0.543956 0.281500
v -0.413837 0.543399 0.281500
v -0.413935 0.542781 0.281500
v -0.413935 0.542781 0.291500
v -0.413837 0.543399 0.291500
v -0.413553 0.543956 0.291500
v -0.413111 0.544399 0.291500
v -0.412553 0.544683 0.291500
v -0.411935 0.544781 0.291500
v -0.065063 0.526163 0.291500
v -0.063827 0.525968 0.291500
v -0.062712 0.525400 0.291500
v -0.061827 0.524515 0.291500
v -0.061259 0.523400 0.291500
v -0.061063 0.522163 0.291500
v -0.061063 0.521356 0.291500
v -0.048528 0.521356 0.291500
v -0.047197 0.521128 0.291500
v -0.046018 0.520470 0.291500
v -0.045125 0.519458 0.291500
v -0.044619 0.518206 0.291500
v -0.032023 0.440729 0.291500
v -0.027692 0.362355 0.291500
v -0.031676 0.283962 0.291500
v -0.043929 0.206431 0.291500
v -0.044432 0.205173 0.291500
v -0.045325 0.204155 0.291500
v -0.046507 0.203493 0.291500
v -0.047842 0.203264 0.291500
v -0.061063 0.203264 0.291500
v -0.061063 0.202845 0.291500
v -0.061259 0.201609 0.291500
v -0.061827 0.200494 0.291500
v -0.062712 0.199609 0.291500
v -0.063827 0.199041 0.291500
v -0.065063 0.198845 0.291500
v -0.370810 0.198845 0.291500
v -0.372046 0.199041 0.291500
v -0.373161 0.199609 0.291500
v -0.374046 0.200494 0.291500
v -0.374615 0.201609 0.291500
v -0.374810 0.202845 0.291500
v -0.374810 0.203869 0.291500
v -0.393359 0.203869 0.291500
v -0.394595 0.204065 0.291500
v -0.395710 0.204633 0.291500
v -0.396595 0.205518 0.291500
v -0.397163 0.206633 0.291500
v -0.397359 0.207869 0.291500
v -0.397359 0.516964 0.291500
v -0.397163 0.518200 0.291500
v -0.396595 0.519315 0.291500
v -0.395710 0.520200 0.291500
v -0.394595 0.520769 0.291500
v -0.393359 0.520964 0.291500
v -0.374810 0.520964 0.291500
v -0.374810 0.522163 0.291500
v -0.374615 0.523400 0.291500
v -0.374046 0.524515 0.291500
v -0.373161 0.525400 0.291500
v -0.372046 0.525968 0.291500
v -0.370810 0.526163 0.291500
v -0.411935 0.544781 0.291500
v -0.412553 0.544683 0.291500
v -0.413111 0.544399 0.291500
v -0.413553 0.543956 0.291500
v -0.413837 0.543399 0.291500
v -0.413935 0.542781 0.291500
v -0.413935 0.181034 0.291500
v -0.413837 0.180416 0.291500
v -0.413553 0.179859 0.291500
v -0.413111 0.179416 0.291500
v -0.412553 0.179132 0.291500
v -0.411935 0.179034 0.291500
v -0.002064 0.179034 0.291500
v -0.001446 0.179132 0.291500
v -0.000888 0.179416 0.291500
v -0.000446 0.179859 0.291500
v -0.000162 0.180416 0.291500
v -0.000064 0.181034 0.291500
v -0.000064 0.542781 0.291500
v -0.000162 0.543399 0.291500
v -0.000446 0.543956 0.291500
v -0.000888 0.544399 0.291500
v -0.001446 0.544683 0.291500
v -0.002064 0.544781 0.291500
v -0.370810 0.928497 0.289500
v -0.065063 0.928497 0.289500
v -0.065063 0.928497 0.291500
v -0.370810 0.928497 0.291500
v -0.397359 0.919298 0.281500
v -0.397163 0.920534 0.281500
v -0.396595 0.921649 0.281500
v -0.395710 0.922534 0.281500
v -0.394595 0.923102 0.281500
v -0.393359 0.923298 0.281500
v -0.393359 0.923298 0.291500
v -0.394595 0.923102 0.291500
v -0.395710 0.922534 0.291500
v -0.396595 0.921649 0.291500
v -0.397163 0.920534 0.291500
v -0.397359 0.919298 0.291500
v -0.397359 0.610202 0.281500
v -0.397359 0.919298 0.281500
v -0.397359 0.919298 0.291500
v -0.397359 0.610202 0.291500
v -0.393359 0.606202 0.281500
v -0.394595 0.606398 0.281500
v -0.395710 0.606966 0.281500
v -0.396595 0.607851 0.281500
v -0.397163 0.608966 0.281500
v -0.397359 0.610202 0.281500
v -0.397359 0.610202 0.291500
v -0.397163 0.608966 0.291500
v -0.396595 0.607851 0.291500
v -0.395710 0.606966 0.291500
v -0.394595 0.606398 0.291500
v -0.393359 0.606202 0.291500
v -0.065063 0.601179 0.281500
v -0.370810 0.601179 0.281500
v -0.370810 0.601179 0.291500
v -0.065063 0.601179 0.291500
v -0.062115 0.602476 0.289500
v -0.062115 0.602476 0.281500
v -0.062964 0.601774 0.281500
v -0.063972 0.601330 0.281500
v -0.065063 0.601179 0.281500
v -0.065063 0.601179 0.291500
v -0.063827 0.601374 0.291500
v -0.062712 0.601942 0.291500
v -0.061827 0.602827 0.291500
v -0.061259 0.603943 0.291500
v -0.061063 0.605179 0.291500
v -0.061063 0.605179 0.289500
v -0.061185 0.604199 0.289500
v -0.061543 0.603280 0.289500
v -0.061063 0.605597 0.289500
v -0.061063 0.605179 0.289500
v -0.061063 0.605179 0.291500
v -0.061063 0.605597 0.291500
v -0.053839 0.605597 0.289500
v -0.061063 0.605597 0.289500
v -0.061063 0.605597 0.291500
v -0.047842 0.605597 0.291500
v -0.047842 0.605597 0.281500
v -0.053839 0.605597 0.281500
v -0.043929 0.608764 0.281500
v -0.044432 0.607506 0.281500
v -0.045325 0.606488 0.281500
v -0.046507 0.605826 0.281500
v -0.047842 0.605597 0.281500
v -0.047842 0.605597 0.291500
v -0.046507 0.605826 0.291500
v -0.045325 0.606488 0.291500
v -0.044432 0.607506 0.291500
v -0.043929 0.608764 0.291500
v -0.044619 0.920539 0.281500
v -0.032023 0.843063 0.281500
v -0.027692 0.764688 0.281500
v -0.031676 0.686296 0.281500
v -0.043929 0.608764 0.281500
v -0.043929 0.608764 0.291500
v -0.031676 0.686296 0.291500
v -0.027692 0.764688 0.291500
v -0.032023 0.843063 0.291500
v -0.044619 0.920539 0.291500
v -0.048528 0.923689 0.281500
v -0.047197 0.923461 0.281500
v -0.046018 0.922804 0.281500
v -0.045125 0.921791 0.281500
v -0.044619 0.920539 0.281500
v -0.044619 0.920539 0.291500
v -0.045125 0.921791 0.291500
v -0.046018 0.922804 0.291500
v -0.047197 0.923461 0.291500
v -0.048528 0.923689 0.291500
v -0.053839 0.923689 0.289500
v -0.053839 0.923689 0.281500
v -0.048528 0.923689 0.281500
v -0.048528 0.923689 0.291500
v -0.061063 0.923689 0.291500
v -0.061063 0.923689 0.289500
v -0.061063 0.924497 0.289500
v -0.061063 0.923689 0.289500
v -0.061063 0.923689 0.291500
v -0.061063 0.924497 0.291500
v -0.065063 0.928497 0.289500
v -0.063827 0.928301 0.289500
v -0.062712 0.927733 0.289500
v -0.061827 0.926848 0.289500
v -0.061259 0.925733 0.289500
v -0.061063 0.924497 0.289500
v -0.061063 0.924497 0.291500
v -0.061259 0.925733 0.291500
v -0.061827 0.926848 0.291500
v -0.062712 0.927733 0.291500
v -0.063827 0.928301 0.291500
v -0.065063 0.928497 0.291500
v -0.002064 0.947114 0.281500
v -0.411935 0.947114 0.281500
v -0.411935 0.947114 0.291500
v -0.002064 0.947114 0.291500
v -0.000064 0.945114 0.281500
v -0.000162 0.945732 0.281500
v -0.000446 0.946290 0.281500
v -0.000888 0.946732 0.281500
v -0.001446 0.947016 0.281500
v -0.002064 0.947114 0.281500
v -0.002064 0.947114 0.291500
v -0.001446 0.947016 0.291500
v -0.000888 0.946732 0.291500
v -0.000446 0.946290 0.291500
v -0.000162 0.945732 0.291500
v -0.000064 0.945114 0.291500
v -0.000064 0.583368 0.281500
v -0.000064 0.945114 0.281500
v -0.000064 0.945114 0.291500
v -0.000064 0.583368 0.291500
v -0.002064 0.581368 0.281500
v -0.001446 0.581465 0.281500
v -0.000888 0.581750 0.281500
v -0.000446 0.582192 0.281500
v -0.000162 0.582750 0.281500
v -0.000064 0.583368 0.281500
v -0.000064 0.583368 0.291500
v -0.000162 0.582750 0.291500
v -0.000446 0.582192 0.291500
v -0.000888 0.581750 0.291500
v -0.001446 0.581465 0.291500
v -0.002064 0.581368 0.291500
v -0.411935 0.581368 0.281500
v -0.002064 0.581368 0.281500
v -0.002064 0.581368 0.291500
v -0.411935 0.581368 0.291500
v -0.413935 0.583368 0.281500
v -0.413837 0.582750 0.281500
v -0.413553 0.582192 0.281500
v -0.413111 0.581750 0.281500
v -0.412553 0.581465 0.281500
v -0.411935 0.581368 0.281500
v -0.411935 0.581368 0.291500
v -0.412553 0.581465 0.291500
v -0.413111 0.581750 0.291500
v -0.413553 0.582192 0.291500
v -0.413837 0.582750 0.291500
v -0.413935 0.583368 0.291500
v -0.413935 0.945114 0.281500
v -0.413935 0.583368 0.281500
v -0.413935 0.583368 0.291500
v -0.413935 0.945114 0.291500
v -0.411935 0.947114 0.281500
v -0.412553 0.947016 0.281500
v -0.413111 0.946732 0.281500
v -0.413553 0.946290 0.281500
v -0.413837 0.945732 0.281500
v -0.413935 0.945114 0.281500
v -0.413935 0.945114 0.291500
v -0.413837 0.945732 0.291500
v -0.413553 0.946290 0.291500
v -0.413111 0.946732 0.291500
v -0.412553 0.947016 0.291500
v -0.411935 0.947114 0.291500
v -0.065063 0.928497 0.291500
v -0.063827 0.928301 0.291500
v -0.062712 0.927733 0.291500
v -0.061827 0.926848 0.291500
v -0.061259 0.925733 0.291500
v -0.061063 0.924497 0.291500
v -0.061063 0.923689 0.291500
v -0.048528 0.923689 0.291500
v -0.047197 0.923461 0.291500
v -0.046018 0.922804 0.291500
v -0.045125 0.921791 0.291500
v -0.044619 0.920539 0.291500
v -0.032023 0.843063 0.291500
v -0.027692 0.764688 0.291500
v -0.031676 0.686296 0.291500
v -0.043929 0.608764 0.291500
v -0.044432 0.607506 0.291500
v -0.045325 0.606488 0.291500
v -0.046507 0.605826 0.291500
v -0.047842 0.605597 0.291500
v -0.061063 0.605597 0.291500
v -0.061063 0.605179 0.291500
v -0.061259 0.603943 0.291500
v -0.061827 0.602827 0.291500
v -0.062712 0.601942 0.291500
v -0.063827 0.601374 0.291500
v -0.065063 0.601179 0.291500
v -0.370810 0.601179 0.291500
v -0.372046 0.601374 0.291500
v -0.373161 0.601942 0.291500
v -0.374046 0.602827 0.291500
v -0.374615 0.603943 0.291500
v -0.374810 0.605179 0.291500
v -0.374810 0.606202 0.291500
v -0.393359 0.606202 0.291500
v -0.394595 0.606398 0.291500
v -0.395710 0.606966 0.291500
v -0.396595 0.607851 0.291500
v -0.397163 0.608966 0.291500
v -0.397359 0.610202 0.291500
v -0.397359 0.919298 0.291500
v -0.397163 0.920534 0.291500
v -0.396595 0.921649 0.291500
v -0.395710 0.922534 0.291500
v -0.394595 0.923102 0.291500
v -0.393359 0.923298 0.291500
v -0.374810 0.923298 0.291500
v -0.374810 0.924497 0.291500
v -0.374615 0.925733 0.291500
v -0.374046 0.926848 0.291500
v -0.373161 0.927733 0.291500
v -0.372046 0.928301 0.291500
v -0.370810 0.928497 0.291500
v -0.411935 0.947114 0.291500
v -0.412553 0.947016 0.291500
v -0.413111 0.946732 0.291500
v -0.413553 0.946290 0.291500
v -0.413837 0.945732 0.291500
v -0.413935 0.945114 0.291500
v -0.413935 0.583368 0.291500
v -0.413837 0.582750 0.291500
v -0.413553 0.582192 0.291500
v -0.413111 0.581750 0.291500
v -0.412553 0.581465 0.291500
v -0.411935 0.581368 0.291500
v -0.002064 0.581368 0.291500
v -0.001446 0.581465 0.291500
v -0.000888 0.581750 0.291500
v -0.000446 0.582192 0.291500
v -0.000162 0.582750 0.291500
v -0.000064 0.583368 0.291500
v -0.000064 0.945114 0.291500
v -0.000162 0.945732 0.291500
v -0.000446 0.946290 0.291500
v -0.000888 0.946732 0.291500
v -0.001446 0.947016 0.291500
v -0.002064 0.947114 0.291500
v -0.370810 1.330830 0.289500
v -0.065063 1.330830 0.289500
v -0.065063 1.330830 0.291500
v -0.370810 1.330830 0.291500
v -0.397359 1.321631 0.281500
v -0.397163 1.322867 0.281500
v -0.396595 1.323982 0.281500
v -0.395710 1.324867 0.281500
v -0.394595 1.325435 0.281500
v -0.393359 1.325631 0.281500
v -0.393359 1.325631 0.291500
v -0.394595 1.325435 0.291500
v -0.395710 1.324867 0.291500
v -0.396595 1.323982 0.291500
v -0.397163 1.322867 0.291500
v -0.397359 1.321631 0.291500
v -0.397359 1.012536 0.281500
v -0.397359 1.321631 0.281500
v -0.397359 1.321631 0.291500
v -0.397359 1.012536 0.291500
v -0.393359 1.008536 0.281500
v -0.394595 1.008731 0.281500
v -0.395710 1.009300 0.281500
v -0.396595 1.010185 0.281500
v -0.397163 1.011300 0.281500
v -0.397359 1.012536 0.281500
v -0.397359 1.012536 0.291500
v -0.397163 1.011300 0.291500
v -0.396595 1.010185 0.291500
v -0.395710 1.009300 0.291500
v -0.394595 1.008731 0.291500
v -0.393359 1.008536 0.291500
v -0.065063 1.003512 0.281500
v -0.370810 1.003512 0.281500
v -0.370810 1.003512 0.291500
v -0.065063 1.003512 0.291500
v -0.061200 1.006476 0.289500
v -0.061200 1.006476 0.281500
v -0.061738 1.005289 0.281500
v -0.062629 1.004338 0.281500
v -0.063778 1.003724 0.281500
v -0.065063 1.003512 0.281500
v -0.065063 1.003512 0.291500
v -0.063827 1.003708 0.291500
v -0.062712 1.004276 0.291500
v -0.061827 1.005161 0.291500
v -0.061259 1.006276 0.291500
v -0.061063 1.007512 0.291500
v -0.061063 1.007512 0.289500
v -0.061079 1.007163 0.289500
v -0.061124 1.006817 0.289500
v -0.061063 1.007930 0.289500
v -0.061063 1.007512 0.289500
v -0.061063 1.007512 0.291500
v -0.061063 1.007930 0.291500
v -0.053914 1.007930 0.289500
v -0.061063 1.007930 0.289500
v -0.061063 1.007930 0.291500
v -0.047842 1.007930 0.291500
v -0.047842 1.007930 0.281500
v -0.053914 1.007930 0.281500
v -0.043929 1.011098 0.281500
v -0.044432 1.009840 0.281500
v -0.045325 1.008821 0.281500
v -0.046507 1.008160 0.281500
v -0.047842 1.007930 0.281500
v -0.047842 1.007930 0.291500
v -0.046507 1.008160 0.291500
v -0.045325 1.008821 0.291500
v -0.044432 1.009840 0.291500
v -0.043929 1.011098 0.291500
v -0.044619 1.322873 0.281500
v -0.032023 1.245396 0.281500
v -0.027692 1.167022 0.281500
v -0.031676 1.088629 0.281500
v -0.043929 1.011098 0.281500
v -0.043929 1.011098 0.291500
v -0.031676 1.088629 0.291500
v -0.027692 1.167022 0.291500
v -0.032023 1.245396 0.291500
v -0.044619 1.322873 0.291500
v -0.048528 1.326022 0.281500
v -0.047197 1.325794 0.281500
v -0.046018 1.325137 0.281500
v -0.045125 1.324124 0.281500
v -0.044619 1.322873 0.281500
v -0.044619 1.322873 0.291500
v -0.045125 1.324124 0.291500
v -0.046018 1.325137 0.291500
v -0.047197 1.325794 0.291500
v -0.048528 1.326022 0.291500
v -0.053839 1.326022 0.289500
v -0.053839 1.326022 0.281500
v -0.048528 1.326022 0.281500
v -0.048528 1.326022 0.291500
v -0.061063 1.326022 0.291500
v -0.061063 1.326022 0.289500
v -0.061063 1.326830 0.289500
v -0.061063 1.326022 0.289500
v -0.061063 1.326022 0.291500
v -0.061063 1.326830 0.291500
v -0.065063 1.330830 0.289500
v -0.063827 1.330634 0.289500
v -0.062712 1.330066 0.289500
v -0.061827 1.329181 0.289500
v -0.061259 1.328066 0.289500
v -0.061063 1.326830 0.289500
v -0.061063 1.326830 0.291500
v -0.061259 1.328066 0.291500
v -0.061827 1.329181 0.291500
v -0.062712 1.330066 0.291500
v -0.063827 1.330634 0.291500
v -0.065063 1.330830 0.291500
v -0.002064 1.349448 0.281500
v -0.411935 1.349448 0.281500
v -0.411935 1.349448 0.291500
v -0.002064 1.349448 0.291500
v -0.000064 1.347447 0.281500
v -0.000162 1.348066 0.281500
v -0.000446 1.348623 0.281500
v -0.000888 1.349066 0.281500
v -0.001446 1.349350 0.281500
v -0.002064 1.349448 0.281500
v -0.002064 1.349448 0.291500
v -0.001446 1.349350 0.291500
v -0.000888 1.349066 0.291500
v -0.000446 1.348623 0.291500
v -0.000162 1.348066 0.291500
v -0.000064 1.347447 0.291500
v -0.000064 0.985701 0.281500
v -0.000064 1.347447 0.281500
v -0.000064 1.347447 0.291500
v -0.000064 0.985701 0.291500
v -0.002064 0.983701 0.281500
v -0.001446 0.983799 0.281500
v -0.000888 0.984083 0.281500
v -0.000446 0.984525 0.281500
v -0.000162 0.985083 0.281500
v -0.000064 0.985701 0.281500
v -0.000064 0.985701 0.291500
v -0.000162 0.985083 0.291500
v -0.000446 0.984525 0.291500
v -0.000888 0.984083 0.291500
v -0.001446 0.983799 0.291500
v -0.002064 0.983701 0.291500
v -0.411935 0.983701 0.281500
v -0.002064 0.983701 0.281500
v -0.002064 0.983701 0.291500
v -0.411935 0.983701 0.291500
v -0.413935 0.985701 0.281500
v -0.413837 0.985083 0.281500
v -0.413553 0.984525 0.281500
v -0.413111 0.984083 0.281500
v -0.412553 0.983799 0.281500
v -0.411935 0.983701 0.281500
v -0.411935 0.983701 0.291500
v -0.412553 0.983799 0.291500
v -0.413111 0.984083 0.291500
v -0.413553 0.984525 0.291500
v -0.413837 0.985083 0.291500
v -0.413935 0.985701 0.291500
v -0.413935 1.347447 0.281500
v -0.413935 0.985701 0.281500
v -0.413935 0.985701 0.291500
v -0.413935 1.347447 0.291500
v -0.411935 1.349448 0.281500
v -0.412553 1.349350 0.281500
v -0.413111 1.349066 0.281500
v -0.413553 1.348623 0.281500
v -0.413837 1.348066 0.281500
v -0.413935 1.347447 0.281500
v -0.413935 1.347447 0.291500
v -0.413837 1.348066 0.291500
v -0.413553 1.348623 0.291500
v -0.413111 1.349066 0.291500
v -0.412553 1.349350 0.291500
v -0.411935 1.349448 0.291500
v -0.065063 1.330830 0.291500
v -0.063827 1.330634 0.291500
v -0.062712 1.330066 0.291500
v -0.061827 1.329181 0.291500
v -0.061259 1.328066 0.291500
v -0.061063 1.326830 0.291500
v -0.061063 1.326022 0.291500
v -0.048528 1.326022 0.291500
v -0.047197 1.325794 0.291500
v -0.046018 1.325137 0.291500
v -0.045125 1.324124 0.291500
v -0.044619 1.322873 0.291500
v -0.032023 1.245396 0.291500
v -0.027692 1.167022 0.291500
v -0.031676 1.088629 0.291500
v -0.043929 1.011098 0.291500
v -0.044432 1.009840 0.291500
v -0.045325 1.008821 0.291500
v -0.046507 1.008160 0.291500
v -0.047842 1.007930 0.291500
v -0.061063 1.007930 0.291500
v -0.061063 1.007512 0.291500
v -0.061259 1.006276 0.291500
v -0.061827 1.005161 0.291500
v -0.062712 1.004276 0.291500
v -0.063827 1.003708 0.291500
v -0.065063 1.003512 0.291500
v -0.370810 1.003512 0.291500
v -0.372046 1.003708 0.291500
v -0.373161 1.004276 0.291500
v -0.374046 1.005161 0.291500
v -0.374615 1.006276 0.291500
v -0.374810 1.007512 0.291500
v -0.374810 1.008536 0.291500
v -0.393359 1.008536 0.291500
v -0.394595 1.008731 0.291500
v -0.395710 1.009300 0.291500
v -0.396595 1.010185 0.291500
v -0.397163 1.011300 0.291500
v -0.397359 1.012536 0.291500
v -0.397359 1.321631 0.291500
v -0.397163 1.322867 0.291500
v -0.396595 1.323982 0.291500
v -0.395710 1.324867 0.291500
v -0.394595 1.325435 0.291500
v -0.393359 1.325631 0.291500
v -0.374810 1.325631 0.291500
v -0.374810 1.326830 0.291500
v -0.374615 1.328066 0.291500
v -0.374046 1.329181 0.291500
v -0.373161 1.330066 0.291500
v -0.372046 1.330634 0.291500
v -0.370810 1.330830 0.291500
v -0.411935 1.349448 0.291500
v -0.412553 1.349350 0.291500
v -0.413111 1.349066 0.291500
v -0.413553 1.348623 0.291500
v -0.413837 1.348066 0.291500
v -0.413935 1.347447 0.291500
v -0.413935 0.985701 0.291500
v -0.413837 0.985083 0.291500
v -0.413553 0.984525 0.291500
v -0.413111 0.984083 0.291500
v -0.412553 0.983799 0.291500
v -0.411935 0.983701 0.291500
v -0.002064 0.983701 0.291500
v -0.001446 0.983799 0.291500
v -0.000888 0.984083 0.291500
v -0.000446 0.984525 0.291500
v -0.000162 0.985083 0.291500
v -0.000064 0.985701 0.291500
v -0.000064 1.347447 0.291500
v -0.000162 1.348066 0.291500
v -0.000446 1.348623 0.291500
v -0.000888 1.349066 0.291500
v -0.001446 1.349350 0.291500
v -0.002064 1.349448 0.291500
v -0.061200 1.006476 0.281500
v -0.063353 1.006476 0.281500
v -0.063799 1.005962 0.281500
v -0.064392 1.005628 0.281500
v -0.065063 1.005512 0.281500
v -0.370810 1.005512 0.281500
v -0.371481 1.005628 0.281500
v -0.372074 1.005962 0.281500
v -0.372521 1.006476 0.281500
v -0.374674 1.006476 0.281500
v -0.374136 1.005289 0.281500
v -0.373245 1.004338 0.281500
v -0.372096 1.003724 0.281500
v -0.370810 1.003512 0.281500
v -0.065063 1.003512 0.281500
v -0.063778 1.003724 0.281500
v -0.062629 1.004338 0.281500
v -0.061738 1.005289 0.281500
v -0.053839 0.205264 0.281500
v -0.053839 0.203264 0.281500
v -0.047842 0.203264 0.281500
v -0.046507 0.203493 0.281500
v -0.045325 0.204155 0.281500
v -0.044432 0.205173 0.281500
v -0.043929 0.206431 0.281500
v -0.031676 0.283962 0.281500
v -0.027692 0.362355 0.281500
v -0.032023 0.440729 0.281500
v -0.044619 0.518206 0.281500
v -0.045125 0.519458 0.281500
v -0.046018 0.520470 0.281500
v -0.047197 0.521128 0.281500
v -0.048528 0.521356 0.281500
v -0.053839 0.521356 0.281500
v -0.053839 0.519356 0.281500
v -0.048528 0.519356 0.281500
v -0.047863 0.519242 0.281500
v -0.047273 0.518913 0.281500
v -0.046826 0.518407 0.281500
v -0.046574 0.517781 0.281500
v -0.034011 0.440513 0.281500
v -0.029692 0.362351 0.281500
v -0.033665 0.284169 0.281500
v -0.045886 0.206847 0.281500
v -0.046137 0.206218 0.281500
v -0.046583 0.205709 0.281500
v -0.047174 0.205378 0.281500
v -0.047842 0.205264 0.281500
v 0.384161 0.205264 0.281500
v 0.384161 0.203264 0.281500
v 0.392158 0.203264 0.281500
v 0.393493 0.203493 0.281500
v 0.394675 0.204155 0.281500
v 0.395568 0.205173 0.281500
v 0.396071 0.206431 0.281500
v 0.408324 0.283962 0.281500
v 0.412308 0.362355 0.281500
v 0.407977 0.440729 0.281500
v 0.395381 0.518206 0.281500
v 0.394875 0.519458 0.281500
v 0.393982 0.520470 0.281500
v 0.392803 0.521128 0.281500
v 0.391472 0.521356 0.281500
v 0.384161 0.521356 0.281500
v 0.384161 0.519356 0.281500
v 0.391472 0.519356 0.281500
v 0.392137 0.519242 0.281500
v 0.392727 0.518913 0.281500
v 0.393174 0.518407 0.281500
v 0.393426 0.517781 0.281500
v 0.405989 0.440513 0.281500
v 0.410308 0.362351 0.281500
v 0.406335 0.284169 0.281500
v 0.394114 0.206847 0.281500
v 0.393863 0.206218 0.281500
v 0.393417 0.205709 0.281500
v 0.392826 0.205378 0.281500
v 0.392158 0.205264 0.281500
v -0.063063 1.611038 0.289500
v -0.063063 1.729164 0.289500
v -0.063063 1.729164 0.291500
v -0.063063 1.611038 0.291500
v -0.063063 1.524426 0.289500
v -0.073390 1.540216 0.289500
v -0.078778 1.558298 0.289500
v -0.078778 1.577166 0.289500
v -0.073390 1.595248 0.289500
v -0.063063 1.611038 0.289500
v -0.063063 1.611038 0.291500
v -0.073390 1.595248 0.291500
v -0.078778 1.577166 0.291500
v -0.078778 1.558298 0.291500
v -0.073390 1.540216 0.291500
v -0.063063 1.524426 0.291500
v -0.063063 1.410476 0.289500
v -0.063063 1.524426 0.289500
v -0.063063 1.524426 0.291500
v -0.063063 1.409845 0.291500
v -0.063063 1.409845 0.281500
v -0.063063 1.410476 0.281500
v -0.065063 1.407845 0.281500
v -0.064445 1.407943 0.281500
v -0.063888 1.408227 0.281500
v -0.063445 1.408670 0.281500
v -0.063161 1.409227 0.281500
v -0.063063 1.409845 0.281500
v -0.063063 1.409845 0.291500
v -0.063161 1.409227 0.291500
v -0.063445 1.408670 0.291500
v -0.063888 1.408227 0.291500
v -0.064445 1.407943 0.291500
v -0.065063 1.407845 0.291500
v -0.370810 1.407845 0.281500
v -0.065063 1.407845 0.281500
v -0.065063 1.407845 0.291500
v -0.370810 1.407845 0.291500
v -0.372810 1.409845 0.281500
v -0.372712 1.409227 0.281500
v -0.372428 1.408670 0.281500
v -0.371986 1.408227 0.281500
v -0.371428 1.407943 0.281500
v -0.370810 1.407845 0.281500
v -0.370810 1.407845 0.291500
v -0.371428 1.407943 0.291500
v -0.371986 1.408227 0.291500
v -0.372428 1.408670 0.291500
v -0.372712 1.409227 0.291500
v -0.372810 1.409845 0.291500
v -0.370810 1.731164 0.289500
v -0.371428 1.731066 0.289500
v -0.371986 1.730782 0.289500
v -0.372428 1.730339 0.289500
v -0.372712 1.729782 0.289500
v -0.372810 1.729164 0.289500
v -0.372810 1.729164 0.291500
v -0.372712 1.729782 0.291500
v -0.372428 1.730339 0.291500
v -0.371986 1.730782 0.291500
v -0.371428 1.731066 0.291500
v -0.370810 1.731164 0.291500
v -0.065063 1.731164 0.289500
v -0.370810 1.731164 0.289500
v -0.370810 1.731164 0.291500
v -0.065063 1.731164 0.291500
v -0.063063 1.729164 0.289500
v -0.063161 1.729782 0.289500
v -0.063445 1.730339 0.289500
v -0.063888 1.730782 0.289500
v -0.064445 1.731066 0.289500
v -0.065063 1.731164 0.289500
v -0.065063 1.731164 0.291500
v -0.064445 1.731066 0.291500
v -0.063888 1.730782 0.291500
v -0.063445 1.730339 0.291500
v -0.063161 1.729782 0.291500
v -0.063063 1.729164 0.291500
v -0.063063 1.729164 0.291500
v -0.063161 1.729782 0.291500
v -0.063445 1.730339 0.291500
v -0.063888 1.730782 0.291500
v -0.064445 1.731066 0.291500
v -0.065063 1.731164 0.291500
v -0.370810 1.731164 0.291500
v -0.371428 1.731066 0.291500
v -0.371986 1.730782 0.291500
v -0.372428 1.730339 0.291500
v -0.372712 1.729782 0.291500
v -0.372810 1.729164 0.291500
v -0.372810 1.409845 0.291500
v -0.372712 1.409227 0.291500
v -0.372428 1.408670 0.291500
v -0.371986 1.408227 0.291500
v -0.371428 1.407943 0.291500
v -0.370810 1.407845 0.291500
v -0.065063 1.407845 0.291500
v -0.064445 1.407943 0.291500
v -0.063888 1.408227 0.291500
v -0.063445 1.408670 0.291500
v -0.063161 1.409227 0.291500
v -0.063063 1.409845 0.291500
v -0.063063 1.524426 0.291500
v -0.073390 1.540216 0.291500
v -0.078778 1.558298 0.291500
v -0.078778 1.577166 0.291500
v -0.073390 1.595248 0.291500
v -0.063063 1.611038 0.291500
v -0.061063 1.726356 0.289500
v -0.061063 1.412264 0.289500
v -0.061063 1.412264 0.293500
v -0.061063 1.726356 0.293500
v -0.053839 1.726356 0.289500
v -0.061063 1.726356 0.289500
v -0.061063 1.726356 0.293500
v -0.048528 1.726356 0.293500
v -0.048528 1.726356 0.281500
v -0.053839 1.726356 0.281500
v -0.046574 1.724781 0.281500
v -0.046826 1.725407 0.281500
v -0.047273 1.725913 0.281500
v -0.047863 1.726242 0.281500
v -0.048528 1.726356 0.281500
v -0.048528 1.726356 0.293500
v -0.047863 1.726242 0.293500
v -0.047273 1.725913 0.293500
v -0.046826 1.725407 0.293500
v -0.046574 1.724781 0.293500
v -0.045886 1.413847 0.281500
v -0.033665 1.491170 0.281500
v -0.029692 1.569351 0.281500
v -0.034011 1.647513 0.281500
v -0.046574 1.724781 0.281500
v -0.046574 1.724781 0.293500
v -0.034011 1.647513 0.293500
v -0.029692 1.569351 0.293500
v -0.033665 1.491170 0.293500
v -0.045886 1.413847 0.293500
v -0.047842 1.412264 0.281500
v -0.047174 1.412378 0.281500
v -0.046583 1.412709 0.281500
v -0.046137 1.413218 0.281500
v -0.045886 1.413847 0.281500
v -0.045886 1.413847 0.293500
v -0.046137 1.413218 0.293500
v -0.046583 1.412709 0.293500
v -0.047174 1.412378 0.293500
v -0.047842 1.412264 0.293500
v -0.053850 1.412264 0.289500
v -0.053850 1.412264 0.281500
v -0.047842 1.412264 0.281500
v -0.047842 1.412264 0.293500
v -0.061063 1.412264 0.293500
v -0.061063 1.412264 0.289500
v -0.061063 1.412264 0.293500
v -0.047842 1.412264 0.293500
v -0.047174 1.412378 0.293500
v -0.046583 1.412709 0.293500
v -0.046137 1.413218 0.293500
v -0.045886 1.413847 0.293500
v -0.033665 1.491170 0.293500
v -0.029692 1.569351 0.293500
v -0.034011 1.647513 0.293500
v -0.046574 1.724781 0.293500
v -0.046826 1.725407 0.293500
v -0.047273 1.725913 0.293500
v -0.047863 1.726242 0.293500
v -0.048528 1.726356 0.293500
v -0.061063 1.726356 0.293500
v -0.395359 1.414869 0.281500
v -0.395261 1.414251 0.281500
v -0.394977 1.413694 0.281500
v -0.394535 1.413251 0.281500
v -0.393977 1.412967 0.281500
v -0.393359 1.412869 0.281500
v -0.393359 1.412869 0.293500
v -0.393977 1.412967 0.293500
v -0.394535 1.413251 0.293500
v -0.394977 1.413694 0.293500
v -0.395261 1.414251 0.293500
v -0.395359 1.414869 0.293500
v -0.395359 1.723964 0.281500
v -0.395359 1.414869 0.281500
v -0.395359 1.414869 0.293500
v -0.395359 1.723964 0.293500
v -0.393359 1.725964 0.281500
v -0.393977 1.725867 0.281500
v -0.394535 1.725582 0.281500
v -0.394977 1.725140 0.281500
v -0.395261 1.724582 0.281500
v -0.395359 1.723964 0.281500
v -0.395359 1.723964 0.293500
v -0.395261 1.724582 0.293500
v -0.394977 1.725140 0.293500
v -0.394535 1.725582 0.293500
v -0.393977 1.725867 0.293500
v -0.393359 1.725964 0.293500
v -0.393359 1.725964 0.293500
v -0.393977 1.725867 0.293500
v -0.394535 1.725582 0.293500
v -0.394977 1.725140 0.293500
v -0.395261 1.724582 0.293500
v -0.395359 1.723964 0.293500
v -0.395359 1.414869 0.293500
v -0.395261 1.414251 0.293500
v -0.394977 1.413694 0.293500
v -0.394535 1.413251 0.293500
v -0.393977 1.412967 0.293500
v -0.393359 1.412869 0.293500
v -0.374810 1.412869 0.293500
v -0.374810 1.725964 0.293500
v -0.370810 1.733164 0.289500
v -0.065063 1.733164 0.289500
v -0.065063 1.733164 0.291500
v -0.370810 1.733164 0.291500
v -0.397359 1.723964 0.281500
v -0.397163 1.725200 0.281500
v -0.396595 1.726316 0.281500
v -0.395710 1.727200 0.281500
v -0.394595 1.727769 0.281500
v -0.393359 1.727964 0.281500
v -0.393359 1.727964 0.291500
v -0.394595 1.727769 0.291500
v -0.395710 1.727200 0.291500
v -0.396595 1.726316 0.291500
v -0.397163 1.725200 0.291500
v -0.397359 1.723964 0.291500
v -0.397359 1.414869 0.281500
v -0.397359 1.723964 0.281500
v -0.397359 1.723964 0.291500
v -0.397359 1.414869 0.291500
v -0.393359 1.410869 0.281500
v -0.394595 1.411065 0.281500
v -0.395710 1.411633 0.281500
v -0.396595 1.412518 0.281500
v -0.397163 1.413633 0.281500
v -0.397359 1.414869 0.281500
v -0.397359 1.414869 0.291500
v -0.397163 1.413633 0.291500
v -0.396595 1.412518 0.291500
v -0.395710 1.411633 0.291500
v -0.394595 1.411065 0.291500
v -0.393359 1.410869 0.291500
v -0.370810 1.405845 0.281500
v -0.372046 1.406041 0.281500
v -0.373161 1.406609 0.281500
v -0.374046 1.407494 0.281500
v -0.374615 1.408609 0.281500
v -0.374810 1.409845 0.281500
v -0.374810 1.409845 0.291500
v -0.374615 1.408609 0.291500
v -0.374046 1.407494 0.291500
v -0.373161 1.406609 0.291500
v -0.372046 1.406041 0.291500
v -0.370810 1.405845 0.291500
v -0.065063 1.405845 0.281500
v -0.370810 1.405845 0.281500
v -0.370810 1.405845 0.291500
v -0.065063 1.405845 0.291500
v -0.061063 1.409845 0.281500
v -0.061259 1.408609 0.281500
v -0.061827 1.407494 0.281500
v -0.062712 1.406609 0.281500
v -0.063827 1.406041 0.281500
v -0.065063 1.405845 0.281500
v -0.065063 1.405845 0.291500
v -0.063827 1.406041 0.291500
v -0.062712 1.406609 0.291500
v -0.061827 1.407494 0.291500
v -0.061259 1.408609 0.291500
v -0.061063 1.409845 0.291500
v -0.061063 1.410264 0.281500
v -0.061063 1.409845 0.281500
v -0.061063 1.409845 0.291500
v -0.061063 1.410264 0.291500
v -0.047842 1.410264 0.281500
v -0.061063 1.410264 0.281500
v -0.061063 1.410264 0.291500
v -0.047842 1.410264 0.291500
v -0.043929 1.413431 0.281500
v -0.044432 1.412173 0.281500
v -0.045325 1.411155 0.281500
v -0.046507 1.410493 0.281500
v -0.047842 1.410264 0.281500
v -0.047842 1.410264 0.291500
v -0.046507 1.410493 0.291500
v -0.045325 1.411155 0.291500
v -0.044432 1.412173 0.291500
v -0.043929 1.413431 0.291500
v -0.044619 1.725206 0.281500
v -0.032023 1.647729 0.281500
v -0.027692 1.569355 0.281500
v -0.031676 1.490962 0.281500
v -0.043929 1.413431 0.281500
v -0.043929 1.413431 0.291500
v -0.031676 1.490962 0.291500
v -0.027692 1.569355 0.291500
v -0.032023 1.647729 0.291500
v -0.044619 1.725206 0.291500
v -0.048528 1.728356 0.281500
v -0.047197 1.728128 0.281500
v -0.046018 1.727470 0.281500
v -0.045125 1.726458 0.281500
v -0.044619 1.725206 0.281500
v -0.044619 1.725206 0.291500
v -0.045125 1.726458 0.291500
v -0.046018 1.727470 0.291500
v -0.047197 1.728128 0.291500
v -0.048528 1.728356 0.291500
v -0.053839 1.728356 0.289500
v -0.053839 1.728356 0.281500
v -0.048528 1.728356 0.281500
v -0.048528 1.728356 0.291500
v -0.061063 1.728356 0.291500
v -0.061063 1.728356 0.289500
v -0.061063 1.729164 0.289500
v -0.061063 1.728356 0.289500
v -0.061063 1.728356 0.291500
v -0.061063 1.729164 0.291500
v -0.065063 1.733164 0.289500
v -0.063827 1.732968 0.289500
v -0.062712 1.732400 0.289500
v -0.061827 1.731515 0.289500
v -0.061259 1.730400 0.289500
v -0.061063 1.729164 0.289500
v -0.061063 1.729164 0.291500
v -0.061259 1.730400 0.291500
v -0.061827 1.731515 0.291500
v -0.062712 1.732400 0.291500
v -0.063827 1.732968 0.291500
v -0.065063 1.733164 0.291500
v -0.002064 1.751781 0.281500
v -0.411935 1.751781 0.281500
v -0.411935 1.751781 0.291500
v -0.002064 1.751781 0.291500
v -0.000064 1.749781 0.281500
v -0.000162 1.750399 0.281500
v -0.000446 1.750956 0.281500
v -0.000888 1.751399 0.281500
v -0.001446 1.751683 0.281500
v -0.002064 1.751781 0.281500
v -0.002064 1.751781 0.291500
v -0.001446 1.751683 0.291500
v -0.000888 1.751399 0.291500
v -0.000446 1.750956 0.291500
v -0.000162 1.750399 0.291500
v -0.000064 1.749781 0.291500
v -0.000064 1.388034 0.281500
v -0.000064 1.749781 0.281500
v -0.000064 1.749781 0.291500
v -0.000064 1.388034 0.291500
v -0.002064 1.386034 0.281500
v -0.001446 1.386132 0.281500
v -0.000888 1.386416 0.281500
v -0.000446 1.386859 0.281500
v -0.000162 1.387416 0.281500
v -0.000064 1.388034 0.281500
v -0.000064 1.388034 0.291500
v -0.000162 1.387416 0.291500
v -0.000446 1.386859 0.291500
v -0.000888 1.386416 0.291500
v -0.001446 1.386132 0.291500
v -0.002064 1.386034 0.291500
v -0.411935 1.386034 0.281500
v -0.002064 1.386034 0.281500
v -0.002064 1.386034 0.291500
v -0.411935 1.386034 0.291500
v -0.413935 1.388034 0.281500
v -0.413837 1.387416 0.281500
v -0.413553 1.386859 0.281500
v -0.413111 1.386416 0.281500
v -0.412553 1.386132 0.281500
v -0.411935 1.386034 0.281500
v -0.411935 1.386034 0.291500
v -0.412553 1.386132 0.291500
v -0.413111 1.386416 0.291500
v -0.413553 1.386859 0.291500
v -0.413837 1.387416 0.291500
v -0.413935 1.388034 0.291500
v -0.413935 1.749781 0.281500
v -0.413935 1.388034 0.281500
v -0.413935 1.388034 0.291500
v -0.413935 1.749781 0.291500
v -0.411935 1.751781 0.281500
v -0.412553 1.751683 0.281500
v -0.413111 1.751399 0.281500
v -0.413553 1.750956 0.281500
v -0.413837 1.750399 0.281500
v -0.413935 1.749781 0.281500
v -0.413935 1.749781 0.291500
v -0.413837 1.750399 0.291500
v -0.413553 1.750956 0.291500
v -0.413111 1.751399 0.291500
v -0.412553 1.751683 0.291500
v -0.411935 1.751781 0.291500
v -0.065063 1.733164 0.291500
v -0.063827 1.732968 0.291500
v -0.062712 1.732400 0.291500
v -0.061827 1.731515 0.291500
v -0.061259 1.730400 0.291500
v -0.061063 1.729164 0.291500
v -0.061063 1.728356 0.291500
v -0.048528 1.728356 0.291500
v -0.047197 1.728128 0.291500
v -0.046018 1.727470 0.291500
v -0.045125 1.726458 0.291500
v -0.044619 1.725206 0.291500
v -0.032023 1.647729 0.291500
v -0.027692 1.569355 0.291500
v -0.031676 1.490962 0.291500
v -0.043929 1.413431 0.291500
v -0.044432 1.412173 0.291500
v -0.045325 1.411155 0.291500
v -0.046507 1.410493 0.291500
v -0.047842 1.410264 0.291500
v -0.061063 1.410264 0.291500
v -0.061063 1.409845 0.291500
v -0.061259 1.408609 0.291500
v -0.061827 1.407494 0.291500
v -0.062712 1.406609 0.291500
v -0.063827 1.406041 0.291500
v -0.065063 1.405845 0.291500
v -0.370810 1.405845 0.291500
v -0.372046 1.406041 0.291500
v -0.373161 1.406609 0.291500
v -0.374046 1.407494 0.291500
v -0.374615 1.408609 0.291500
v -0.374810 1.409845 0.291500
v -0.374810 1.410869 0.291500
v -0.393359 1.410869 0.291500
v -0.394595 1.411065 0.291500
v -0.395710 1.411633 0.291500
v -0.396595 1.412518 0.291500
v -0.397163 1.413633 0.291500
v -0.397359 1.414869 0.291500
v -0.397359 1.723964 0.291500
v -0.397163 1.725200 0.291500
v -0.396595 1.726316 0.291500
v -0.395710 1.727200 0.291500
v -0.394595 1.727769 0.291500
v -0.393359 1.727964 0.291500
v -0.374810 1.727964 0.291500
v -0.374810 1.729164 0.291500
v -0.374615 1.730400 0.291500
v -0.374046 1.731515 0.291500
v -0.373161 1.732400 0.291500
v -0.372046 1.732968 0.291500
v -0.370810 1.733164 0.291500
v -0.411935 1.751781 0.291500
v -0.412553 1.751683 0.291500
v -0.413111 1.751399 0.291500
v -0.413553 1.750956 0.291500
v -0.413837 1.750399 0.291500
v -0.413935 1.749781 0.291500
v -0.413935 1.388034 0.291500
v -0.413837 1.387416 0.291500
v -0.413553 1.386859 0.291500
v -0.413111 1.386416 0.291500
v -0.412553 1.386132 0.291500
v -0.411935 1.386034 0.291500
v -0.002064 1.386034 0.291500
v -0.001446 1.386132 0.291500
v -0.000888 1.386416 0.291500
v -0.000446 1.386859 0.291500
v -0.000162 1.387416 0.291500
v -0.000064 1.388034 0.291500
v -0.000064 1.749781 0.291500
v -0.000162 1.750399 0.291500
v -0.000446 1.750956 0.291500
v -0.000888 1.751399 0.291500
v -0.001446 1.751683 0.291500
v -0.002064 1.751781 0.291500
v 0.028065 0.544781 0.281500
v 0.437936 0.544781 0.281500
v 0.438554 0.544683 0.281500
v 0.439112 0.544399 0.281500
v 0.439554 0.543956 0.281500
v 0.439838 0.543399 0.281500
v 0.439936 0.542781 0.281500
v 0.439936 0.181034 0.281500
v 0.439838 0.180416 0.281500
v 0.439554 0.179859 0.281500
v 0.439112 0.179416 0.281500
v 0.438554 0.179132 0.281500
v 0.437936 0.179034 0.281500
v 0.028065 0.179034 0.281500
v 0.027447 0.179132 0.281500
v 0.026889 0.179416 0.281500
v 0.026447 0.179859 0.281500
v 0.026163 0.180416 0.281500
v 0.026065 0.181034 0.281500
v 0.026065 0.542781 0.281500
v 0.026163 0.543399 0.281500
v 0.026447 0.543956 0.281500
v 0.026889 0.544399 0.281500
v 0.027447 0.544683 0.281500
v 0.028065 0.947114 0.281500
v 0.437936 0.947114 0.281500
v 0.438554 0.947016 0.281500
v 0.439112 0.946732 0.281500
v 0.439554 0.946290 0.281500
v 0.439838 0.945732 0.281500
v 0.439936 0.945114 0.281500
v 0.439936 0.583368 0.281500
v 0.439838 0.582750 0.281500
v 0.439554 0.582192 0.281500
v 0.439112 0.581750 0.281500
v 0.438554 0.581465 0.281500
v 0.437936 0.581368 0.281500
v 0.028065 0.581368 0.281500
v 0.027447 0.581465 0.281500
v 0.026889 0.581750 0.281500
v 0.026447 0.582192 0.281500
v 0.026163 0.582750 0.281500
v 0.026065 0.583368 0.281500
v 0.026065 0.945114 0.281500
v 0.026163 0.945732 0.281500
v 0.026447 0.946290 0.281500
v 0.026889 0.946732 0.281500
v 0.027447 0.947016 0.281500
v 0.028065 1.751781 0.281500
v 0.437936 1.751781 0.281500
v 0.438554 1.751683 0.281500
v 0.439112 1.751399 0.281500
v 0.439554 1.750956 0.281500
v 0.439838 1.750399 0.281500
v 0.439936 1.749781 0.281500
v 0.439936 1.388034 0.281500
v 0.439838 1.387416 0.281500
v 0.439554 1.386859 0.281500
v 0.439112 1.386416 0.281500
v 0.438554 1.386132 0.281500
v 0.437936 1.386034 0.281500
v 0.028065 1.386034 0.281500
v 0.027447 1.386132 0.281500
v 0.026889 1.386416 0.281500
v 0.026447 1.386859 0.281500
v 0.026163 1.387416 0.281500
v 0.026065 1.388034 0.281500
v 0.026065 1.749781 0.281500
v 0.026163 1.750399 0.281500
v 0.026447 1.750956 0.281500
v 0.026889 1.751399 0.281500
v 0.027447 1.751683 0.281500
v -0.411935 0.544781 0.281500
v -0.002064 0.544781 0.281500
v -0.001446 0.544683 0.281500
v -0.000888 0.544399 0.281500
v -0.000446 0.543956 0.281500
v -0.000162 0.543399 0.281500
v -0.000064 0.542781 0.281500
v -0.000064 0.181034 0.281500
v -0.000162 0.180416 0.281500
v -0.000446 0.179859 0.281500
v -0.000888 0.179416 0.281500
v -0.001446 0.179132 0.281500
v -0.002064 0.179034 0.281500
v -0.411935 0.179034 0.281500
v -0.412553 0.179132 0.281500
v -0.413111 0.179416 0.281500
v -0.413553 0.179859 0.281500
v -0.413837 0.180416 0.281500
v -0.413935 0.181034 0.281500
v -0.413935 0.542781 0.281500
v -0.413837 0.543399 0.281500
v -0.413553 0.543956 0.281500
v -0.413111 0.544399 0.281500
v -0.412553 0.544683 0.281500
v -0.411935 0.947114 0.281500
v -0.002064 0.947114 0.281500
v -0.001446 0.947016 0.281500
v -0.000888 0.946732 0.281500
v -0.000446 0.946290 0.281500
v -0.000162 0.945732 0.281500
v -0.000064 0.945114 0.281500
v -0.000064 0.583368 0.281500
v -0.000162 0.582750 0.281500
v -0.000446 0.582192 0.281500
v -0.000888 0.581750 0.281500
v -0.001446 0.581465 0.281500
v -0.002064 0.581368 0.281500
v -0.411935 0.581368 0.281500
v -0.412553 0.581465 0.281500
v -0.413111 0.581750 0.281500
v -0.413553 0.582192 0.281500
v -0.413837 0.582750 0.281500
v -0.413935 0.583368 0.281500
v -0.413935 0.945114 0.281500
v -0.413837 0.945732 0.281500
v -0.413553 0.946290 0.281500
v -0.413111 0.946732 0.281500
v -0.412553 0.947016 0.281500
v -0.411935 1.349448 0.281500
v -0.002064 1.349448 0.281500
v -0.001446 1.349350 0.281500
v -0.000888 1.349066 0.281500
v -0.000446 1.348623 0.281500
v -0.000162 1.348066 0.281500
v -0.000064 1.347447 0.281500
v -0.000064 0.985701 0.281500
v -0.000162 0.985083 0.281500
v -0.000446 0.984525 0.281500
v -0.000888 0.984083 0.281500
v -0.001446 0.983799 0.281500
v -0.002064 0.983701 0.281500
v -0.411935 0.983701 0.281500
v -0.412553 0.983799 0.281500
v -0.413111 0.984083 0.281500
v -0.413553 0.984525 0.281500
v -0.413837 0.985083 0.281500
v -0.413935 0.985701 0.281500
v -0.413935 1.347447 0.281500
v -0.413837 1.348066 0.281500
v -0.413553 1.348623 0.281500
v -0.413111 1.349066 0.281500
v -0.412553 1.349350 0.281500
v 0.461309 1.770931 0.281500
v -0.435836 1.770931 0.281500
v -0.435836 0.153049 0.281500
v 0.461309 0.153049 0.281500
v -0.411935 1.751781 0.281500
v -0.002064 1.751781 0.281500
v -0.001446 1.751683 0.281500
v -0.000888 1.751399 0.281500
v -0.000446 1.750956 0.281500
v -0.000162 1.750399 0.281500
v -0.000064 1.749781 0.281500
v -0.000064 1.388034 0.281500
v -0.000162 1.387416 0.281500
v -0.000446 1.386859 0.281500
v -0.000888 1.386416 0.281500
v -0.001446 1.386132 0.281500
v -0.002064 1.386034 0.281500
v -0.411935 1.386034 0.281500
v -0.412553 1.386132 0.281500
v -0.413111 1.386416 0.281500
v -0.413553 1.386859 0.281500
v -0.413837 1.387416 0.281500
v -0.413935 1.388034 0.281500
v -0.413935 1.749781 0.281500
v -0.413837 1.750399 0.281500
v -0.413553 1.750956 0.281500
v -0.413111 1.751399 0.281500
v -0.412553 1.751683 0.281500
v 0.045224 0.990345 0.281500
v 0.045224 1.283143 0.281500
v 0.409004 1.283143 0.281500
v 0.409004 0.990345 0.281500
v -0.436142 1.773950 0.281500
v -0.436142 1.880474 0.281500
v -0.436142 1.880474 0.276500
v -0.436142 1.773950 0.276500
v -0.436142 1.880474 0.281500
v 0.461309 1.880474 0.281500
v 0.461309 1.880474 0.276500
v -0.436142 1.880474 0.276500
v 0.461309 1.880474 0.281500
v 0.461309 1.773950 0.281500
v 0.461309 1.773950 0.276500
v 0.461309 1.880474 0.276500
v 0.461309 1.773950 0.281500
v -0.436142 1.773950 0.281500
v -0.436142 1.773950 0.276500
v 0.461309 1.773950 0.276500
v -0.435836 1.770931 0.281500
v 0.461309 1.770931 0.281500
v 0.461309 1.770931 0.276500
v -0.435836 1.770931 0.276500
v 0.461309 1.770931 0.281500
v 0.461309 0.153049 0.281500
v 0.461309 0.153049 0.276500
v 0.461309 1.770931 0.276500
v 0.461309 0.153049 0.281500
v -0.435836 0.153049 0.281500
v -0.435836 0.153049 0.276500
v 0.461309 0.153049 0.276500
v -0.435836 0.153049 0.281500
v -0.435836 1.770931 0.281500
v -0.435836 1.770931 0.276500
v -0.435836 0.153049 0.276500
v -0.500000 0.148416 0.281500
v 0.510920 0.148416 0.281500
v 0.510920 0.148416 0.276500
v -0.500000 0.148416 0.276500
v 0.510920 0.151999 0.281500
v 0.464940 0.151999 0.281500
v 0.464940 0.151999 0.276500
v 0.510920 0.151999 0.276500
v 0.464940 0.151999 0.281500
v 0.464940 1.880474 0.281500
v 0.464940 1.880474 0.276500
v 0.464940 0.151999 0.276500
v 0.464940 1.880474 0.281500
v 0.510920 1.880474 0.281500
v 0.510920 1.880474 0.276500
v 0.464940 1.880474 0.276500
v 0.510920 1.883716 0.281500
v -0.500000 1.883716 0.281500
v -0.500000 1.883716 0.276500
v 0.510920 1.883716 0.276500
v -0.500000 1.880474 0.281500
v -0.441195 1.880474 0.281500
v -0.441195 1.880474 0.276500
v -0.500000 1.880474 0.276500
v -0.441195 1.880474 0.281500
v -0.441195 0.153049 0.281500
v -0.441195 0.153049 0.276500
v -0.441195 1.880474 0.276500
v -0.441195 0.153049 0.281500
v -0.500000 0.153049 0.281500
v -0.500000 0.153049 0.276500
v -0.441195 0.153049 0.276500
v -0.435836 0.153049 0.276500
v -0.435836 1.770931 0.276500
v 0.461309 1.770931 0.276500
v 0.461309 0.153049 0.276500
v 0.461309 1.773950 0.276500
v -0.436142 1.773950 0.276500
v -0.436142 1.880474 0.276500
v 0.461309 1.880474 0.276500
v -0.441195 0.153049 0.276500
v -0.500000 0.153049 0.276500
v -0.500000 0.148416 0.276500
v 0.510920 0.148416 0.276500
v 0.510920 0.151999 0.276500
v 0.464940 0.151999 0.276500
v 0.464940 1.880474 0.276500
v 0.510920 1.880474 0.276500
v 0.510920 1.883716 0.276500
v -0.500000 1.883716 0.276500
v -0.500000 1.880474 0.276500
v -0.441195 1.880474 0.276500
v -0.500000 0.148416 0.281500
v -0.500000 0.148416 0.276500
v -0.500000 0.153049 0.276500
v -0.500000 0.153049 0.281500
v -0.500000 1.880474 0.281500
v -0.500000 1.880474 0.276500
v -0.500000 1.883716 0.276500
v -0.500000 1.883716 0.281500
v -0.500000 1.930560 0.281500
v -0.500000 1.930560 -0.290000
v -0.500000 -0.010000 -0.290000
v -0.500000 -0.010000 0.281500
v -0.500000 0.153049 0.281500
v -0.441195 0.153049 0.281500
v -0.441195 1.880474 0.281500
v -0.500000 1.880474 0.281500
v -0.500000 1.883716 0.281500
v 0.510920 1.883716 0.281500
v 0.510920 1.930560 0.281500
v -0.500000 1.930560 0.281500
v 0.464940 0.151999 0.281500
v 0.510920 0.151999 0.281500
v 0.510920 1.880474 0.281500
v 0.464940 1.880474 0.281500
v 0.510920 0.148416 0.281500
v -0.500000 0.148416 0.281500
v -0.500000 -0.010000 0.281500
v 0.510920 -0.010000 0.281500
v 0.510920 0.148416 0.276500
v 0.510920 0.148416 0.281500
v 0.510920 -0.010000 0.281500
v 0.510920 -0.010000 -0.290000
v 0.510920 1.930560 -0.290000
v 0.510920 1.930560 0.281500
v 0.510920 1.883716 0.281500
v 0.510920 1.883716 0.276500
v 0.510920 1.880474 0.276500
v 0.510920 1.880474 0.281500
v 0.510920 0.151999 0.281500
v 0.510920 0.151999 0.276500
v -0.436142 1.880474 0.281500
v -0.436142 1.773950 0.281500
v 0.461309 1.773950 0.281500
v 0.461309 1.880474 0.281500
v -0.500000 1.930560 0.281500
v 0.510920 1.930560 0.281500
v 0.510920 1.930560 -0.290000
v -0.500000 1.930560 -0.290000
v 0.510920 -0.010000 0.281500
v -0.500000 -0.010000 0.281500
v -0.500000 -0.010000 -0.290000
v 0.510920 -0.010000 -0.290000
vn 1.0000 -0.0000 -0.0000
vn 0.5812 0.8137 -0.0000
vn -0.9992 -0.0389 -0.0000
vn -0.9999 -0.0130 -0.0000
vn -0.9999 0.0130 -0.0000
vn -0.9992 0.0389 -0.0000
vn 0.6402 -0.7682 -0.0000
vn -0.0000 -0.0000 -1.0000
vn -0.0000 -1.0000 -0.0000
vn -1.0000 -0.0000 -0.0000
vn -0.0000 1.0000 -0.0000
vn -0.6033 0.7975 -0.0000
vn 0.0151 -0.9999 -0.0000
vn 0.0057 -1.0000 -0.0000
vn -0.0038 -1.0000 -0.0000
vn -0.0133 -0.9999 -0.0000
vn 0.6221 0.7829 -0.0000
vn 0.5985 -0.8011 -0.0000
vn -0.0353 0.9994 -0.0000
vn -0.0118 0.9999 -0.0000
vn 0.0118 0.9999 -0.0000
vn 0.0353 0.9994 -0.0000
vn -0.5898 -0.8076 -0.0000
vn -0.6160 -0.7877 -0.0000
vn 0.9983 0.0580 -0.0000
vn 0.9998 0.0193 -0.0000
vn 0.9998 -0.0193 -0.0000
vn 0.9983 -0.0580 -0.0000
vn -0.6679 0.7442 -0.0000
vn -0.0000 0.0001 -1.0000
vn -0.0000 -0.0001 -1.0000
vn -0.0000 -0.0002 -1.0000
vn -0.0000 0.0002 -1.0000
vn 0.3090 0.9511 -0.0000
vn 0.5878 0.8090 -0.0000
vn 0.8090 0.5878 -0.0000
vn 0.9511 0.3090 -0.0000
vn -0.0000 -0.0000 1.0000
vn 0.9511 -0.3090 -0.0000
vn 0.8090 -0.5878 -0.0000
vn 0.5878 -0.8090 -0.0000
vn 0.3090 -0.9511 -0.0000
vn 0.5249 0.8512 -0.0000
vn 0.7371 0.6757 -0.0000
vn 0.7372 0.6757 -0.0000
vn 0.8801 0.4747 -0.0000
vn 0.9696 0.2448 -0.0000
vn 0.3090 0.9511 -0.0001
vn 0.2728 0.9621 -0.0000
vn 0.0001 1.0000 -0.0000
vn -0.0000 0.0001 1.0000
vn -0.0000 -0.0002 1.0000
vn 0.5876 0.8091 -0.0000
vn 0.3089 0.9511 -0.0000
vn 0.3092 0.9510 -0.0000
vn -0.3092 0.9510 -0.0000
vn -0.3089 0.9511 -0.0000
vn -0.5878 0.8090 -0.0000
vn -0.5877 0.8091 -0.0000
vn -0.8090 0.5878 -0.0000
vn -0.9511 0.3090 -0.0000
vn -0.9836 -0.1804 -0.0000
vn -0.9511 -0.3090 -0.0000
vn -0.9348 -0.3552 -0.0000
vn -0.8553 -0.5181 -0.0000
vn -0.8090 -0.5878 -0.0000
vn -0.8553 -0.5182 -0.0000
vn -0.6320 -0.7750 -0.0001
vn -0.5878 -0.8090 -0.0000
vn -0.3354 -0.9421 -0.0000
vn -0.3090 -0.9511 0.0001
vn 0.8314 0.5557 -0.0000
vn 0.9658 0.2591 -0.0000
vn 0.9659 0.2591 -0.0000
vn 0.9848 0.1738 -0.0000
vn 0.9962 0.0872 -0.0000
vn 0.8090 0.5878 -0.0001
vn 0.6087 0.7934 -0.0000
vn 0.3214 0.9470 0.0001
vn 0.3088 0.9511 -0.0004
vn 0.0001 1.0000 0.0007
vn -0.0000 -0.0001 1.0000
vn 0.5879 -0.8090 -0.0000
vn 0.3089 -0.9511 -0.0000
vn 0.3091 -0.9510 -0.0000
vn 0.7371 0.6758 -0.0000
vn -0.0000 0.0002 1.0000
vn -0.3090 0.9511 -0.0000
vn -0.3090 0.9510 -0.0000
vn -0.0001 1.0000 -0.0000
vn 0.3090 0.9510 -0.0000
vn 0.5877 -0.8091 -0.0000
vn -0.3089 -0.9511 -0.0000
vn -0.3091 -0.9510 -0.0000
vn -0.5877 -0.8091 -0.0000
vn -0.3090 -0.9511 -0.0000
vn 0.9032 -0.4293 -0.0000
vn 0.7649 -0.6441 -0.0000
vn 0.5768 -0.8169 -0.0000
vn 0.3512 -0.9363 -0.0000
vn 0.3511 -0.9363 -0.0000
vn 0.9735 0.2286 -0.0000
vn 0.9904 0.1379 -0.0000
vn 0.9989 0.0461 -0.0000
vn 0.9989 -0.0461 -0.0000
vn 0.9904 -0.1379 -0.0000
vn 0.9735 -0.2286 -0.0000
vn 0.2164 0.9763 -0.0000
vn 0.5064 0.8623 -0.0000
vn 0.7472 0.6646 -0.0000
vn 0.9155 0.4024 0.0001
vn 0.9155 0.4024 -0.0000
vn -0.9686 0.2488 -0.0000
vn -0.8646 0.5025 -0.0000
vn -0.6955 0.7185 -0.0000
vn -0.4742 0.8804 -0.0000
vn -0.2172 0.9761 -0.0000
vn -0.9692 -0.2461 -0.0000
vn -0.9890 -0.1481 -0.0000
vn -0.9988 -0.0486 -0.0000
vn -0.9987 0.0513 -0.0000
vn -0.9886 0.1508 -0.0000
vn -0.9686 0.2487 -0.0000
vn -0.3034 -0.9529 -0.0000
vn -0.6021 -0.7984 -0.0000
vn -0.8328 -0.5536 -0.0000
vn -0.9692 -0.2462 -0.0000
vn 1.0000 -0.0001 -0.0000
vn -0.8090 0.5877 -0.0000
vn 0.8090 0.5877 -0.0000
vn 0.9510 -0.3090 -0.0000
vn 0.3092 -0.9510 -0.0000
vn -0.3092 -0.9510 -0.0000
vn -0.9510 -0.3090 -0.0000
vn 0.3090 -0.9510 -0.0000
vn -0.3090 -0.9510 -0.0000
vn -0.5877 -0.8090 -0.0000
vn 0.9031 -0.4294 -0.0000
vn -0.2172 0.9761 0.0001
vn 1.0000 -0.0001 -0.0001
vn -0.9958 0.0919 -0.0000
vn -0.9831 0.1831 -0.0000
vn -0.9621 0.2727 -0.0000
vn -0.8254 0.5645 -0.0000
vn -0.6030 0.7978 -0.0000
vn -0.3181 0.9480 -0.0000
vn 0.5877 0.8091 -0.0000
vn 1.0000 0.0001 -0.0000
vn 0.9510 -0.3091 -0.0000
vn 0.5879 -0.8089 -0.0000
vn 0.0001 -1.0000 -0.0000
vn -0.0001 -1.0000 -0.0000
vn -0.5879 -0.8089 -0.0000
vn -0.9510 -0.3091 -0.0000
vn -1.0000 -0.0001 -0.0000
vn 0.9031 -0.4293 -0.0000
vn 0.7650 -0.6441 -0.0000
vn 1.0000 -0.0000 -0.0001
vn 0.0001 -1.0000 0.0001
vn 0.3091 0.9510 -0.0000
vn -0.3091 0.9510 -0.0000
vn -0.0001 1.0000 0.0001
vn -1.0000 0.0001 -0.0000
vn -0.9994 0.0353 -0.0000
vn -0.9975 0.0708 -0.0000
vn -0.9944 0.1060 -0.0000
vn -0.9510 0.3091 -0.0000
vn -0.9215 0.3885 -0.0000
vn -0.8089 0.5879 -0.0000
vn -0.7699 0.6381 -0.0000
vn -0.5529 0.8333 -0.0000
vn -0.2888 0.9574 -0.0000
vn 0.2108 0.9775 -0.0000
vn 0.4128 0.9108 -0.0000
vn 0.5875 0.8092 -0.0000
vn 0.5955 0.8033 -0.0000
vn 0.5956 0.8033 -0.0000
vn 0.8127 0.5827 -0.0000
vn 0.9520 0.3060 -0.0000
vn 0.8091 -0.5877 -0.0000
vn 0.8089 -0.5880 -0.0000
vn 0.5880 -0.8089 -0.0000
vn 0.5875 -0.8092 -0.0000
vn 0.3093 -0.9510 -0.0000
vn -0.3093 -0.9510 -0.0000
vn -0.5875 -0.8092 -0.0000
vn -0.5880 -0.8089 -0.0000
vn -0.8089 -0.5880 -0.0000
vn -0.8091 -0.5877 -0.0000
vn 0.8090 0.5879 -0.0000
vn 0.9510 0.3091 -0.0000
vn -0.8090 0.5879 -0.0000
vn 0.9031 -0.4293 -0.0001
vn -0.9994 0.0352 -0.0000
vn -0.9975 0.0706 -0.0000
vn -0.9214 0.3885 -0.0000
vn -0.2887 0.9574 -0.0000
vn 0.5879 0.8089 -0.0000
vn -0.3034 -0.9529 -0.0001
vn 0.0086 -1.0000 -0.0000
vn 0.1528 -0.9883 -0.0000
vn 0.2938 -0.9559 -0.0000
vn 0.4286 -0.9035 -0.0000
vn -0.4286 -0.9035 -0.0000
vn -0.2938 -0.9559 -0.0000
vn -0.1528 -0.9883 -0.0000
vn -0.0086 -1.0000 -0.0000
vn -0.9926 -0.1215 -0.0000
vn 0.9926 -0.1215 -0.0000
vn 0.9858 0.1677 -0.0000
vn -0.0053 -1.0000 -0.0000
vn 0.0208 -0.9998 -0.0000
vn 0.0469 -0.9989 -0.0000
vn 0.0730 -0.9973 -0.0000
vn -0.0730 -0.9973 -0.0000
vn -0.0469 -0.9989 -0.0000
vn -0.0208 -0.9998 -0.0000
vn 0.0053 -1.0000 -0.0000
vn -0.9858 0.1677 -0.0000
vn 0.0616 -0.9981 -0.0000
vn 0.0384 -0.9993 -0.0000
vn 0.0150 -0.9999 -0.0000
vn -0.0083 -1.0000 -0.0000
vn 0.9325 -0.3611 -0.0000
vn 0.7935 -0.6086 -0.0000
vn 0.5904 -0.8071 -0.0000
vn 0.3397 -0.9405 -0.0000
vn 0.0617 -0.9981 -0.0000
vn 0.9594 0.2821 -0.0000
vn 0.9888 0.1493 -0.0000
vn 0.9999 0.0136 -0.0000
vn 0.9925 -0.1223 -0.0000
vn 0.9667 -0.2559 -0.0000
vn 0.1869 0.9824 -0.0000
vn 0.4357 0.9001 -0.0000
vn 0.6547 0.7559 -0.0000
vn 0.8286 0.5598 -0.0000
vn 0.9456 0.3253 -0.0000
vn -0.0076 1.0000 -0.0000
vn 0.0195 0.9998 -0.0000
vn 0.0466 0.9989 -0.0000
vn 0.0737 0.9973 -0.0000
vn -0.0737 0.9973 -0.0000
vn -0.0466 0.9989 -0.0000
vn -0.0195 0.9998 -0.0000
vn 0.0076 1.0000 -0.0000
vn -0.9456 0.3253 -0.0000
vn -0.8286 0.5598 -0.0000
vn -0.6547 0.7559 -0.0000
vn -0.4357 0.9001 -0.0000
vn -0.1869 0.9824 -0.0000
vn -0.9667 -0.2559 -0.0000
vn -0.9925 -0.1223 -0.0000
vn -0.9999 0.0136 -0.0000
vn -0.9888 0.1493 -0.0000
vn -0.9594 0.2821 -0.0000
vn -0.0617 -0.9981 -0.0000
vn -0.3397 -0.9405 -0.0000
vn -0.5904 -0.8071 -0.0000
vn -0.7935 -0.6086 -0.0000
vn -0.9325 -0.3611 -0.0000
vn 0.0083 -1.0000 -0.0000
vn -0.0150 -0.9999 -0.0000
vn -0.0384 -0.9993 -0.0000
vn -0.0616 -0.9981 -0.0000
vn -0.9960 -0.0898 -0.0000
vn 0.9960 -0.0898 -0.0000
vn -0.9939 0.1100 -0.0000
vn 0.9939 0.1100 -0.0000
vn 0.0194 0.9998 -0.0000
vn 0.1658 0.9862 -0.0000
vn 0.3087 0.9512 -0.0000
vn 0.4448 0.8956 -0.0000
vn -0.4448 0.8956 -0.0000
vn -0.3087 0.9512 -0.0000
vn -0.1658 0.9862 -0.0000
vn -0.0194 0.9998 -0.0000
vn 0.0660 -0.9978 -0.0000
vn 0.3288 -0.9444 -0.0000
vn 0.5680 -0.8230 -0.0000
vn 0.7664 -0.6424 -0.0000
vn -0.7664 -0.6424 -0.0000
vn -0.5680 -0.8230 -0.0000
vn -0.3288 -0.9444 -0.0000
vn -0.0660 -0.9978 -0.0001
vn -0.0660 -0.9978 -0.0000
vn 0.9482 -0.3178 -0.0000
vn 0.9794 -0.2018 -0.0000
vn 0.9966 -0.0828 -0.0000
vn 0.9993 0.0373 -0.0000
vn 0.9876 0.1569 -0.0000
vn 0.9617 0.2742 -0.0000
vn -0.9846 -0.1750 -0.0000
vn -0.9350 0.3547 -0.0000
vn 0.0077 1.0000 -0.0000
vn 0.2435 0.9699 -0.0000
vn 0.4655 0.8851 -0.0000
vn 0.6612 0.7502 -0.0000
vn -0.6612 0.7502 -0.0000
vn -0.4655 0.8851 -0.0000
vn -0.2435 0.9699 -0.0000
vn -0.0077 1.0000 -0.0000
vn -0.9902 0.1397 -0.0000
vn -0.9432 0.3321 -0.0000
vn -0.8593 0.5115 -0.0000
vn -0.7416 0.6708 -0.0000
vn 0.7416 0.6708 -0.0000
vn 0.8593 0.5115 -0.0000
vn 0.9432 0.3321 -0.0000
vn 0.9902 0.1397 -0.0000
vn -0.9333 -0.3590 -0.0000
vn 0.0007 1.0000 -0.0000
vn -0.0123 0.9999 -0.0000
vn -0.0252 0.9997 -0.0000
vn -0.0382 0.9993 -0.0000
vn 0.0382 0.9993 -0.0000
vn 0.0252 0.9997 -0.0000
vn 0.0123 0.9999 -0.0000
vn -0.0007 1.0000 -0.0000
vn 0.9333 -0.3590 -0.0000
vn 0.9846 -0.1750 -0.0000
vn -0.9617 0.2742 -0.0000
vn -0.9876 0.1569 -0.0000
vn -0.9993 0.0373 -0.0000
vn -0.9966 -0.0828 -0.0000
vn -0.9794 -0.2018 -0.0000
vn -0.9482 -0.3178 -0.0000
vn 0.9350 0.3547 -0.0000
vn 0.7492 0.6623 -0.0000
vn 0.9071 0.4209 -0.0000
vn 0.9895 0.1443 -0.0000
vn 0.9895 -0.1443 -0.0000
vn 0.9071 -0.4209 -0.0000
vn 0.7492 -0.6624 -0.0000
vn 0.8089 -0.5879 -0.0000
vn -0.8089 -0.5879 -0.0000
vn -0.9511 0.3089 -0.0000
vn 0.9511 0.3089 -0.0000
vn 0.7492 0.6624 -0.0000
vn 0.7492 -0.6623 -0.0000
vn 0.9348 -0.3552 -0.0000
vn 0.8553 -0.5181 -0.0000
vn 0.8553 -0.5182 -0.0000
vn 0.6320 -0.7750 -0.0001
vn 0.3354 -0.9421 -0.0000
vn 0.3087 -0.9511 0.0004
vn 0.9836 -0.1805 -0.0000
vn -0.9510 0.3090 -0.0000
vn -1.0000 -0.0000 -0.0001
vn 0.9771 0.2126 -0.0000
vn 0.8508 0.5255 -0.0000
vn 0.6275 0.7786 -0.0000
vn 0.3327 0.9430 -0.0000
vn -0.0000 1.0000 -0.0001
vn 0.9781 -0.2082 -0.0000
vn 0.9946 -0.1036 -0.0000
vn 1.0000 0.0022 -0.0000
vn 0.9942 0.1080 -0.0000
vn 0.9772 0.2125 -0.0000
vn 0.3337 -0.9427 -0.0000
vn 0.3338 -0.9427 -0.0000
vn 0.6292 -0.7773 -0.0000
vn 0.6292 -0.7772 -0.0000
vn 0.8525 -0.5227 -0.0000
vn 0.9781 -0.2082 -0.0001
vn -1.0000 -0.0001 0.0001
vn -0.5879 0.8090 -0.0000
vn 0.8507 0.5256 -0.0000
vn 0.8508 0.5254 -0.0000
vn 0.6274 0.7787 -0.0000
vn 0.3328 0.9430 -0.0000
vn 0.9781 -0.2083 -0.0000
vn -0.3088 0.9511 -0.0000
vn 0.3329 0.9430 -0.0000
vn 0.3336 -0.9427 -0.0000
vn 0.3339 -0.9426 -0.0000
vn 0.8526 -0.5226 -0.0000
vn 0.8527 -0.5224 -0.0000
vn 0.9772 0.2125 0.0001
vn -0.5879 -0.8090 -0.0000
vn -0.8091 0.5877 -0.0000
vn 0.9771 0.2126 0.0001
vn 0.6277 0.7785 -0.0000
vn 0.3338 -0.9426 -0.0000
vn -0.9781 0.2082 -0.0000
vn -0.8525 0.5227 -0.0000
vn -0.6292 0.7772 -0.0000
vn -0.3337 0.9427 -0.0000
vn -0.9772 -0.2125 -0.0000
vn -0.9942 -0.1080 -0.0000
vn -1.0000 -0.0022 -0.0000
vn -0.9946 0.1036 -0.0000
vn -0.3327 -0.9430 -0.0000
vn -0.6275 -0.7786 -0.0000
vn -0.8508 -0.5255 -0.0000
vn -0.9771 -0.2126 -0.0000
vn -0.0000 -1.0000 -0.0001
vn -0.0000 1.0000 0.0001
vn 0.5877 -0.8090 -0.0000
vn -0.7371 0.6757 -0.0000
vn -0.8801 0.4747 -0.0000
vn -0.9696 0.2448 -0.0000
vn -0.5249 0.8512 -0.0000
vn -0.3090 0.9511 -0.0001
vn -0.2728 0.9621 -0.0000
vn -0.0000 1.0000 -0.0019
vn -0.3338 0.9427 -0.0000
vn 0.5877 0.8090 -0.0000
vn -0.6292 0.7773 -0.0000
vn -0.3326 -0.9431 -0.0000
vn -0.6275 -0.7787 -0.0000
vn -0.8508 -0.5256 -0.0000
vn -0.9781 0.2083 -0.0000
vn -0.7371 0.6758 -0.0000
vn -0.9848 0.1738 -0.0000
vn -0.9659 0.2591 -0.0000
vn -0.8314 0.5557 -0.0000
vn -0.6087 0.7934 -0.0000
vn -0.5878 0.8090 -0.0001
vn -0.3214 0.9470 0.0001
vn -0.3088 0.9511 -0.0004
vn -0.9962 0.0872 -0.0000
vn -0.6274 -0.7787 -0.0000
vn 1.0000 -0.0000 0.0001
vn 0.8089 0.5879 -0.0000
vn 0.3325 0.9431 -0.0000
vn 0.6293 -0.7772 -0.0000
vn 0.8526 -0.5225 -0.0000
vn -0.0000 0.0003 1.0000
vt 0.000000 0.000000
vt 17.526348 0.000000
vt 0.000000 1.000000
vt 17.526348 1.000000
vt -0.000000 0.000000
vt 2.588281 0.000000
vt -0.000000 1.000000
vt 2.588281 1.000000
vt -1.000000 0.000000
vt -1.000000 6.930384
vt 0.000000 6.930384
vt 0.000000 13.860768
vt 0.000000 20.791153
vt -1.000000 20.791153
vt -1.000000 13.860768
vt 2.741620 0.000000
vt 2.741620 1.000000
vt -0.951889 10.392949
vt -1.131791 3.465095
vt 1.154282 8.637807
vt -1.131791 -3.465095
vt 1.154282 -8.888541
vt -0.951889 -10.392949
vt 15.796280 0.000000
vt 15.796280 1.000000
vt 22.340452 0.000000
vt 22.340452 1.000000
vt 24.622137 0.000000
vt 24.622137 1.000000
vt -11.358277 -7.935750
vt -12.311069 -8.763174
vt 10.982175 -7.935750
vt 12.311069 -8.763174
vt 10.982175 7.860529
vt 12.311069 8.763174
vt -12.311069 8.763174
vt -11.358277 7.860529
vt 40.337250 124.033653
vt 17.996799 124.033653
vt 40.337250 108.237373
vt 17.996799 108.237373
vt -0.000000 0.000000
vt 2.452205 0.000000
vt -0.000000 1.000000
vt 2.452205 1.000000
vt -1.000000 9.469247
vt 0.000000 9.469247
vt -1.000000 18.938494
vt 0.000000 18.938494
vt -1.000000 28.407740
vt 0.000000 28.407740
vt 2.336014 0.000000
vt 2.336014 1.000000
vt 14.203385 0.669398
vt 4.734686 0.767912
vt 12.374482 -0.783901
vt -12.247655 -0.783901
vt -4.734521 0.776591
vt -14.203385 0.695433
vt 2.722982 0.000000
vt 2.722982 1.000000
vt -1.000000 9.680366
vt 0.000000 9.680366
vt 0.000000 19.360731
vt 0.000000 29.041098
vt -1.000000 29.041098
vt -1.000000 19.360731
vt 2.763318 0.000000
vt 2.763318 1.000000
vt 14.517533 -0.686760
vt 12.336143 0.943015
vt 4.840071 -0.914540
vt -12.285995 0.943015
vt -4.840071 -0.914540
vt -14.517533 -0.686760
vt 2.482779 0.000000
vt 2.482779 1.000000
vt -1.000000 6.940883
vt 0.000000 6.940883
vt 0.000000 13.881765
vt 0.000000 20.822647
vt -1.000000 20.822647
vt -1.000000 13.881765
vt 2.627813 0.000000
vt 2.627813 1.000000
vt 0.826918 -10.405486
vt 1.095260 -3.470225
vt -1.128812 -8.650344
vt 1.095260 3.470225
vt -1.128812 8.876005
vt 0.826918 10.405486
vt 15.590361 -15.645184
vt 16.506807 -15.645184
vt 15.590361 15.664348
vt 16.506807 15.664348
vt -15.784346 15.903482
vt -15.784346 15.984262
vt -16.506807 15.903482
vt -16.506807 16.184517
vt -15.764768 16.107868
vt -15.707952 16.219376
vt -16.497017 16.246321
vt -15.619459 16.307869
vt -16.468611 16.302074
vt -16.424364 16.346321
vt -15.507952 16.364685
vt -16.368610 16.374729
vt -15.384345 16.384262
vt -16.306807 16.384518
vt 15.190361 16.384262
vt 16.306807 16.384518
vt 16.368610 16.374729
vt 15.313968 16.364685
vt 16.424364 16.346321
vt 15.425475 16.307869
vt 16.468611 16.302074
vt 16.497017 16.246321
vt 15.513968 16.219376
vt 16.506807 16.184517
vt 15.570784 16.107868
vt 15.590361 15.984262
vt 15.590361 15.864347
vt 16.506807 15.864347
vt -16.506807 -15.705720
vt -15.784346 -15.705720
vt -16.506807 15.703482
vt -15.784346 15.703482
vt -15.784346 -15.905720
vt -16.506807 -15.905720
vt -15.784346 -15.947561
vt -15.764768 -16.071169
vt -16.506807 -16.184517
vt -15.707952 -16.182676
vt -16.497017 -16.246321
vt -15.619459 -16.271168
vt -16.468611 -16.302074
vt -15.507952 -16.327984
vt -16.424364 -16.346321
vt -15.384345 -16.347561
vt -16.368610 -16.374729
vt -16.306807 -16.384518
vt 15.190361 -16.347561
vt 16.306807 -16.384518
vt 16.368610 -16.374729
vt 16.424364 -16.346321
vt 15.313968 -16.327984
vt 16.468611 -16.302074
vt 15.425475 -16.271168
vt 16.497017 -16.246321
vt 15.513968 -16.182676
vt 16.506807 -16.184517
vt 15.570784 -16.071169
vt 16.506807 -15.845183
vt 15.590361 -15.947561
vt 15.590361 -15.845183
vt 15.590361 -15.811850
vt 16.506807 -15.811850
vt 15.590361 15.497681
vt 16.506807 15.497681
vt -15.784346 15.736815
vt -15.784346 15.817595
vt -16.506807 15.736815
vt -15.764768 15.941202
vt -15.707952 16.052710
vt -15.619459 16.141203
vt -15.507952 16.198017
vt -15.384345 16.217596
vt 15.190361 16.217596
vt 15.313968 16.198017
vt 15.425475 16.141203
vt 15.513968 16.052710
vt 15.570784 15.941202
vt 16.506807 15.697680
vt 15.590361 15.817595
vt 15.590361 15.697680
vt 15.578190 -16.212149
vt 15.590361 -16.114227
vt 16.506807 -16.011850
vt 15.590361 -16.011850
vt 15.542418 -16.304111
vt 15.485223 -16.384518
vt -16.506807 -15.872386
vt -15.784346 -15.872386
vt -16.506807 15.536816
vt -15.784346 15.536816
vt -15.679208 -16.384518
vt -15.736403 -16.304111
vt -15.772175 -16.212149
vt -15.784346 -16.114227
vt -16.506807 -16.072386
vt -15.784346 -16.072386
vt 15.588836 -16.315790
vt 15.590361 -16.280895
vt 15.590361 -16.178516
vt 16.506807 -16.178516
vt 15.584272 -16.350418
vt 15.576706 -16.384518
vt 15.590361 -15.978517
vt 16.506807 -15.978517
vt 15.590361 15.331014
vt 16.506807 15.331014
vt -15.784346 15.570148
vt -15.784346 15.650928
vt -16.506807 15.570148
vt -15.764768 15.774535
vt -15.707952 15.886043
vt -15.619459 15.974535
vt -15.507952 16.031351
vt -15.384345 16.050928
vt 15.190361 16.050928
vt 15.313968 16.031351
vt 15.425475 15.974535
vt 15.513968 15.886043
vt 15.570784 15.774535
vt 16.506807 15.531013
vt 15.590361 15.650928
vt 15.590361 15.531013
vt -16.506807 -16.039053
vt -15.784346 -16.039053
vt -16.506807 15.370149
vt -15.784346 15.370149
vt -15.770690 -16.384518
vt -15.778257 -16.350418
vt -16.427416 -16.344059
vt -16.370413 -16.374134
vt -15.782821 -16.315790
vt -16.471893 -16.297419
vt -15.784346 -16.280895
vt -16.499228 -16.239054
vt -15.784346 -16.239054
vt -15.581059 -16.317005
vt -15.571305 -16.351929
vt -15.584345 -16.280895
vt -15.555408 -16.384518
vt 15.361423 -16.384518
vt 15.390361 -16.280895
vt 15.377321 -16.351929
vt 15.387074 -16.317005
vt 15.390361 15.650928
vt -14.012863 0.451154
vt -14.012863 -1.435593
vt -14.551647 -3.243776
vt 15.380572 15.712732
vt 15.352164 15.768486
vt 15.307918 15.812732
vt 15.252164 15.841140
vt 15.190361 15.850928
vt -14.551647 2.259337
vt -15.384345 15.850928
vt -15.584345 3.838371
vt -15.584345 15.650928
vt -15.446149 15.841140
vt -15.501903 15.812732
vt -15.546148 15.768486
vt -15.574556 15.712732
vt -15.584345 -4.822809
vt 15.590361 -16.145184
vt 16.506807 -16.145184
vt 15.590361 15.164348
vt 16.506807 15.164348
vt -15.784346 15.403482
vt -15.784346 15.484262
vt -16.506807 15.403482
vt -15.764768 15.607869
vt -15.707952 15.719376
vt -15.619459 15.807869
vt -15.507952 15.864685
vt -15.384345 15.884262
vt 15.190361 15.884262
vt 15.313968 15.864685
vt 15.425475 15.807869
vt 15.513968 15.719376
vt 16.506807 15.364347
vt 15.570784 15.607869
vt 15.590361 15.484262
vt 15.590361 15.364347
vt 16.425913 -16.345184
vt 15.590361 -16.345184
vt 16.389322 -16.366701
vt 15.590361 -16.384518
vt 16.349016 -16.380013
vt -15.784346 -16.205719
vt -15.784346 15.203482
vt -16.505680 -16.205719
vt -16.506807 15.203482
vt -16.506681 -16.191597
vt -16.506306 -16.198668
vt 15.390361 15.484262
vt -14.012863 0.284487
vt 15.390361 -16.384518
vt -14.012863 -1.602259
vt -14.551647 -3.410442
vt 15.380572 15.546065
vt 15.352164 15.601819
vt 15.307918 15.646066
vt 15.252164 15.674473
vt 15.190361 15.684262
vt -14.551647 2.092670
vt -15.384345 15.684262
vt -15.584345 3.671704
vt -15.584345 15.484262
vt -15.446149 15.674473
vt -15.501903 15.646066
vt -15.546148 15.601819
vt -15.574556 15.546065
vt -15.584345 -4.989476
vt -15.584345 -16.384518
vt 15.390361 -15.645184
vt 15.390361 15.664348
vt -15.984345 15.903482
vt -15.984345 15.984262
vt -15.964767 16.107868
vt -15.907952 16.219376
vt -15.819459 16.307869
vt -15.707952 16.364685
vt -15.584345 16.384262
vt 14.990360 16.384262
vt 15.113968 16.364685
vt 15.225474 16.307869
vt 15.313968 16.219376
vt 15.370783 16.107868
vt 15.390361 15.984262
vt 15.390361 15.864347
vt -15.984345 -15.705720
vt -15.984345 15.703482
vt -15.984345 -15.905720
vt -15.984345 -15.947561
vt -15.964767 -16.071169
vt -15.907952 -16.182676
vt -15.819459 -16.271168
vt -15.707952 -16.327984
vt -15.584345 -16.347561
vt 14.990360 -16.347561
vt 15.113968 -16.327984
vt 15.225474 -16.271168
vt 15.313968 -16.182676
vt 15.370783 -16.071169
vt 15.390361 -15.947561
vt 15.390361 -15.845183
vt 15.390361 -15.811850
vt 15.390361 15.497681
vt -15.984345 15.736815
vt -15.984345 15.817595
vt -15.964767 15.941202
vt -15.907952 16.052710
vt -15.819459 16.141203
vt -15.707952 16.198017
vt -15.584345 16.217596
vt 14.990360 16.217596
vt 15.113968 16.198017
vt 15.225474 16.141203
vt 15.313968 16.052710
vt 15.370783 15.941202
vt 15.390361 15.817595
vt 15.390361 15.697680
vt 15.378190 -16.212149
vt 15.390361 -16.114227
vt 15.390361 -16.011850
vt 15.342419 -16.304111
vt 15.285223 -16.384518
vt -15.984345 -15.872386
vt -15.984345 15.536816
vt -15.879208 -16.384518
vt -15.936403 -16.304111
vt -15.972175 -16.212149
vt -15.984345 -16.114227
vt -15.984345 -16.072386
vt 0.000000 0.800000
vt 30.574705 0.800000
vt 30.574705 1.000000
vt 1.000000 0.628319
vt 0.800000 0.628319
vt 1.000000 0.502655
vt 0.800000 0.502655
vt 1.000000 0.376991
vt 0.800000 0.376991
vt 1.000000 0.251327
vt 0.800000 0.251327
vt 1.000000 0.125664
vt 0.800000 0.125664
vt 1.000000 0.000000
vt 0.800000 0.000000
vt 0.102378 0.800000
vt 0.102378 1.000000
vt 0.916446 0.800000
vt 1.854883 1.000000
vt 1.854883 0.000000
vt 0.916446 0.000000
vt 0.938437 0.000000
vt 0.938437 0.800000
vt 0.000000 1.200000
vt 1.854883 1.200000
vt 1.854883 0.800000
vt 31.309530 0.800000
vt 31.309530 1.200000
vt 11.602521 21.586897
vt 10.664083 21.586897
vt 11.602521 21.386898
vt 10.664083 21.386898
vt 10.602281 21.596685
vt 10.540477 21.406475
vt 10.546527 21.625093
vt 10.502280 21.669340
vt 10.428969 21.463291
vt 10.473872 21.725094
vt 10.464084 21.786898
vt 10.464084 52.696426
vt 10.264084 52.696426
vt 10.264084 21.786898
vt 10.340477 21.551783
vt 10.283661 21.663290
vt 10.473872 52.758232
vt 10.428969 53.020035
vt 10.340477 52.931541
vt 10.283661 52.820034
vt 10.502280 52.813984
vt 10.540477 53.076851
vt 10.546527 52.858231
vt 10.602281 52.886639
vt 10.664083 53.096428
vt 10.664083 52.896427
vt 11.602521 52.896427
vt 11.602521 53.096428
vt 0.119915 0.800000
vt 0.119915 1.000000
vt 0.000000 0.407292
vt 0.000000 0.296778
vt 0.800000 0.296778
vt 0.800000 0.197852
vt 0.800000 0.098926
vt 0.000000 0.517805
vt 0.000000 0.628319
vt 11.602521 61.820232
vt 10.664083 61.820232
vt 11.602521 61.620232
vt 10.664083 61.620232
vt 10.602281 61.830021
vt 10.540477 61.639809
vt 10.546527 61.858429
vt 10.502280 61.902672
vt 10.428969 61.696625
vt 10.473872 61.958427
vt 10.464084 62.020229
vt 10.464084 92.929764
vt 10.264084 92.929764
vt 10.264084 62.020229
vt 10.340477 61.785118
vt 10.283661 61.896626
vt 10.473872 92.991562
vt 10.428969 93.253365
vt 10.340477 93.164879
vt 10.283661 93.053368
vt 10.502280 93.047318
vt 10.540477 93.310181
vt 10.546527 93.091568
vt 10.602281 93.119972
vt 10.664083 93.329758
vt 10.664083 93.129761
vt 11.602521 93.129761
vt 11.602521 93.329758
vt 44.616135 61.759693
vt 44.616135 61.559692
vt 45.215816 61.759693
vt 45.215816 61.559692
vt 45.282562 61.771160
vt 45.349312 61.582626
vt 45.341656 61.804245
vt 45.386322 61.855156
vt 45.467499 61.648800
vt 45.411434 61.918053
vt 45.556828 61.750618
vt 45.607052 61.876415
vt 46.633476 69.650276
vt 46.832401 69.629562
vt 47.030777 77.468384
vt 47.230778 77.468826
vt 46.797714 85.306259
vt 46.598885 85.284660
vt 45.538071 93.053909
vt 45.342640 93.011398
vt 45.487522 93.179100
vt 45.398201 93.280350
vt 45.317364 93.073997
vt 45.280285 93.346107
vt 45.272705 93.124619
vt 45.213745 93.157501
vt 45.147209 93.368896
vt 45.147209 93.168900
vt 44.616135 93.168900
vt 44.616135 93.368896
vt 43.788536 61.247562
vt 12.624104 61.247562
vt 43.703621 61.177380
vt 12.709017 61.177380
vt 43.602787 61.133022
vt 12.809854 61.133022
vt 43.493671 61.117851
vt 12.918966 61.117851
vt -0.800000 0.000000
vt -1.000000 0.062832
vt -0.800000 0.062832
vt -1.000000 0.125664
vt -0.800000 0.125664
vt -1.000000 0.188496
vt -0.800000 0.188496
vt -1.000000 0.251327
vt -0.800000 0.251327
vt -1.000000 0.314159
vt -0.800000 0.314159
vt 31.931824 0.800000
vt 31.931824 1.000000
vt -0.800000 0.036310
vt -0.800000 0.072619
vt -0.800000 0.108929
vt 0.000000 0.108929
vt 0.000000 0.177339
vt 0.000000 0.245749
vt 0.000000 0.314159
vt 0.000000 0.235693
vt 0.000000 0.104818
vt 0.800000 0.104818
vt 0.800000 0.069879
vt 0.800000 0.034939
vt 0.000000 0.366568
vt 0.000000 0.497443
vt 11.602521 102.053566
vt 10.664083 102.053566
vt 11.602521 101.853561
vt 10.664083 101.853561
vt 10.602281 102.063354
vt 10.540477 101.873138
vt 10.546527 102.091759
vt 10.502280 102.136009
vt 10.428969 101.929955
vt 10.473872 102.191757
vt 10.464084 102.253563
vt 10.464084 133.163101
vt 10.264084 133.163101
vt 10.264084 102.253563
vt 10.340477 102.018448
vt 10.283661 102.129959
vt 10.473872 133.224899
vt 10.428969 133.486694
vt 10.340477 133.398209
vt 10.283661 133.286697
vt 10.502280 133.280655
vt 10.540477 133.543518
vt 10.546527 133.324905
vt 10.602281 133.353302
vt 10.664083 133.563095
vt 10.664083 133.363098
vt 11.602521 133.363098
vt 11.602521 133.563095
vt 44.615288 101.829178
vt 45.215816 101.793030
vt 44.616135 101.847565
vt 45.215816 101.993027
vt 44.616135 101.993027
vt 44.612755 101.810951
vt 44.608555 101.793030
vt 45.282562 102.004494
vt 45.349312 101.815964
vt 45.341656 102.037582
vt 45.386322 102.088493
vt 45.467499 101.882133
vt 45.411434 102.151390
vt 45.556828 101.983955
vt 45.607052 102.109749
vt 46.633476 109.883614
vt 46.832401 109.862900
vt 47.030777 117.701721
vt 47.230778 117.702164
vt 46.797714 125.539589
vt 46.598885 125.517998
vt 45.538071 133.287247
vt 45.342640 133.244736
vt 45.487522 133.412430
vt 45.398201 133.513687
vt 45.317364 133.307327
vt 45.280285 133.579437
vt 45.272705 133.357956
vt 45.213745 133.390839
vt 45.147209 133.602234
vt 45.147209 133.402222
vt 44.616135 133.402222
vt 44.616135 133.602234
vt 31.868780 0.800000
vt 31.931824 0.000000
vt 31.868780 0.000000
vt 0.063044 0.000000
vt 0.063044 0.800000
vt 0.835553 0.800000
vt 0.835553 0.000000
vt 11.683414 142.086899
vt 11.639967 142.131042
vt 10.664083 142.086899
vt 11.612112 142.186371
vt 11.602521 142.247559
vt 11.602521 142.286896
vt 10.664083 142.286896
vt 10.602281 142.296692
vt 10.540477 142.106476
vt 10.546527 142.325089
vt 10.502280 142.369339
vt 10.428969 142.163284
vt 10.473872 142.425095
vt 10.464084 142.486893
vt 10.464084 173.396423
vt 10.264084 173.396423
vt 10.264084 142.486893
vt 10.340477 142.251785
vt 10.283661 142.363297
vt 10.473872 173.458237
vt 10.428969 173.720032
vt 10.340477 173.631546
vt 10.283661 173.520035
vt 10.502280 173.513992
vt 10.540477 173.776855
vt 10.546527 173.558228
vt 10.602281 173.586639
vt 10.664083 173.796432
vt 10.664083 173.596420
vt 11.602521 173.596420
vt 11.602521 173.796432
vt 12.718966 142.047562
vt 12.518967 142.047562
vt 12.718966 141.984512
vt 12.518967 141.984512
vt 12.728755 141.922714
vt 12.538544 141.860916
vt 12.757163 141.866959
vt 12.595360 141.749405
vt 12.801410 141.822723
vt 12.683852 141.660919
vt 12.857163 141.794312
vt 12.795360 141.604095
vt 12.918966 141.784515
vt 12.918966 141.584518
vt 43.493671 141.584518
vt 43.493671 141.784515
vt 43.617279 141.604095
vt 43.555477 141.794312
vt 43.728786 141.660919
vt 43.611229 141.822723
vt 43.817280 141.749405
vt 43.655476 141.866959
vt 43.874096 141.860916
vt 43.683884 141.922714
vt 43.893673 141.984512
vt 43.693672 141.984512
vt 43.893673 142.026367
vt 43.693672 142.047562
vt 44.416134 142.047562
vt 45.215816 142.026367
vt 44.473885 142.056076
vt 44.526714 142.080917
vt 44.570122 142.119934
vt 44.600414 142.169846
vt 45.215816 142.226364
vt 44.615005 142.226364
vt 45.349312 142.049301
vt 45.282562 142.237823
vt 45.467499 142.115463
vt 45.341656 142.270920
vt 45.556828 142.217285
vt 45.386322 142.321823
vt 45.607052 142.343079
vt 45.411434 142.384720
vt 46.832401 150.096222
vt 46.633476 150.116943
vt 47.230778 157.935501
vt 47.030777 157.935059
vt 46.598885 165.751328
vt 46.797714 165.772919
vt 45.342640 173.478073
vt 45.538071 173.520569
vt 45.317364 173.540665
vt 45.487522 173.645767
vt 45.272705 173.591293
vt 45.398201 173.747009
vt 45.213745 173.624176
vt 45.280285 173.812775
vt 45.147209 173.635559
vt 45.147209 173.835556
vt 44.616135 173.635559
vt 44.616135 173.835556
vt 1.116446 0.800000
vt 1.116446 0.000000
vt 0.738437 0.000000
vt 0.738437 0.800000
vt 55.402519 21.586897
vt 54.664085 21.586897
vt 55.402519 21.386898
vt 54.664085 21.386898
vt 54.602280 21.596685
vt 54.540478 21.406475
vt 54.546528 21.625093
vt 54.502281 21.669340
vt 54.428970 21.463291
vt 54.473873 21.725094
vt 54.464085 21.786898
vt 54.464085 52.696426
vt 54.340477 52.931541
vt 54.264084 52.696426
vt 54.340477 21.551783
vt 54.264084 21.786898
vt 54.283661 21.663290
vt 54.428970 53.020035
vt 54.473873 52.758232
vt 54.502281 52.813984
vt 54.540478 53.076851
vt 54.546528 52.858231
vt 54.602280 52.886639
vt 54.664085 53.096428
vt 54.664085 52.896427
vt 55.402519 52.896427
vt 55.402519 53.096428
vt 54.283661 52.820034
vt 55.402519 61.820232
vt 54.664085 61.820232
vt 55.402519 61.620232
vt 54.664085 61.620232
vt 54.602280 61.830021
vt 54.540478 61.639809
vt 54.546528 61.858429
vt 54.502281 61.902672
vt 54.428970 61.696625
vt 54.473873 61.958427
vt 54.464085 62.020229
vt 54.464085 92.929764
vt 54.340477 93.164879
vt 54.264084 92.929764
vt 54.340477 61.785118
vt 54.264084 62.020229
vt 54.283661 61.896626
vt 54.428970 93.253365
vt 54.473873 92.991562
vt 54.502281 93.047318
vt 54.540478 93.310181
vt 54.546528 93.091568
vt 54.602280 93.119972
vt 54.664085 93.329758
vt 54.664085 93.129761
vt 55.402519 93.129761
vt 55.402519 93.329758
vt 54.283661 93.053368
vt 88.416130 61.759693
vt 88.416130 61.559692
vt 89.215813 61.759693
vt 89.215813 61.559692
vt 89.282562 61.771160
vt 89.349312 61.582626
vt 89.341660 61.804245
vt 89.386322 61.855156
vt 89.467499 61.648800
vt 89.411430 61.918053
vt 89.556824 61.750618
vt 89.607048 61.876415
vt 90.633476 69.650276
vt 90.832397 69.629562
vt 91.030777 77.468384
vt 91.230774 77.468826
vt 90.797714 85.306259
vt 90.598885 85.284660
vt 89.538071 93.053909
vt 89.342636 93.011398
vt 89.487518 93.179100
vt 89.398201 93.280350
vt 89.317368 93.073997
vt 89.280289 93.346107
vt 89.272705 93.124619
vt 89.213745 93.157501
vt 89.147209 93.368896
vt 89.147209 93.168900
vt 88.416130 93.168900
vt 88.416130 93.368896
vt 87.788536 61.247562
vt 56.624104 61.247562
vt 87.703621 61.177380
vt 56.709019 61.177380
vt 87.602783 61.133022
vt 56.809853 61.133022
vt 87.493675 61.117851
vt 56.918968 61.117851
vt 32.088001 -57.950001
vt 32.369034 -57.950001
vt 32.088001 -57.150002
vt 32.369034 1.000000
vt 31.887999 -57.150002
vt 0.478798 -57.150002
vt 0.278798 -57.150002
vt 0.000000 -57.950001
vt 0.278798 -57.950001
vt 0.478798 -57.950001
vt 31.887999 -57.950001
vt -57.950001 0.000000
vt -57.950001 0.062832
vt 1.000000 0.062832
vt -57.950001 0.125664
vt -57.950001 0.188496
vt 1.000000 0.188496
vt -57.950001 0.251327
vt -57.950001 0.314159
vt 1.000000 0.314159
vt 32.613613 1.000000
vt 32.613613 -57.950001
vt 32.029701 -57.950001
vt 32.029701 -57.150002
vt 31.829700 -57.150002
vt 0.520170 -57.150002
vt 0.320170 -57.150002
vt 0.320170 -57.950001
vt 0.520170 -57.950001
vt 31.829700 -57.950001
vt 0.000000 0.251327
vt 0.000000 0.188496
vt 0.000000 0.125664
vt 0.000000 0.062832
vt 15.054620 0.000000
vt 15.054620 1.000000
vt 0.615252 0.000000
vt 0.615252 1.000000
vt 8.799069 0.000000
vt 8.799069 1.000000
vt -1.000000 0.323226
vt 0.000000 0.323226
vt -1.000000 0.646452
vt 0.000000 0.646452
vt -1.000000 0.969679
vt 0.000000 0.969679
vt -1.000000 6.975624
vt 0.000000 6.975624
vt -1.000000 13.951247
vt 0.000000 13.951247
vt -1.000000 20.926870
vt 0.000000 20.926870
vt -1.000000 27.902494
vt 0.000000 27.902494
vt -1.000000 34.878117
vt 0.000000 34.878117
vt -1.000000 0.311811
vt 0.000000 0.311811
vt -1.000000 0.623621
vt 0.000000 0.623621
vt -1.000000 0.935432
vt 0.000000 0.935432
vt 33.013615 0.000000
vt 33.013615 1.000000
vt -1.000000 0.373265
vt 0.000000 0.373265
vt -1.000000 0.746531
vt 0.000000 0.746531
vt -1.000000 1.119796
vt 0.000000 1.119796
vt -1.000000 1.493061
vt 0.000000 1.493061
vt -1.000000 6.859829
vt 0.000000 6.859829
vt -1.000000 13.719659
vt 0.000000 13.719659
vt -1.000000 20.579489
vt 0.000000 20.579489
vt -1.000000 27.439318
vt 0.000000 27.439318
vt -1.000000 34.299149
vt 0.000000 34.299149
vt -1.000000 0.396883
vt 0.000000 0.396883
vt -1.000000 0.793766
vt 0.000000 0.793766
vt -1.000000 1.190650
vt 0.000000 1.190650
vt 8.643353 0.000000
vt 8.643353 1.000000
vt 0.593204 0.000000
vt 0.593204 1.000000
vt 16.735321 -16.183229
vt 17.441847 -17.318836
vt 16.745110 -16.121428
vt 18.721056 -10.464023
vt 19.363390 -3.520520
vt 16.706913 -16.238983
vt 16.662666 -16.283230
vt 16.606913 -16.311638
vt 16.545111 -16.321426
vt 17.274137 -17.580194
vt 17.034122 -17.777245
vt 16.745110 -17.890852
vt -16.268503 -17.890852
vt -16.068502 -16.321426
vt -16.617203 -17.761009
vt -16.130306 -16.311638
vt -16.917513 -17.541321
vt -17.146847 -17.248306
vt -16.186060 -16.283230
vt -17.287949 -16.904009
vt -16.230307 -16.238983
vt -16.258715 -16.183229
vt -16.268503 -16.121428
vt -18.659489 -10.185607
vt -19.353367 -3.363834
vt -16.268503 16.247608
vt -19.362648 3.493130
vt -18.687239 10.316756
vt -17.333891 17.038847
vt -16.258715 16.309412
vt -16.230307 16.365166
vt -16.186060 16.409410
vt -17.173670 17.399889
vt -16.130306 16.437819
vt -16.902803 17.687384
vt -16.551933 17.868803
vt -16.068502 16.447607
vt -7.908580 17.868803
vt -7.708580 17.075600
vt -7.708580 17.668804
vt 16.545111 16.447607
vt 7.546041 16.875601
vt -7.508580 16.875601
vt -7.570383 16.885389
vt 16.606913 16.437819
vt 17.267416 17.522017
vt 17.030008 17.740059
vt 16.745110 17.890852
vt 17.441847 17.250946
vt 16.662666 16.409410
vt 16.706913 16.365166
vt 16.735321 16.309412
vt 16.745110 16.247608
vt 18.721056 10.396133
vt 19.363390 3.452631
vt -7.718369 17.730608
vt -7.746776 17.786362
vt -7.791023 17.830606
vt -7.846776 17.859015
vt 7.946041 17.890852
vt 7.746040 17.075600
vt 7.736252 17.013796
vt 7.884237 17.881063
vt 7.828484 17.852655
vt 7.784237 17.808409
vt 7.755829 17.752655
vt 7.746040 17.690851
vt 7.707844 16.958042
vt 7.663598 16.913797
vt 7.607844 16.885389
vt -7.626137 16.913797
vt -7.670383 16.958042
vt -7.698791 17.013796
vt 1.511539 0.000000
vt 1.511539 1.000000
vt 14.019868 0.000000
vt 14.019868 1.000000
vt -7.200145 -0.817573
vt -7.009934 -0.955770
vt -7.209934 -0.755770
vt 7.009934 -0.955770
vt 7.209934 -0.755770
vt 7.200145 -0.817573
vt 7.171738 -0.873327
vt 7.127491 -0.917573
vt 7.071737 -0.945981
vt -7.171738 -0.873327
vt -7.127491 -0.917573
vt -7.071737 -0.945981
vt -7.209934 0.755770
vt 7.209934 0.755770
vt -7.009934 0.955770
vt 7.009934 0.955770
vt 7.200145 0.817573
vt 7.171738 0.873327
vt 7.127491 0.917573
vt 7.071737 0.945981
vt -7.071737 0.945981
vt -7.127491 0.917573
vt -7.171738 0.873327
vt -7.200145 0.817573
vt 31.921333 -57.950001
vt 31.921333 -57.150002
vt 31.721333 -57.150002
vt 0.312131 -57.150002
vt 0.112131 -57.150002
vt 0.112131 -57.950001
vt 0.312131 -57.950001
vt 31.721333 -57.950001
vt 31.986013 -57.950001
vt 31.986013 -57.150002
vt 0.821584 -57.150002
vt 0.821584 -57.950001
vt 32.196369 -57.950001
vt 32.196369 -57.150002
vt 31.996367 -57.150002
vt 0.686837 -57.150002
vt 31.996367 -57.950001
vt 0.686837 -57.950001
vt 0.486837 -57.150002
vt 0.486837 -57.950001
vt 31.754665 -57.950001
vt 31.754665 -57.150002
vt 31.554667 -57.150002
vt 0.145464 -57.150002
vt 0.000000 -57.150002
vt 0.145464 -57.950001
vt 31.554667 -57.950001
vt -57.150002 0.000000
vt -57.150002 0.018412
vt -57.150002 0.036823
vt -57.150002 0.055235
vt -57.950001 0.119966
vt -57.950001 0.055235
vt -57.950001 0.184697
vt -57.950001 0.249428
vt 32.077496 -57.950001
vt 32.077496 -57.150002
vt 31.862215 -57.150002
vt 0.945383 -57.150002
vt 31.862215 -57.950001
vt 0.945383 -57.950001
vt 0.730101 -57.150002
vt 0.730101 -57.950001
vt 32.363033 -57.950001
vt 32.363033 -57.150002
vt 32.163033 -57.150002
vt 0.853503 -57.150002
vt 32.163033 -57.950001
vt 0.853503 -57.950001
vt 0.653503 -57.150002
vt 0.653503 -57.950001
vt 31.587999 -57.950001
vt 31.587999 -57.150002
vt 31.387999 -57.150002
vt 31.387999 -57.950001
vt -57.950001 0.007081
vt -57.950001 0.014161
vt -57.150002 0.021242
vt -57.950001 0.021242
vt -57.150002 0.079826
vt -57.150002 0.138409
vt -57.150002 0.196992
vt -57.150002 0.255576
vt -57.150002 0.314159
vt 32.613613 -57.150002
vt 31.891151 -57.150002
vt 0.916446 -57.150002
vt 31.891151 -57.950001
vt 0.916446 -57.950001
vt 0.716446 -57.150002
vt 0.716446 -57.950001
vt -57.950001 0.042529
vt -57.950001 0.085057
vt -57.950001 0.127586
vt -57.150002 0.127586
vt -57.150002 0.189777
vt -57.150002 0.251968
vt 32.369034 -57.150002
vt 32.329700 -57.150002
vt 1.020170 -57.150002
vt 32.329700 -57.950001
vt 1.020170 -57.950001
vt 0.820170 -57.150002
vt 0.820170 -57.950001
vt 32.186012 -57.950001
vt 32.186012 -57.150002
vt 1.021584 -57.150002
vt 1.021584 -57.950001
vt 15.390361 -16.145184
vt 15.390361 15.164348
vt -15.984345 15.403482
vt -15.984345 15.484262
vt -15.964767 15.607869
vt -15.907952 15.719376
vt -15.819459 15.807869
vt -15.707952 15.864685
vt -15.584345 15.884262
vt 14.990360 15.884262
vt 15.113968 15.864685
vt 15.225474 15.807869
vt 15.313968 15.719376
vt 15.370783 15.607869
vt 15.390361 15.364347
vt 15.390361 -16.345184
vt -15.984345 -16.205719
vt -15.984345 15.203482
vt 15.190361 15.484262
vt -14.212863 0.284487
vt 15.190361 -16.384518
vt -14.212863 -1.602259
vt -14.751647 -3.410442
vt 15.180572 15.546065
vt 15.152164 15.601819
vt 15.107918 15.646066
vt 15.052164 15.674473
vt 14.990360 15.684262
vt -14.751647 2.092670
vt -15.584345 15.684262
vt -15.784346 3.671704
vt -15.646149 15.674473
vt -15.701902 15.646066
vt -15.746149 15.601819
vt -15.774556 15.546065
vt -15.784346 -4.989476
vt -15.784346 -16.384518
vt 1.035553 0.800000
vt 1.035553 0.000000
vt 55.483414 142.086899
vt 55.439968 142.131042
vt 54.664085 142.086899
vt 55.412113 142.186371
vt 55.402519 142.247559
vt 55.402519 142.286896
vt 54.664085 142.286896
vt 54.602280 142.296692
vt 54.540478 142.106476
vt 54.546528 142.325089
vt 54.502281 142.369339
vt 54.428970 142.163284
vt 54.473873 142.425095
vt 54.464085 142.486893
vt 54.464085 173.396423
vt 54.340477 173.631546
vt 54.264084 173.396423
vt 54.340477 142.251785
vt 54.264084 142.486893
vt 54.283661 142.363297
vt 54.428970 173.720032
vt 54.473873 173.458237
vt 54.502281 173.513992
vt 54.540478 173.776855
vt 54.546528 173.558228
vt 54.602280 173.586639
vt 54.664085 173.796432
vt 54.664085 173.596420
vt 55.402519 173.596420
vt 55.402519 173.796432
vt 54.283661 173.520035
vt 56.718967 142.047562
vt 56.518967 142.047562
vt 56.718967 141.984512
vt 56.518967 141.984512
vt 56.728756 141.922714
vt 56.538544 141.860916
vt 56.757164 141.866959
vt 56.595360 141.749405
vt 56.801411 141.822723
vt 56.683853 141.660919
vt 56.857162 141.794312
vt 56.795361 141.604095
vt 56.918968 141.784515
vt 56.918968 141.584518
vt 87.493675 141.584518
vt 87.493675 141.784515
vt 87.617279 141.604095
vt 87.555473 141.794312
vt 87.728790 141.660919
vt 87.611229 141.822723
vt 87.817276 141.749405
vt 87.655479 141.866959
vt 87.874092 141.860916
vt 87.683884 141.922714
vt 87.893669 141.984512
vt 87.693672 141.984512
vt 87.893669 142.026367
vt 87.693672 142.047562
vt 88.216133 142.047562
vt 89.215813 142.026367
vt 88.273880 142.056076
vt 88.326714 142.080917
vt 88.370125 142.119934
vt 88.400414 142.169846
vt 88.415009 142.226364
vt 89.215813 142.226364
vt 89.349312 142.049301
vt 89.282562 142.237823
vt 89.467499 142.115463
vt 89.341660 142.270920
vt 89.556824 142.217285
vt 89.386322 142.321823
vt 89.607048 142.343079
vt 89.411430 142.384720
vt 90.832397 150.096222
vt 90.633476 150.116943
vt 91.230774 157.935501
vt 91.030777 157.935059
vt 90.598885 165.751328
vt 90.797714 165.772919
vt 89.342636 173.478073
vt 89.538071 173.520569
vt 89.317368 173.540665
vt 89.487518 173.645767
vt 89.272705 173.591293
vt 89.398201 173.747009
vt 89.213745 173.624176
vt 89.280289 173.812775
vt 89.147209 173.635559
vt 89.147209 173.835556
vt 88.416130 173.635559
vt 88.416130 173.835556
vt 32.091152 -57.150002
vt 1.116446 -57.150002
vt 32.091152 -57.950001
vt 1.116446 -57.950001
vt 41.666145 107.409950
vt 42.142540 107.409950
vt 41.666145 124.936295
vt 42.142540 124.936295
vt 41.666145 125.538063
vt 43.897682 127.167831
vt 44.248711 126.440704
vt 46.323780 140.807785
vt 54.499920 128.559189
vt 46.594646 141.095276
vt 46.754868 141.456329
vt 55.779129 135.414001
vt 55.779129 141.244232
vt 55.946838 135.675369
vt 55.953560 140.973160
vt 56.190968 140.755112
vt 56.186852 135.872421
vt 56.475868 140.604324
vt 56.475868 135.986023
vt 65.274933 140.604324
vt 66.045288 139.260010
vt 66.035500 139.321808
vt 41.666145 106.908478
vt 17.044008 107.409950
vt 17.044008 106.908478
vt 16.367023 107.409950
vt 15.215105 105.455177
vt 14.411294 105.880470
vt 12.675866 95.586021
vt 12.386853 95.472412
vt 12.146839 95.275368
vt 11.979129 95.014008
vt 14.142952 112.815727
vt 14.142952 119.756180
vt 16.367023 124.936295
vt 17.044008 124.936295
vt 17.044008 125.538063
vt 14.862617 127.167831
vt 14.411294 126.691437
vt 12.675866 140.604324
vt 12.390968 140.755112
vt 24.540079 127.395615
vt 22.273693 139.204254
vt 22.245285 139.260010
vt 21.474936 140.604324
vt 22.235497 139.321808
vt 21.536739 140.614105
vt 21.592493 140.642517
vt 21.636740 140.686768
vt 22.235497 140.833344
vt 21.665148 140.742523
vt 21.674936 140.804321
vt 22.245285 140.895157
vt 21.874935 141.619568
vt 22.273693 140.950897
vt 22.317940 140.995148
vt 34.220222 127.395615
vt 22.435497 139.121811
vt 22.373693 139.131592
vt 22.317940 139.160004
vt 36.617168 139.204254
vt 36.572922 139.160004
vt 36.517170 139.131592
vt 80.919769 20.281374
vt 80.891357 20.337128
vt 80.929558 20.219572
vt 80.847115 20.381374
vt 80.791359 20.409782
vt 80.729553 20.419571
vt 80.445580 19.695148
vt 80.929558 19.626368
vt 80.455368 19.633347
vt 80.939346 19.564564
vt 80.967751 19.508810
vt 80.455368 18.121807
vt 81.012001 19.464563
vt 81.067749 19.436155
vt 81.129555 19.426367
vt 80.445580 18.060003
vt 89.772911 19.426367
vt 80.417168 18.004250
vt 80.372925 17.960003
vt 65.674934 20.419571
vt 66.235497 19.833345
vt 80.255363 19.833345
vt 80.317169 19.823557
vt 65.613129 20.409782
vt 65.474937 20.219572
vt 65.474937 19.604321
vt 66.045288 19.695148
vt 66.035500 19.633347
vt 65.465149 19.542517
vt 65.436737 19.486763
vt 65.557381 20.381374
vt 65.513130 20.337128
vt 65.484726 20.281374
vt 66.035500 18.121807
vt 65.392494 19.442516
vt 65.336739 19.414108
vt 65.274933 19.404320
vt 66.045288 18.060003
vt 56.475868 19.404320
vt 66.073692 18.004250
vt 66.117943 17.960003
vt 66.173691 17.931595
vt 101.092003 0.000000
vt 66.235497 17.921806
vt 80.255363 17.921806
vt 80.317169 17.931595
vt 56.190968 19.555111
vt 46.323780 19.607786
vt 45.972908 19.426367
vt 36.517170 17.931595
vt 36.455364 17.921806
vt 22.435497 17.921806
vt 55.953560 19.773155
vt 46.594646 19.895281
vt 55.779129 20.044226
vt 46.754868 20.256325
vt 48.108215 26.978415
vt 54.499920 26.899038
vt 48.783623 33.802040
vt 53.857586 33.842541
vt 48.774342 40.659004
vt 53.857586 40.815693
vt 48.080463 47.480778
vt 54.499920 47.759193
vt 46.708923 54.199181
vt 55.779129 54.614006
vt 46.754868 60.656322
vt 55.779129 60.444225
vt 48.108215 67.378418
vt 54.499920 67.299034
vt 48.783623 74.202042
vt 53.857586 74.242538
vt 48.774342 81.059006
vt 53.857586 81.215691
vt 48.080463 87.880775
vt 54.499920 88.159195
vt 46.708923 94.599182
vt 55.779129 95.014008
vt 55.779129 100.844223
vt 55.946838 95.275368
vt 55.953560 100.573158
vt 56.190968 100.355110
vt 56.186852 95.472412
vt 56.475868 100.204323
vt 56.475868 95.586021
vt 65.274933 100.204323
vt 66.045288 98.860001
vt 66.035500 98.921806
vt 55.946838 54.875366
vt 55.953560 60.173153
vt 56.190968 59.955112
vt 56.186852 55.072414
vt 56.475868 59.804321
vt 56.475868 55.186024
vt 65.274933 59.804321
vt 66.045288 58.460003
vt 66.035500 58.521805
vt 89.489479 55.186024
vt 66.235497 58.321808
vt 66.173691 58.331596
vt 66.117943 58.360004
vt 89.838181 55.056183
vt 89.772911 59.826366
vt 81.129555 59.826366
vt 80.445580 58.460003
vt 80.455368 58.521805
vt 81.067749 59.836155
vt 81.012001 59.864563
vt 90.123779 60.007786
vt 90.138489 54.836491
vt 90.394646 60.295280
vt 90.367821 54.543476
vt 90.554871 60.656322
vt 90.508926 54.199181
vt 91.880463 47.480778
vt 91.908218 67.378418
vt 92.574341 40.659004
vt 92.583626 74.202042
vt 92.574341 81.059006
vt 101.092003 194.056000
vt 92.583626 114.602043
vt 92.574341 121.459007
vt 92.583626 155.002045
vt 91.908218 148.178421
vt 92.583626 33.802040
vt 91.908218 26.978415
vt 90.554871 20.256325
vt 90.394646 19.895281
vt 90.123779 19.607786
vt 66.073692 19.750902
vt 66.117943 19.795149
vt 66.173691 19.823557
vt 80.372925 19.795149
vt 80.417168 19.750902
vt 80.919769 60.681374
vt 80.891357 60.737129
vt 80.929558 60.619572
vt 80.847115 60.781376
vt 80.791359 60.809784
vt 80.729553 60.819572
vt 80.445580 60.095150
vt 80.929558 60.026367
vt 80.455368 60.033344
vt 80.939346 59.964565
vt 80.967751 59.908810
vt 65.674934 60.819572
vt 66.235497 60.233345
vt 80.255363 60.233345
vt 80.317169 60.223557
vt 65.613129 60.809784
vt 65.474937 60.619572
vt 65.474937 60.004318
vt 66.045288 60.095150
vt 66.035500 60.033344
vt 65.465149 59.942516
vt 65.436737 59.886761
vt 65.557381 60.781376
vt 65.513130 60.737129
vt 65.484726 60.681374
vt 65.392494 59.842518
vt 65.336739 59.814110
vt 89.489479 95.586021
vt 66.235497 98.721809
vt 66.173691 98.731598
vt 66.117943 98.760002
vt 89.838181 95.456184
vt 89.772911 100.226364
vt 81.129555 100.226364
vt 80.445580 98.860001
vt 80.455368 98.921806
vt 81.067749 100.236153
vt 81.012001 100.264565
vt 90.123779 100.407784
vt 90.138489 95.236488
vt 90.394646 100.695282
vt 90.367821 94.943474
vt 90.554871 101.056328
vt 90.508926 94.599182
vt 91.880463 87.880775
vt 91.908218 107.778412
vt 80.417168 58.404251
vt 80.372925 58.360004
vt 80.317169 58.331596
vt 80.255363 58.321808
vt 66.073692 58.404251
vt 66.073692 60.150902
vt 66.117943 60.195148
vt 66.173691 60.223557
vt 80.372925 60.195148
vt 80.417168 60.150902
vt 80.919769 101.081375
vt 80.891357 101.137131
vt 80.929558 101.019569
vt 80.847115 101.181374
vt 80.791359 101.209785
vt 80.729553 101.219574
vt 80.445580 100.495148
vt 80.929558 100.426369
vt 80.455368 100.433350
vt 80.939346 100.364563
vt 80.967751 100.308807
vt 65.674934 101.219574
vt 66.235497 100.633347
vt 80.255363 100.633347
vt 80.317169 100.623558
vt 65.613129 101.209785
vt 65.474937 101.019569
vt 65.474937 100.404320
vt 66.045288 100.495148
vt 66.035500 100.433350
vt 65.465149 100.342514
vt 65.436737 100.286766
vt 65.557381 101.181374
vt 65.513130 101.137131
vt 65.484726 101.081375
vt 65.392494 100.242516
vt 65.336739 100.214111
vt 46.567822 94.943474
vt 54.499920 107.699036
vt 44.248711 105.654808
vt 44.428612 112.582657
vt 53.857586 114.642540
vt 44.428612 119.512848
vt 53.857586 121.615692
vt 89.489479 135.986023
vt 66.235497 139.121811
vt 66.173691 139.131592
vt 66.117943 139.160004
vt 89.838181 135.856186
vt 89.772911 140.626373
vt 81.129555 140.626373
vt 80.445580 139.260010
vt 80.455368 139.321808
vt 81.067749 140.636154
vt 81.012001 140.664566
vt 90.123779 140.807785
vt 90.138489 135.636490
vt 90.394646 141.095276
vt 90.367821 135.343475
vt 90.554871 141.456329
vt 90.508926 134.999176
vt 91.880463 128.280777
vt 80.417168 98.804253
vt 80.372925 98.760002
vt 80.317169 98.731598
vt 80.255363 98.721809
vt 66.073692 98.804253
vt 66.073692 100.550903
vt 66.117943 100.595146
vt 66.173691 100.623558
vt 80.372925 100.595146
vt 80.417168 100.550903
vt 80.919769 141.481369
vt 80.891357 141.537125
vt 80.929558 141.419571
vt 80.847115 141.581375
vt 80.791359 141.609787
vt 80.729553 141.619568
vt 80.445580 140.895157
vt 80.929558 140.826370
vt 80.455368 140.833344
vt 80.939346 140.764557
vt 80.967751 140.708817
vt 65.674934 141.619568
vt 66.235497 141.033340
vt 80.255363 141.033340
vt 80.317169 141.023560
vt 65.613129 141.609787
vt 65.474937 141.419571
vt 65.474937 140.804321
vt 66.045288 140.895157
vt 66.035500 140.833344
vt 65.465149 140.742523
vt 65.436737 140.686768
vt 65.557381 141.581375
vt 65.513130 141.537125
vt 65.484726 141.481369
vt 65.392494 140.642517
vt 65.336739 140.614105
vt 48.108215 148.178421
vt 54.499920 148.099045
vt 48.783623 155.002045
vt 53.857586 155.042542
vt 48.774342 161.859009
vt 53.857586 162.015686
vt 48.080463 168.680771
vt 54.499920 168.959198
vt 46.708923 175.399185
vt 55.779129 175.814011
vt 46.567822 175.743484
vt 55.946838 176.075363
vt 46.338490 176.036484
vt 56.186852 176.272415
vt 46.038177 176.256180
vt 56.475868 176.386017
vt 45.689480 176.386017
vt 0.000000 194.056000
vt 89.489479 176.386017
vt 89.838181 176.256180
vt 90.138489 176.036484
vt 90.367821 175.743484
vt 90.508926 175.399185
vt 91.880463 168.680771
vt 92.574341 161.859009
vt 80.417168 139.204254
vt 80.372925 139.160004
vt 80.317169 139.131592
vt 80.255363 139.121811
vt 66.073692 139.204254
vt 66.073692 140.950897
vt 66.117943 140.995148
vt 66.173691 141.023560
vt 80.372925 140.995148
vt 80.417168 140.950897
vt 37.119766 20.281374
vt 37.091358 20.337128
vt 37.129555 20.219572
vt 37.047112 20.381374
vt 36.991360 20.409782
vt 36.929554 20.419571
vt 36.645576 19.695148
vt 37.129555 19.626368
vt 36.655365 19.633347
vt 37.139343 19.564564
vt 37.167751 19.508810
vt 36.655365 18.121807
vt 37.211998 19.464563
vt 37.267754 19.436155
vt 37.329556 19.426367
vt 36.645576 18.060003
vt 36.617168 18.004250
vt 36.572922 17.960003
vt 21.874935 20.419571
vt 22.435497 19.833345
vt 36.455364 19.833345
vt 36.517170 19.823557
vt 21.813131 20.409782
vt 21.674936 20.219572
vt 21.674936 19.604321
vt 22.245285 19.695148
vt 22.235497 19.633347
vt 21.665148 19.542517
vt 21.636740 19.486763
vt 21.757378 20.381374
vt 21.713133 20.337128
vt 21.684725 20.281374
vt 22.235497 18.121807
vt 21.592493 19.442516
vt 21.536739 19.414108
vt 21.474936 19.404320
vt 22.245285 18.060003
vt 12.675866 19.404320
vt 22.273693 18.004250
vt 22.317940 17.960003
vt 22.373693 17.931595
vt 12.390968 19.555111
vt 12.153560 19.773155
vt 11.979129 20.044226
vt 10.699921 26.899038
vt 10.057586 33.842541
vt 10.057586 40.815693
vt 10.057586 74.242538
vt 10.699921 47.759193
vt 10.699921 67.299034
vt 11.979129 54.614006
vt 11.979129 60.444225
vt 12.146839 54.875366
vt 12.153560 60.173153
vt 12.390968 59.955112
vt 12.386853 55.072414
vt 12.675866 59.804321
vt 12.675866 55.186024
vt 21.474936 59.804321
vt 22.245285 58.460003
vt 22.235497 58.521805
vt 45.689480 55.186024
vt 22.435497 58.321808
vt 22.373693 58.331596
vt 22.317940 58.360004
vt 46.038177 55.056183
vt 45.972908 59.826366
vt 37.329556 59.826366
vt 36.645576 58.460003
vt 36.655365 58.521805
vt 37.267754 59.836155
vt 37.211998 59.864563
vt 46.323780 60.007786
vt 46.338490 54.836491
vt 46.594646 60.295280
vt 46.567822 54.543476
vt 22.273693 19.750902
vt 22.317940 19.795149
vt 22.373693 19.823557
vt 36.572922 19.795149
vt 36.617168 19.750902
vt 37.119766 60.681374
vt 37.091358 60.737129
vt 37.129555 60.619572
vt 37.047112 60.781376
vt 36.991360 60.809784
vt 36.929554 60.819572
vt 36.645576 60.095150
vt 37.129555 60.026367
vt 36.655365 60.033344
vt 37.139343 59.964565
vt 37.167751 59.908810
vt 21.874935 60.819572
vt 22.435497 60.233345
vt 36.455364 60.233345
vt 36.517170 60.223557
vt 21.813131 60.809784
vt 21.674936 60.619572
vt 21.674936 60.004318
vt 22.245285 60.095150
vt 22.235497 60.033344
vt 21.665148 59.942516
vt 21.636740 59.886761
vt 21.757378 60.781376
vt 21.713133 60.737129
vt 21.684725 60.681374
vt 21.592493 59.842518
vt 21.536739 59.814110
vt 10.057586 81.215691
vt 10.699921 88.159195
vt 10.699921 148.099045
vt 11.979129 141.244232
vt 24.683804 105.356667
vt 45.689480 95.586021
vt 34.153011 105.347984
vt 43.621876 105.429146
vt 46.038177 95.456184
vt 46.338490 95.236488
vt 36.617168 58.404251
vt 36.572922 58.360004
vt 36.517170 58.331596
vt 36.455364 58.321808
vt 22.273693 58.404251
vt 22.273693 60.150902
vt 22.317940 60.195148
vt 22.373693 60.223557
vt 36.572922 60.195148
vt 36.617168 60.150902
vt 36.655365 139.321808
vt 37.167751 140.708817
vt 36.655365 140.833344
vt 37.139343 140.764557
vt 37.129555 140.826370
vt 36.645576 139.260010
vt 37.329556 140.626373
vt 37.267754 140.636154
vt 37.211998 140.664566
vt 36.455364 139.121811
vt 22.373693 141.023560
vt 22.435497 141.033340
vt 36.929554 141.619568
vt 36.455364 141.033340
vt 36.517170 141.023560
vt 36.572922 140.995148
vt 36.617168 140.950897
vt 36.645576 140.895157
vt 37.129555 141.419571
vt 36.991360 141.609787
vt 37.047112 141.581375
vt 37.091358 141.537125
vt 37.119766 141.481369
vt 21.674936 141.419571
vt 21.813131 141.609787
vt 21.757378 141.581375
vt 21.713133 141.537125
vt 21.684725 141.481369
vt 12.153560 140.973160
vt 10.057586 155.042542
vt 10.057586 162.015686
vt 10.699921 168.959198
vt 11.979129 175.814011
vt 12.146839 176.075363
vt 12.386853 176.272415
vt 12.675866 176.386017
vt 45.972908 140.626373
vt 11.423738 0.000000
vt 0.000000 0.500000
vt 11.423738 0.500000
vt -0.500000 0.000000
vt -0.500000 1.968984
vt 0.000000 1.968984
vt 0.000000 3.937968
vt 0.000000 5.906952
vt -0.500000 5.906952
vt -0.500000 3.937968
vt -5.711869 -0.656022
vt 5.711869 -0.656022
vt -3.878147 0.056433
vt 3.878147 0.056433
vt -1.960815 0.496853
vt 1.960815 0.496853
vt 0.000000 0.656022
vt 19.937347 0.000000
vt 19.937347 0.500000
vt 12.049864 0.000000
vt 12.049864 0.500000
vt 17.008238 0.000000
vt 17.008238 0.500000
vt 21.959564 0.000000
vt 21.959564 0.500000
vt 15.634418 0.000000
vt 15.634418 0.500000
vt -0.500000 4.537545
vt 0.000000 4.537545
vt -0.500000 9.075089
vt 0.000000 9.075089
vt -0.500000 13.612634
vt 0.000000 13.612634
vt 8.504119 -5.691814
vt 13.601344 7.474822
vt 9.968674 6.268717
vt 9.072090 7.746854
vt 4.537279 7.900553
vt 10.979782 -7.938240
vt -8.504119 -5.691814
vt -10.979782 -7.938240
vt -13.601344 7.474822
vt -9.968674 6.268717
vt -9.072090 7.746854
vt -4.537279 7.900553
vt 0.000000 7.935814
vt 88.616287 121.802223
vt 88.098747 126.699295
vt 87.543098 126.655144
vt 87.926277 127.006287
vt 87.674469 127.252426
vt 89.268974 120.637924
vt 89.099663 116.855621
vt 89.605225 114.473785
vt 88.986244 111.886742
vt 89.101265 108.321091
vt 88.277679 106.967346
vt 87.766426 102.293831
vt 86.984192 102.168442
vt 87.628708 102.017769
vt 87.423981 101.786980
vt 87.166313 101.617317
vt 86.873413 101.520439
vt 86.312759 102.137337
vt 82.157562 101.236107
vt 81.783501 101.865303
vt 77.435738 101.079742
vt 77.248695 101.711601
vt 72.711411 101.051460
vt 72.711411 101.676338
vt 68.174133 101.711601
vt 83.691193 117.550392
vt 84.199066 117.840668
vt 83.691193 118.213150
vt 87.040512 126.921379
vt 87.363625 127.417854
vt 58.438633 102.168442
vt 61.731632 117.550392
vt 61.223759 117.840668
vt 61.731632 118.213150
vt 57.879726 126.655144
vt 58.382313 126.921379
vt 57.748356 127.252426
vt 58.059200 127.417854
vt 58.404011 127.489250
vt 63.157387 127.072868
vt 63.169739 127.727867
vt 67.934021 127.162468
vt 67.939743 127.855270
vt 72.711411 127.190170
vt 72.711411 127.871399
vt 77.483086 127.855270
vt 77.488808 127.162468
vt 82.253082 127.727867
vt 82.265442 127.072868
vt 87.018814 127.489250
vt 57.145145 106.967346
vt 57.656395 102.293831
vt 57.794113 102.017769
vt 57.998840 101.786980
vt 56.321564 108.321091
vt 56.436581 111.886742
vt 55.817604 114.473785
vt 56.323166 116.855621
vt 56.153851 120.637924
vt 56.806541 121.802223
vt 57.324078 126.699295
vt 57.496548 127.006287
vt 58.256508 101.617317
vt 58.549416 101.520439
vt 59.110069 102.137337
vt 63.265263 101.236107
vt 63.639324 101.865303
vt 67.987083 101.079742
vt 0.500000 14.315427
vt 0.000000 14.315427
vt 0.500000 9.543617
vt 0.000000 9.543617
vt 0.500000 4.771809
vt 0.000000 4.771809
vt 0.500000 -0.000000
vt 0.000000 -0.000000
vt 0.500000 1.413268
vt 0.000000 1.413268
vt 0.500000 1.059951
vt 0.000000 1.059951
vt 0.500000 0.706634
vt 0.000000 0.706634
vt 0.500000 0.353317
vt 0.000000 0.353317
vt 0.500000 0.000000
vt 0.000000 0.000000
vt 0.500000 24.712307
vt 0.000000 24.712307
vt 0.500000 18.534229
vt 0.000000 18.534229
vt 0.500000 12.356153
vt 0.000000 12.356153
vt 0.500000 6.178077
vt 0.000000 6.178077
vt 0.500000 0.000000
vt 0.500000 1.237597
vt 0.000000 1.237597
vt 0.500000 0.928198
vt 0.000000 0.928198
vt 0.000000 0.618798
vt 0.500000 0.618798
vt 0.000000 0.309399
vt 0.500000 0.309399
vt 0.500000 14.173670
vt 0.000000 14.173670
vt 0.500000 9.449113
vt 0.000000 9.449113
vt 0.000000 4.724556
vt 0.500000 4.724556
vt 0.500000 -0.000000
vt 0.000000 -0.000000
vt 29.279850 0.000000
vt 29.279850 0.500000
vt 36.377995 0.000000
vt 36.377995 0.500000
vt -4.771673 -13.180899
vt -18.188997 -14.639925
vt -0.000000 -13.197028
vt 18.188997 -14.639925
vt 4.771673 -13.180899
vt 9.541673 -13.053490
vt 14.307404 -12.814873
vt 14.652214 -12.743484
vt 14.963056 -12.578052
vt 15.214865 -12.331915
vt 15.387335 -12.024922
vt 16.557562 -5.963552
vt 16.893808 0.200585
vt 18.188997 14.639925
vt 16.389849 6.353281
vt 15.055017 12.380542
vt 14.917298 12.656606
vt 14.712571 12.887398
vt 14.454904 13.057059
vt 14.161999 13.153934
vt 9.446151 13.438265
vt 4.724327 13.594631
vt 0.000000 13.622918
vt -18.188997 14.639925
vt -4.724327 13.594631
vt -9.446151 13.438265
vt -14.161999 13.153934
vt -14.454904 13.057059
vt -14.712571 12.887398
vt -14.917298 12.656606
vt -15.055017 12.380542
vt -16.389849 6.353281
vt -16.893808 0.200585
vt -16.557562 -5.963552
vt -15.387335 -12.024922
vt -15.214865 -12.331915
vt -14.963056 -12.578052
vt -14.652214 -12.743484
vt -14.307404 -12.814873
vt -9.541673 -13.053490
vt 82.680084 103.343437
vt 63.475018 103.903412
vt 62.742741 103.343437
vt 64.666763 114.674377
vt 64.207291 115.303970
vt 80.756065 114.674377
vt 81.215530 115.303970
vt 81.947807 103.903412
vt 15.141649 0.000000
vt 15.141649 0.500000
vt 8.476955 0.000000
vt 8.476955 0.500000
vt 13.619660 0.000000
vt 13.619660 0.500000
vt 10.836690 0.000000
vt 10.836690 0.500000
vt 16.089302 0.000000
vt 16.089302 0.500000
vt 18.472794 0.000000
vt 18.472794 0.500000
vt -6.809830 4.579236
vt -8.044651 5.385480
vt -7.570825 -3.863492
vt -9.236397 -5.385480
vt 9.236397 -5.385480
vt 6.809830 4.579236
vt 8.044651 5.385480
vt 7.570825 -3.863492
vt 65.140587 105.425400
vt 80.282234 105.425400
vt 65.901581 113.868134
vt 79.521240 113.868134
vt 0.500000 6.134097
vt 0.000000 6.134097
vt 0.500000 4.089398
vt 0.000000 4.089398
vt 0.000000 2.044699
vt 0.500000 2.044699
vt -0.500000 2.270162
vt 0.000000 2.270162
vt -0.500000 4.540325
vt 0.000000 4.540325
vt -0.500000 6.810487
vt 0.000000 6.810487
vt 5.909717 -1.499478
vt 4.236277 0.024405
vt 4.018232 -0.727767
vt 2.034024 -0.241793
vt 2.217961 1.048624
vt 0.000000 -0.052065
vt -2.217961 1.048624
vt -2.034024 -0.241793
vt -4.236277 0.024405
vt -4.018232 -0.727767
vt -5.909717 -1.499478
vt 0.000000 1.499478
vt -0.500000 4.973163
vt 0.000000 4.973163
vt -0.500000 9.946326
vt 0.000000 9.946326
vt -0.500000 14.919490
vt 0.000000 14.919490
vt -0.500000 19.892653
vt 0.000000 19.892653
vt -0.500000 24.865816
vt 0.000000 24.865816
vt 15.917775 0.000000
vt 15.917775 0.500000
vt 9.427494 0.000000
vt 9.427494 0.500000
vt -0.879354 -12.243353
vt 2.464679 -3.428871
vt -1.952541 -7.390432
vt -2.435916 -2.443825
vt -2.322502 2.525050
vt -1.613936 7.444451
vt -0.320448 12.243353
vt 0.500000 6.019181
vt 0.000000 6.019181
vt 0.500000 4.012788
vt 0.000000 4.012788
vt 0.500000 2.006394
vt 0.000000 2.006394
vt 0.500000 2.917111
vt 0.000000 2.917111
vt 0.500000 1.944741
vt 0.000000 1.944741
vt 0.000000 0.972370
vt 0.500000 0.972370
vt 13.443869 0.000000
vt 13.443869 0.500000
vt 9.330118 0.000000
vt 9.330118 0.500000
vt -0.500000 0.000000
vt 0.000000 0.000000
vt -0.500000 4.777507
vt 0.000000 4.777507
vt -0.500000 9.555015
vt 0.000000 9.555015
vt -0.500000 14.332522
vt 0.000000 14.332522
vt 6.080323 -1.250538
vt 14.329099 -4.219674
vt 5.503609 -0.469636
vt 10.979782 4.488551
vt 3.855326 0.666046
vt 1.985579 1.380648
vt 0.000000 1.633798
vt -10.979782 4.488551
vt -1.985579 1.380648
vt -3.855326 0.666046
vt -5.503609 -0.469636
vt -14.329099 -4.219674
vt -6.080323 -1.250538
vt -6.491812 -2.129790
vt -6.721934 -3.072897
vt -9.554028 -4.371163
vt -4.777394 -4.460765
vt 6.491812 -2.129790
vt 6.721934 -3.072897
vt 9.554028 -4.371163
vt 4.777394 -4.460765
vt 0.000000 -4.488465
vt 78.423279 125.108170
vt 65.989479 125.774597
vt 66.999542 125.108170
vt 66.219597 124.831497
vt 66.801697 124.702057
vt 66.631088 123.952240
vt 68.475136 123.178177
vt 67.207802 123.171341
vt 68.856087 122.035660
vt 76.589561 124.395714
vt 78.621132 124.702057
vt 79.203224 124.831497
vt 79.433350 125.774597
vt 76.729645 123.930344
vt 74.672226 123.955292
vt 74.745438 123.444374
vt 72.711411 123.796120
vt 72.711411 123.254646
vt 70.677391 123.444374
vt 70.750595 123.955292
vt 68.693184 123.930344
vt 68.833267 124.395714
vt 78.791733 123.952240
vt 76.947693 123.178177
vt 78.215019 123.171341
vt 76.566742 122.035660
vt 74.929375 122.153954
vt 74.696991 121.321053
vt 72.711411 121.703102
vt 72.711411 121.067909
vt 70.725830 121.321053
vt 70.493454 122.153954
vt 0.879354 -12.243353
vt 1.952541 -7.390432
vt -2.464679 -3.428871
vt 2.435916 -2.443825
vt 2.322502 2.525050
vt 1.613936 7.444451
vt 0.320448 12.243353
vt 11.812558 0.800000
vt 11.812558 1.000000
vt 1.000000 9.466779
vt 0.800000 9.466779
vt 1.000000 7.573423
vt 0.800000 7.573423
vt 1.000000 5.680068
vt 0.800000 5.680068
vt 1.000000 3.786712
vt 0.800000 3.786712
vt 1.000000 1.893356
vt 0.800000 1.893356
vt 11.458085 0.800000
vt 11.458085 1.000000
vt 30.574705 0.000000
vt -15.477564 -16.027716
vt -15.449157 -16.083469
vt -15.487353 -15.965912
vt -15.404910 -16.127714
vt -15.349156 -16.156122
vt -15.287353 -16.165911
vt -15.487353 -4.153354
vt -14.454655 -2.574320
vt 15.287353 -16.165911
vt -13.915871 -0.766137
vt 15.487353 -15.965912
vt 15.487353 15.965912
vt 15.349156 -16.156122
vt 15.404910 -16.127714
vt 15.449157 -16.083469
vt 15.477564 -16.027716
vt 15.477564 16.027716
vt 15.449157 16.083469
vt 15.404910 16.127714
vt 15.349156 16.156122
vt 15.287353 16.165911
vt -13.915871 1.120610
vt -14.454655 2.928792
vt -15.287353 16.165911
vt -15.487353 4.507826
vt -15.487353 15.965912
vt -15.349156 16.156122
vt -15.404910 16.127714
vt -15.449157 16.083469
vt -15.477564 16.027716
vt -0.800000 0.241540
vt -0.800000 0.205230
vt 0.000000 0.205230
vt 0.000000 0.136820
vt 0.000000 0.068410
vt -0.800000 0.277850
vt -1.200000 0.000000
vt -1.200000 0.062832
vt -1.200000 0.125664
vt -1.200000 0.188496
vt -1.200000 0.251327
vt -1.200000 0.314159
vt 30.909531 0.000000
vt 30.909531 1.200000
vt -1.027441 -15.654765
vt 0.827441 -15.654765
vt 0.827441 15.654765
vt 0.889245 -15.644977
vt 0.889245 15.644977
vt 1.027441 -15.454765
vt 1.027441 15.454765
vt 0.944998 -15.616569
vt 0.989245 -15.572322
vt 1.017653 -15.516569
vt 1.017653 15.516569
vt 0.989245 15.572322
vt 0.944998 15.616569
vt -1.027441 15.654765
vt 31.409203 0.800000
vt 31.409203 1.200000
vt 1.253535 0.800000
vt 1.253535 1.200000
vt 0.731074 0.800000
vt 0.731074 0.000000
vt -1.200000 0.067832
vt 0.000000 0.067832
vt -1.200000 0.135664
vt 0.000000 0.135664
vt -1.200000 0.203495
vt 0.000000 0.203495
vt -1.200000 0.271327
vt 0.000000 0.271327
vt -1.200000 7.831861
vt 0.000000 7.831861
vt -1.200000 15.663723
vt 0.000000 15.663723
vt -1.200000 23.495584
vt 0.000000 23.495584
vt -1.200000 31.327446
vt 0.000000 31.327446
vt -1.200000 0.068053
vt 0.000000 0.068053
vt -1.200000 0.136106
vt 0.000000 0.136106
vt -1.200000 0.204159
vt 0.000000 0.204159
vt -1.200000 0.272212
vt 0.000000 0.272212
vt 0.522461 0.000000
vt 1.322144 0.000000
vt 0.522461 0.800000
vt 1.322144 1.200000
vt 1.568643 -15.704601
vt 1.568643 15.704601
vt 0.315108 -15.704601
vt 0.246499 15.704601
vt 0.119677 -15.547107
vt 0.050882 15.546241
vt -1.136568 -7.820366
vt -1.171160 7.814017
vt -1.568462 -0.004092
vt 0.179752 15.693134
vt 0.120658 15.660048
vt 0.075995 15.609138
vt 0.144951 -15.609704
vt 0.189612 -15.660327
vt 0.248570 -15.693208
vt 0.521334 0.000000
vt 0.521334 0.800000
vt 0.531074 0.800000
vt 0.531074 0.000000
vt 0.722461 0.000000
vt 0.722461 0.800000
vt 0.000000 0.502655
vt 0.000000 0.376991
vt 30.909531 1.000000
vt 0.041842 0.800000
vt 0.041842 1.000000
vt 1.322144 0.800000
vt 1.322144 1.000000
vt 0.799683 0.800000
vt 0.799683 0.000000
vt 1.000000 0.544424
vt 0.000000 0.544424
vt 1.000000 0.408318
vt 0.000000 0.408318
vt 1.000000 0.272212
vt 1.000000 0.136106
vt 1.000000 31.412226
vt 0.000000 31.412226
vt 1.000000 23.559170
vt 0.000000 23.559170
vt 1.000000 15.706113
vt 0.000000 15.706113
vt 1.000000 7.853056
vt 0.000000 7.853056
vt 1.000000 0.542654
vt 0.000000 0.542654
vt 1.000000 0.406991
vt 0.000000 0.406991
vt 1.000000 0.271327
vt 1.000000 0.135664
vt 1.253535 0.000000
vt 1.253535 1.000000
vt 0.080780 0.800000
vt 0.080780 1.000000
vt 40.987106 0.000000
vt 40.987106 1.000000
vt 36.174652 0.000000
vt 36.174652 1.000000
vt -14.317220 -16.406015
vt -20.493553 -18.287327
vt -14.193613 -16.425592
vt 20.493553 -18.287327
vt 16.381092 -16.425592
vt 16.504700 -16.406015
vt 16.616207 -16.349199
vt 18.635975 -15.905678
vt 16.704699 -16.260706
vt 16.761515 -16.149199
vt 16.781092 -16.025593
vt 16.781092 -15.905678
vt -15.847148 -15.944813
vt -14.428727 -16.349199
vt -14.517220 -16.260706
vt -14.574036 -16.149199
vt -14.593614 -16.025593
vt -14.593614 -15.944813
vt -15.980226 -15.922027
vt -16.098143 -15.856264
vt -16.187462 -15.755018
vt -20.693554 -18.087326
vt -16.238010 -15.629824
vt -17.497656 -7.882173
vt -17.930719 -0.044746
vt -20.693554 18.087326
vt -17.532341 7.794521
vt -16.306992 15.547669
vt -16.256767 15.673465
vt -20.493553 18.287327
vt -20.683765 18.149130
vt -20.655357 18.204884
vt -20.611111 18.249130
vt -20.555357 18.277538
vt -16.167439 15.775285
vt -16.049252 15.841455
vt -15.915757 15.864389
vt -14.593614 15.864389
vt -14.593614 15.906231
vt -14.574036 16.029839
vt -14.517220 16.141344
vt -14.428727 16.229837
vt -14.317220 16.286654
vt -14.193613 16.306231
vt 20.493553 18.287327
vt 16.381092 16.306231
vt 16.504700 16.286654
vt 16.616207 16.229837
vt 18.635975 15.803853
vt 18.759583 15.784275
vt 16.704699 16.141344
vt 16.761515 16.029839
vt 16.781092 15.906231
vt 16.781092 15.803853
vt 20.693554 18.087326
vt 18.871090 15.727460
vt 18.959581 15.638967
vt 19.016397 15.527460
vt 19.035975 15.403852
vt 20.693554 -18.087326
vt 19.035975 -15.505678
vt 19.016397 -15.629285
vt 18.959581 -15.740792
vt 18.871090 -15.829285
vt 18.759583 -15.886101
vt 20.555357 -18.277538
vt 20.611111 -18.249130
vt 20.655357 -18.204884
vt 20.683765 -18.149130
vt 20.683765 18.149130
vt 20.655357 18.204884
vt 20.611111 18.249130
vt 20.555357 18.277538
vt -20.683765 -18.149130
vt -20.655357 -18.204884
vt -20.611111 -18.249130
vt -20.555357 -18.277538
vt 0.000000 0.331540
vt 0.800000 0.331540
vt 0.800000 0.430466
vt 0.800000 0.529392
vt 0.000000 0.221027
vt 0.000000 0.110513
vt 19.035975 -15.505677
vt 0.041842 0.000000
vt 0.599683 0.800000
vt 0.599683 0.000000
vt 0.800000 0.558440
vt 0.800000 0.523500
vt 0.000000 0.523500
vt 0.000000 0.392625
vt 0.000000 0.261750
vt 0.000000 0.130875
vt 0.800000 0.593379
vt 0.607262 0.800000
vt 0.607262 0.000000
vt 43.664734 101.647560
vt 43.620068 101.596191
vt 43.880016 101.647560
vt 43.826218 101.528900
vt 43.560757 101.562775
vt 43.493671 101.551186
vt 12.918966 101.551186
vt 12.586420 101.528900
vt 43.737137 101.433815
vt 12.675501 101.433815
vt 43.622227 101.372406
vt 12.790414 101.372406
vt 43.493671 101.351189
vt 12.918966 101.351189
vt 12.851883 101.562775
vt 12.792571 101.596191
vt 12.532621 101.647560
vt 12.747904 101.647560
vt 44.616135 21.526361
vt 44.616135 21.326361
vt 45.215816 21.526361
vt 45.215816 21.326361
vt 45.282562 21.537828
vt 45.349312 21.349295
vt 45.341656 21.570913
vt 45.386322 21.621822
vt 45.467499 21.415464
vt 45.411434 21.684721
vt 45.556828 21.517286
vt 45.607052 21.643080
vt 46.633476 29.416945
vt 46.832401 29.396229
vt 47.030777 37.235054
vt 47.230778 37.235497
vt 46.797714 45.072922
vt 46.598885 45.051327
vt 45.538071 52.820572
vt 45.342640 52.778069
vt 45.487522 52.945770
vt 45.398201 53.047016
vt 45.317364 52.840664
vt 45.280285 53.112778
vt 45.272705 52.891289
vt 45.213745 52.924171
vt 45.147209 53.135563
vt 45.147209 52.935562
vt 44.616135 52.935562
vt 44.616135 53.135563
vt 88.416130 21.526361
vt 88.416130 21.326361
vt 89.215813 21.526361
vt 89.215813 21.326361
vt 89.282562 21.537828
vt 89.349312 21.349295
vt 89.341660 21.570913
vt 89.386322 21.621822
vt 89.467499 21.415464
vt 89.411430 21.684721
vt 89.556824 21.517286
vt 89.607048 21.643080
vt 90.633476 29.416945
vt 90.832397 29.396229
vt 91.030777 37.235054
vt 91.230774 37.235497
vt 90.797714 45.072922
vt 90.598885 45.051327
vt 89.538071 52.820572
vt 89.342636 52.778069
vt 89.487518 52.945770
vt 89.398201 53.047016
vt 89.317368 52.840664
vt 89.280289 53.112778
vt 89.272705 52.891289
vt 89.213745 52.924171
vt 89.147209 53.135563
vt 89.147209 52.935562
vt 88.416130 52.935562
vt 88.416130 53.135563
vt 0.721334 0.000000
vt 0.721334 0.800000
vt 52.744701 55.468288
vt 52.806507 55.478077
vt 52.806507 59.136757
vt 93.793610 55.478077
vt 93.793610 59.136757
vt 93.855415 55.468288
vt 93.855415 59.146545
vt 93.911171 55.439880
vt 93.911171 59.174953
vt 93.955414 55.395634
vt 93.955414 59.219200
vt 93.983826 55.339878
vt 93.983826 59.274952
vt 93.993614 55.278076
vt 93.993614 59.336758
vt 96.130890 16.304895
vt 93.993614 95.511414
vt 96.130890 178.093140
vt 93.993614 139.803421
vt 93.993614 175.978073
vt 93.983826 176.039886
vt 93.955414 176.095627
vt 93.911171 176.139877
vt 93.855415 176.168289
vt 93.793610 176.178070
vt 52.806507 176.178070
vt 49.793613 176.178070
vt 52.744701 176.168289
vt 49.855415 176.168289
vt 52.688950 176.139877
vt 49.911171 176.139877
vt 52.644703 176.095627
vt 49.955418 176.095627
vt 52.616295 176.039886
vt 49.983826 176.039886
vt 52.606506 175.978073
vt 49.993614 175.978073
vt 52.606506 139.803421
vt 49.993614 139.803421
vt 52.616295 139.741623
vt 49.983826 139.741623
vt 49.983826 135.806549
vt 49.955418 139.685867
vt 49.955418 135.862305
vt 49.911171 139.641617
vt 49.911171 135.906540
vt 49.855415 139.613205
vt 49.855415 135.934952
vt 49.793613 139.603424
vt 49.793613 135.944748
vt 8.806505 139.603424
vt 8.806505 135.944748
vt 8.744702 135.934952
vt 8.744702 139.613205
vt 8.688949 135.906540
vt 8.688949 139.641617
vt 8.644702 135.862305
vt 8.644702 139.685867
vt 8.616294 135.806549
vt 8.616294 139.741623
vt 8.606505 135.744736
vt 8.606505 139.803421
vt 6.416383 178.093140
vt 8.606505 175.978073
vt 8.616294 176.039886
vt 93.993614 19.103424
vt 93.983826 19.041620
vt 93.955414 18.985867
vt 93.911171 18.941620
vt 93.855415 18.913212
vt 93.793610 18.903423
vt 52.806507 18.903423
vt 49.793613 18.903423
vt 6.416383 16.304895
vt 8.806505 18.903423
vt 8.744702 18.913212
vt 49.855415 18.913212
vt 52.744701 18.913212
vt 49.911171 18.941620
vt 52.688950 18.941620
vt 49.955418 18.985867
vt 52.644703 18.985867
vt 49.983826 19.041620
vt 52.616295 19.041620
vt 49.993614 19.103424
vt 52.606506 19.103424
vt 49.993614 55.278076
vt 52.606506 55.278076
vt 49.983826 55.339878
vt 52.616295 55.339878
vt 49.983826 59.274952
vt 52.616295 59.274952
vt 49.993614 59.336758
vt 52.606506 59.336758
vt 49.993614 95.511414
vt 52.606506 95.511414
vt 49.983826 95.573212
vt 52.616295 95.573212
vt 49.983826 99.508286
vt 52.644703 95.628967
vt 52.688950 95.673210
vt 52.644703 59.219200
vt 52.644703 55.395634
vt 52.688950 59.174953
vt 52.688950 55.439880
vt 52.744701 59.146545
vt 93.793610 95.711411
vt 90.900414 100.034447
vt 52.806507 95.711411
vt 54.522415 100.034447
vt 52.744701 95.701622
vt 49.993614 99.570091
vt 93.855415 95.701622
vt 93.911171 95.673210
vt 93.955414 95.628967
vt 90.900414 129.314301
vt 93.983826 95.573212
vt 93.983826 139.741623
vt 93.955414 139.685867
vt 93.911171 139.641617
vt 93.855415 139.613205
vt 93.793610 139.603424
vt 52.806507 139.603424
vt 54.522415 129.314301
vt 49.993614 135.744736
vt 52.744701 139.613205
vt 52.688950 139.641617
vt 52.644703 139.685867
vt 8.744702 55.468288
vt 8.806505 55.478077
vt 8.806505 59.136757
vt 49.793613 55.478077
vt 49.793613 59.136757
vt 49.855415 55.468288
vt 49.855415 59.146545
vt 49.911171 55.439880
vt 49.911171 59.174953
vt 49.955418 55.395634
vt 49.955418 59.219200
vt 8.688949 18.941620
vt 8.644702 18.985867
vt 8.616294 19.041620
vt 8.606505 19.103424
vt 8.606505 55.278076
vt 8.606505 59.336758
vt 8.616294 59.274952
vt 8.616294 55.339878
vt 8.644702 59.219200
vt 8.644702 55.395634
vt 8.688949 59.174953
vt 8.688949 55.439880
vt 8.744702 59.146545
vt 8.744702 95.701622
vt 8.806505 95.711411
vt 8.806505 99.370087
vt 49.793613 95.711411
vt 49.793613 99.370087
vt 49.855415 95.701622
vt 49.855415 99.379883
vt 49.911171 95.673210
vt 49.911171 99.408287
vt 49.955418 95.628967
vt 49.955418 99.452530
vt 8.606505 95.511414
vt 8.606505 99.570091
vt 8.616294 99.508286
vt 8.616294 95.573212
vt 8.644702 99.452530
vt 8.644702 95.628967
vt 8.688949 99.408287
vt 8.688949 95.673210
vt 8.744702 99.379883
vt 8.806505 176.178070
vt 8.744702 176.168289
vt 8.688949 176.139877
vt 8.644702 176.095627
vt -10.652341 0.000000
vt -10.652341 0.500000
vt -89.745056 0.000000
vt -89.745056 0.500000
vt -89.714508 0.000000
vt -89.714508 0.500000
vt -161.788239 0.000000
vt -161.788239 0.500000
vt -101.092003 0.000000
vt -101.092003 0.500000
vt -4.598009 0.000000
vt -4.598009 0.500000
vt -172.847488 0.000000
vt -172.847488 0.500000
vt -5.880488 0.000000
vt -5.880488 0.500000
vt -172.742447 0.000000
vt -172.742447 0.500000
vt -44.129616 75.486534
vt -44.665512 -86.301704
vt -44.129616 -86.301704
vt -50.546001 -86.764992
vt 50.546001 -86.764992
vt 45.584888 75.486534
vt 45.584888 75.788406
vt -44.160172 75.788406
vt -44.665512 86.440750
vt -44.160172 86.440750
vt -50.546001 86.764992
vt 50.546001 86.764992
vt 45.584888 86.440750
vt 45.947990 86.440750
vt 45.947990 -86.406746
vt 45.584888 -86.301704
vt -50.546001 -86.301704
vt 50.546001 -86.406746
vt 50.546001 86.440750
vt -50.546001 86.440750
vt 57.150002 15.841605
vt 56.650002 15.841605
vt 57.150002 0.000000
vt 56.650002 16.304895
vt 56.650002 189.047348
vt 56.650002 189.371597
vt 57.150002 16.304895
vt 57.150002 189.047348
vt 57.150002 189.371597
vt 57.150002 194.056000
vt 0.000000 16.304895
vt 5.880488 16.304895
vt 0.000000 189.047348
vt 5.880488 189.047348
vt 0.000000 189.371597
vt 101.092003 189.371597
vt 96.493988 16.199854
vt 101.092003 16.199854
vt 96.493988 189.047348
vt 101.092003 189.047348
vt 101.092003 15.841605
vt 0.000000 15.841605
vt 0.500000 15.841605
vt 0.500000 16.199854
vt 0.500000 189.047348
vt 0.500000 189.371597
vt 0.000000 16.199854
vt 6.385830 178.395004
vt 96.130890 178.395004
vt 6.385830 189.047348
vt 96.130890 189.047348
vt 28.575001 50.546001
vt -28.575001 50.546001
vt 28.575001 -50.546001
vt -28.575001 -50.546001
vt -50.546001 -28.575001
vt 50.546001 -28.575001
vt -50.546001 28.575001
vt 50.546001 28.575001
s 1
usemtl XID_EPX150AirBakedwithCarbonM2M3L13DPrinters_00E749C5D2D948C3A90C80E6474C494C
f 22/18/8 23/19/8 21/20/8
f 21/20/8 23/19/8 24/21/8
f 21/20/8 24/21/8 26/22/8
f 26/22/8 24/21/8 25/23/8
f 60/30/8 65/31/8 59/32/8
f 59/32/8 65/31/8 66/33/8
f 59/32/8 66/33/8 62/34/8
f 62/34/8 66/33/8 63/35/8
f 62/34/8 63/35/8 64/36/8
f 60/30/8 61/37/8 65/31/8
f 65/31/8 61/37/8 64/36/8
f 64/36/8 61/37/8 62/34/8
f 92/54/8 93/55/8 91/56/8
f 91/56/8 93/55/8 96/57/8
f 96/57/8 93/55/8 94/58/8
f 96/57/8 94/58/8 95/59/8
f 122/70/8 117/71/8 121/72/8
f 121/72/8 117/71/8 118/73/8
f 121/72/8 118/73/8 120/74/8
f 120/74/8 118/73/8 119/75/8
f 144/86/8 145/87/8 143/88/8
f 143/88/8 145/87/8 146/89/8
f 143/88/8 146/89/8 148/90/8
f 148/90/8 146/89/8 147/91/8
f 1516/877/8 1562/878/8 1515/879/8
f 1515/879/8 1562/878/8 1563/880/8
f 1515/879/8 1563/880/8 1564/881/8
f 1516/877/8 1517/882/8 1562/878/8
f 1562/878/8 1517/882/8 1518/883/8
f 1562/878/8 1518/883/8 1519/884/8
f 1519/884/8 1520/885/8 1562/878/8
f 1562/878/8 1520/885/8 1561/886/8
f 1561/886/8 1520/885/8 1560/887/8
f 1560/887/8 1520/885/8 1559/888/8
f 1559/888/8 1520/885/8 1558/889/8
f 1558/889/8 1520/885/8 1521/890/8
f 1558/889/8 1521/890/8 1557/891/8
f 1557/891/8 1521/890/8 1522/892/8
f 1557/891/8 1522/892/8 1556/893/8
f 1556/893/8 1522/892/8 1555/894/8
f 1555/894/8 1522/892/8 1523/895/8
f 1555/894/8 1523/895/8 1554/896/8
f 1554/896/8 1523/895/8 1524/897/8
f 1554/896/8 1524/897/8 1525/898/8
f 1525/898/8 1526/899/8 1554/896/8
f 1554/896/8 1526/899/8 1553/900/8
f 1553/900/8 1526/899/8 1552/901/8
f 1552/901/8 1526/899/8 1527/902/8
f 1552/901/8 1527/902/8 1551/903/8
f 1551/903/8 1527/902/8 1550/904/8
f 1550/904/8 1527/902/8 1549/905/8
f 1549/905/8 1527/902/8 1528/906/8
f 1549/905/8 1528/906/8 1529/907/8
f 1529/907/8 1530/908/8 1549/905/8
f 1549/905/8 1530/908/8 1548/909/8
f 1548/909/8 1530/908/8 1531/910/8
f 1548/909/8 1531/910/8 1547/911/8
f 1547/911/8 1531/910/8 1546/912/8
f 1546/912/8 1531/910/8 1532/913/8
f 1546/912/8 1532/913/8 1545/914/8
f 1545/914/8 1532/913/8 1539/915/8
f 1545/914/8 1539/915/8 1540/916/8
f 1533/917/8 1582/918/8 1532/913/8
f 1532/913/8 1582/918/8 1583/919/8
f 1532/913/8 1583/919/8 1584/920/32
f 1534/921/8 1568/922/8 1533/917/8
f 1533/917/8 1568/922/8 1569/923/8
f 1533/917/8 1569/923/8 1570/924/8
f 1568/922/8 1534/921/8 1567/925/8
f 1567/925/8 1534/921/8 1535/926/8
f 1567/925/8 1535/926/8 1536/927/8
f 1536/927/8 1537/928/8 1567/925/8
f 1567/925/8 1537/928/8 1538/929/8
f 1567/925/8 1538/929/8 1566/930/8
f 1566/930/8 1538/929/8 1565/931/8
f 1565/931/8 1538/929/8 1515/879/8
f 1565/931/8 1515/879/8 1564/881/8
f 1540/916/8 1541/932/8 1545/914/8
f 1545/914/8 1541/932/8 1542/933/8
f 1545/914/8 1542/933/8 1543/934/8
f 1543/934/8 1544/935/8 1545/914/8
f 1570/924/8 1571/936/8 1533/917/8
f 1533/917/8 1571/936/8 1577/937/8
f 1533/917/8 1577/937/8 1578/938/8
f 1572/939/8 1573/940/8 1571/936/8
f 1571/936/8 1573/940/8 1574/941/8
f 1571/936/8 1574/941/8 1575/942/8
f 1575/942/8 1576/943/8 1571/936/8
f 1571/936/8 1576/943/8 1577/937/8
f 1578/938/8 1579/944/8 1533/917/8
f 1533/917/8 1579/944/8 1580/945/8
f 1533/917/8 1580/945/8 1581/946/8
f 1581/946/8 1582/918/8 1533/917/8
f 1584/920/32 1585/947/8 1532/913/8
f 1532/913/8 1585/947/8 1586/948/8
f 1532/913/8 1586/948/8 1587/949/8
f 1587/949/8 1539/915/8 1532/913/8
f 1653/954/8 1657/955/8 1652/956/8
f 1652/956/8 1657/955/8 1658/957/8
f 1652/956/8 1658/957/8 1663/958/8
f 1663/958/8 1658/957/8 1662/959/8
f 1662/959/8 1658/957/8 1661/960/8
f 1661/960/8 1658/957/8 1660/961/8
f 1660/961/8 1658/957/8 1659/962/8
f 1653/954/8 1654/963/8 1657/955/8
f 1657/955/8 1654/963/8 1655/964/8
f 1657/955/8 1655/964/8 1656/965/8
f 1652/956/8 1663/958/8 1675/966/8
f 1675/966/8 1663/958/8 1664/967/8
f 1675/966/8 1664/967/8 1670/968/8
f 1670/968/8 1664/967/8 1669/969/8
f 1669/969/8 1664/967/8 1665/970/8
f 1669/969/8 1665/970/8 1666/971/8
f 1666/971/8 1667/972/8 1669/969/8
f 1669/969/8 1667/972/8 1668/973/8
f 1671/974/8 1672/975/8 1670/968/8
f 1670/968/8 1672/975/8 1673/976/8
f 1670/968/8 1673/976/8 1674/977/8
f 1674/977/8 1675/966/8 1670/968/8
f 1891/877/8 1937/878/8 1890/879/8
f 1890/879/8 1937/878/8 1938/880/8
f 1890/879/8 1938/880/8 1939/881/8
f 1891/877/8 1892/882/8 1937/878/8
f 1937/878/8 1892/882/8 1893/883/8
f 1937/878/8 1893/883/8 1894/884/8
f 1894/884/8 1895/885/8 1937/878/8
f 1937/878/8 1895/885/8 1936/886/8
f 1936/886/8 1895/885/8 1935/887/8
f 1935/887/8 1895/885/8 1934/888/8
f 1934/888/8 1895/885/8 1933/889/8
f 1933/889/8 1895/885/8 1896/890/8
f 1933/889/8 1896/890/8 1932/891/8
f 1932/891/8 1896/890/8 1897/892/8
f 1932/891/8 1897/892/8 1931/893/8
f 1931/893/8 1897/892/8 1930/894/8
f 1930/894/8 1897/892/8 1898/895/8
f 1930/894/8 1898/895/8 1929/896/8
f 1929/896/8 1898/895/8 1899/897/8
f 1929/896/8 1899/897/8 1900/898/8
f 1900/898/8 1901/899/8 1929/896/8
f 1929/896/8 1901/899/8 1928/900/8
f 1928/900/8 1901/899/8 1927/901/8
f 1927/901/8 1901/899/8 1902/902/8
f 1927/901/8 1902/902/8 1926/903/8
f 1926/903/8 1902/902/8 1925/904/8
f 1925/904/8 1902/902/8 1924/905/8
f 1924/905/8 1902/902/8 1903/906/8
f 1924/905/8 1903/906/8 1904/907/8
f 1904/907/8 1905/908/8 1924/905/8
f 1924/905/8 1905/908/8 1923/909/8
f 1923/909/8 1905/908/8 1906/910/8
f 1923/909/8 1906/910/8 1922/911/8
f 1922/911/8 1906/910/8 1921/912/8
f 1921/912/8 1906/910/8 1907/913/8
f 1921/912/8 1907/913/8 1920/914/8
f 1920/914/8 1907/913/8 1914/915/8
f 1920/914/8 1914/915/8 1915/916/8
f 1908/917/8 1957/918/8 1907/913/8
f 1907/913/8 1957/918/8 1958/919/8
f 1907/913/8 1958/919/8 1959/920/32
f 1909/921/8 1943/922/8 1908/917/8
f 1908/917/8 1943/922/8 1944/923/8
f 1908/917/8 1944/923/8 1945/924/8
f 1943/922/8 1909/921/8 1942/925/8
f 1942/925/8 1909/921/8 1910/926/8
f 1942/925/8 1910/926/8 1911/927/8
f 1911/927/8 1912/928/8 1942/925/8
f 1942/925/8 1912/928/8 1913/929/8
f 1942/925/8 1913/929/8 1941/930/8
f 1941/930/8 1913/929/8 1940/931/8
f 1940/931/8 1913/929/8 1890/879/8
f 1940/931/8 1890/879/8 1939/881/8
f 1915/916/8 1916/932/8 1920/914/8
f 1920/914/8 1916/932/8 1917/933/8
f 1920/914/8 1917/933/8 1918/934/8
f 1918/934/8 1919/935/8 1920/914/8
f 1945/924/8 1946/936/8 1908/917/8
f 1908/917/8 1946/936/8 1952/937/8
f 1908/917/8 1952/937/8 1953/938/8
f 1947/939/8 1948/940/8 1946/936/8
f 1946/936/8 1948/940/8 1949/941/8
f 1946/936/8 1949/941/8 1950/942/8
f 1950/942/8 1951/943/8 1946/936/8
f 1946/936/8 1951/943/8 1952/937/8
f 1953/938/8 1954/944/8 1908/917/8
f 1908/917/8 1954/944/8 1955/945/8
f 1908/917/8 1955/945/8 1956/946/8
f 1956/946/8 1957/918/8 1908/917/8
f 1959/920/32 1960/947/8 1907/913/8
f 1907/913/8 1960/947/8 1961/948/8
f 1907/913/8 1961/948/8 1962/949/8
f 1962/949/8 1914/915/8 1907/913/8
f 2028/954/8 2032/955/8 2027/956/8
f 2027/956/8 2032/955/8 2033/957/8
f 2027/956/8 2033/957/8 2038/958/8
f 2038/958/8 2033/957/8 2037/959/8
f 2037/959/8 2033/957/8 2036/960/8
f 2036/960/8 2033/957/8 2035/961/8
f 2035/961/8 2033/957/8 2034/962/8
f 2028/954/8 2029/963/8 2032/955/8
f 2032/955/8 2029/963/8 2030/964/8
f 2032/955/8 2030/964/8 2031/965/8
f 2027/956/8 2038/958/8 2050/966/8
f 2050/966/8 2038/958/8 2039/967/8
f 2050/966/8 2039/967/8 2045/968/8
f 2045/968/8 2039/967/8 2044/969/8
f 2044/969/8 2039/967/8 2040/970/8
f 2044/969/8 2040/970/8 2041/971/8
f 2041/971/8 2042/972/8 2044/969/8
f 2044/969/8 2042/972/8 2043/973/8
f 2046/974/8 2047/975/8 2045/968/8
f 2045/968/8 2047/975/8 2048/976/8
f 2045/968/8 2048/976/8 2049/977/8
f 2049/977/8 2050/966/8 2045/968/8
f 2271/877/8 2317/878/8 2270/879/8
f 2270/879/8 2317/878/8 2318/880/8
f 2270/879/8 2318/880/8 2319/881/8
f 2271/877/8 2272/882/8 2317/878/8
f 2317/878/8 2272/882/8 2273/883/8
f 2317/878/8 2273/883/8 2274/884/8
f 2274/884/8 2275/885/8 2317/878/8
f 2317/878/8 2275/885/8 2316/886/8
f 2316/886/8 2275/885/8 2315/887/8
f 2315/887/8 2275/885/8 2314/888/8
f 2314/888/8 2275/885/8 2313/889/8
f 2313/889/8 2275/885/8 2276/890/8
f 2313/889/8 2276/890/8 2312/891/8
f 2312/891/8 2276/890/8 2277/892/8
f 2312/891/8 2277/892/8 2311/893/8
f 2311/893/8 2277/892/8 2310/894/8
f 2310/894/8 2277/892/8 2278/895/8
f 2310/894/8 2278/895/8 2309/896/8
f 2309/896/8 2278/895/8 2279/897/8
f 2309/896/8 2279/897/8 2280/898/8
f 2280/898/8 2281/899/8 2309/896/8
f 2309/896/8 2281/899/8 2308/900/8
f 2308/900/8 2281/899/8 2307/901/8
f 2307/901/8 2281/899/8 2282/902/8
f 2307/901/8 2282/902/8 2306/903/8
f 2306/903/8 2282/902/8 2305/904/8
f 2305/904/8 2282/902/8 2304/905/8
f 2304/905/8 2282/902/8 2283/906/8
f 2304/905/8 2283/906/8 2284/907/8
f 2284/907/8 2285/908/8 2304/905/8
f 2304/905/8 2285/908/8 2303/909/8
f 2303/909/8 2285/908/8 2286/910/8
f 2303/909/8 2286/910/8 2302/911/8
f 2302/911/8 2286/910/8 2301/912/8
f 2301/912/8 2286/910/8 2287/913/8
f 2301/912/8 2287/913/8 2300/914/8
f 2300/914/8 2287/913/8 2294/915/8
f 2300/914/8 2294/915/8 2295/916/8
f 2288/917/8 2337/918/8 2287/913/8
f 2287/913/8 2337/918/8 2338/919/8
f 2287/913/8 2338/919/8 2339/920/32
f 2289/921/8 2323/922/8 2288/917/8
f 2288/917/8 2323/922/8 2324/923/8
f 2288/917/8 2324/923/8 2325/924/8
f 2323/922/8 2289/921/8 2322/925/8
f 2322/925/8 2289/921/8 2290/926/8
f 2322/925/8 2290/926/8 2291/927/8
f 2291/927/8 2292/928/8 2322/925/8
f 2322/925/8 2292/928/8 2293/929/8
f 2322/925/8 2293/929/8 2321/930/8
f 2321/930/8 2293/929/8 2320/931/8
f 2320/931/8 2293/929/8 2270/879/8
f 2320/931/8 2270/879/8 2319/881/8
f 2295/916/8 2296/932/8 2300/914/8
f 2300/914/8 2296/932/8 2297/933/8
f 2300/914/8 2297/933/8 2298/934/8
f 2298/934/8 2299/935/8 2300/914/8
f 2325/924/8 2326/936/8 2288/917/8
f 2288/917/8 2326/936/8 2332/937/8
f 2288/917/8 2332/937/8 2333/938/8
f 2327/939/8 2328/940/8 2326/936/8
f 2326/936/8 2328/940/8 2329/941/8
f 2326/936/8 2329/941/8 2330/942/8
f 2330/942/8 2331/943/8 2326/936/8
f 2326/936/8 2331/943/8 2332/937/8
f 2333/938/8 2334/944/8 2288/917/8
f 2288/917/8 2334/944/8 2335/945/8
f 2288/917/8 2335/945/8 2336/946/8
f 2336/946/8 2337/918/8 2288/917/8
f 2339/920/32 2340/947/8 2287/913/8
f 2287/913/8 2340/947/8 2341/948/8
f 2287/913/8 2341/948/8 2342/949/8
f 2342/949/8 2294/915/8 2287/913/8
f 2408/954/8 2412/955/8 2407/956/8
f 2407/956/8 2412/955/8 2413/957/8
f 2407/956/8 2413/957/8 2418/958/8
f 2418/958/8 2413/957/8 2417/959/8
f 2417/959/8 2413/957/8 2416/960/8
f 2416/960/8 2413/957/8 2415/961/8
f 2415/961/8 2413/957/8 2414/962/8
f 2408/954/8 2409/963/8 2412/955/8
f 2412/955/8 2409/963/8 2410/964/8
f 2412/955/8 2410/964/8 2411/965/8
f 2407/956/8 2418/958/8 2430/966/8
f 2430/966/8 2418/958/8 2419/967/8
f 2430/966/8 2419/967/8 2425/968/8
f 2425/968/8 2419/967/8 2424/969/8
f 2424/969/8 2419/967/8 2420/970/8
f 2424/969/8 2420/970/8 2421/971/8
f 2421/971/8 2422/972/8 2424/969/8
f 2424/969/8 2422/972/8 2423/973/8
f 2426/974/8 2427/975/8 2425/968/8
f 2425/968/8 2427/975/8 2428/976/8
f 2425/968/8 2428/976/8 2429/977/8
f 2429/977/8 2430/966/8 2425/968/8
f 2648/877/8 2694/878/8 2647/879/8
f 2647/879/8 2694/878/8 2695/880/8
f 2647/879/8 2695/880/8 2696/881/8
f 2648/877/8 2649/882/8 2694/878/8
f 2694/878/8 2649/882/8 2650/883/8
f 2694/878/8 2650/883/8 2651/884/8
f 2651/884/8 2652/885/8 2694/878/8
f 2694/878/8 2652/885/8 2693/886/8
f 2693/886/8 2652/885/8 2692/887/8
f 2692/887/8 2652/885/8 2691/888/8
f 2691/888/8 2652/885/8 2690/889/8
f 2690/889/8 2652/885/8 2653/890/8
f 2690/889/8 2653/890/8 2689/891/8
f 2689/891/8 2653/890/8 2654/892/8
f 2689/891/8 2654/892/8 2688/893/8
f 2688/893/8 2654/892/8 2687/894/8
f 2687/894/8 2654/892/8 2655/895/8
f 2687/894/8 2655/895/8 2686/896/8
f 2686/896/8 2655/895/8 2656/897/8
f 2686/896/8 2656/897/8 2657/898/8
f 2657/898/8 2658/899/8 2686/896/8
f 2686/896/8 2658/899/8 2685/900/8
f 2685/900/8 2658/899/8 2684/901/8
f 2684/901/8 2658/899/8 2659/902/8
f 2684/901/8 2659/902/8 2683/903/8
f 2683/903/8 2659/902/8 2682/904/8
f 2682/904/8 2659/902/8 2681/905/8
f 2681/905/8 2659/902/8 2660/906/8
f 2681/905/8 2660/906/8 2661/907/8
f 2661/907/8 2662/908/8 2681/905/8
f 2681/905/8 2662/908/8 2680/909/8
f 2680/909/8 2662/908/8 2663/910/8
f 2680/909/8 2663/910/8 2679/911/8
f 2679/911/8 2663/910/8 2678/912/8
f 2678/912/8 2663/910/8 2664/913/8
f 2678/912/8 2664/913/8 2677/914/8
f 2677/914/8 2664/913/8 2671/915/8
f 2677/914/8 2671/915/8 2672/916/8
f 2665/917/8 2714/918/8 2664/913/8
f 2664/913/8 2714/918/8 2715/919/8
f 2664/913/8 2715/919/8 2716/920/32
f 2666/921/8 2700/922/8 2665/917/8
f 2665/917/8 2700/922/8 2701/923/8
f 2665/917/8 2701/923/8 2702/924/8
f 2700/922/8 2666/921/8 2699/925/8
f 2699/925/8 2666/921/8 2667/926/8
f 2699/925/8 2667/926/8 2668/927/8
f 2668/927/8 2669/928/8 2699/925/8
f 2699/925/8 2669/928/8 2670/929/8
f 2699/925/8 2670/929/8 2698/930/8
f 2698/930/8 2670/929/8 2697/931/8
f 2697/931/8 2670/929/8 2647/879/8
f 2697/931/8 2647/879/8 2696/881/8
f 2672/916/8 2673/932/8 2677/914/8
f 2677/914/8 2673/932/8 2674/933/8
f 2677/914/8 2674/933/8 2675/934/8
f 2675/934/8 2676/935/8 2677/914/8
f 2702/924/8 2703/936/8 2665/917/8
f 2665/917/8 2703/936/8 2709/937/8
f 2665/917/8 2709/937/8 2710/938/8
f 2704/939/8 2705/940/8 2703/936/8
f 2703/936/8 2705/940/8 2706/941/8
f 2703/936/8 2706/941/8 2707/942/8
f 2707/942/8 2708/943/8 2703/936/8
f 2703/936/8 2708/943/8 2709/937/8
f 2710/938/8 2711/944/8 2665/917/8
f 2665/917/8 2711/944/8 2712/945/8
f 2665/917/8 2712/945/8 2713/946/8
f 2713/946/8 2714/918/8 2665/917/8
f 2716/920/32 2717/947/8 2664/913/8
f 2664/913/8 2717/947/8 2718/948/8
f 2664/913/8 2718/948/8 2719/949/8
f 2719/949/8 2671/915/8 2664/913/8
f 2785/954/8 2789/955/8 2784/956/8
f 2784/956/8 2789/955/8 2790/957/8
f 2784/956/8 2790/957/8 2795/958/8
f 2795/958/8 2790/957/8 2794/959/8
f 2794/959/8 2790/957/8 2793/960/8
f 2793/960/8 2790/957/8 2792/961/8
f 2792/961/8 2790/957/8 2791/962/8
f 2785/954/8 2786/963/8 2789/955/8
f 2789/955/8 2786/963/8 2787/964/8
f 2789/955/8 2787/964/8 2788/965/8
f 2784/956/8 2795/958/8 2807/966/8
f 2807/966/8 2795/958/8 2796/967/8
f 2807/966/8 2796/967/8 2802/968/8
f 2802/968/8 2796/967/8 2801/969/8
f 2801/969/8 2796/967/8 2797/970/8
f 2801/969/8 2797/970/8 2798/971/8
f 2798/971/8 2799/972/8 2801/969/8
f 2801/969/8 2799/972/8 2800/973/8
f 2803/974/8 2804/975/8 2802/968/8
f 2802/968/8 2804/975/8 2805/976/8
f 2802/968/8 2805/976/8 2806/977/8
f 2806/977/8 2807/966/8 2802/968/8
f 3019/877/8 3065/878/8 3018/879/8
f 3018/879/8 3065/878/8 3066/880/8
f 3018/879/8 3066/880/8 3067/881/8
f 3019/877/8 3020/882/8 3065/878/8
f 3065/878/8 3020/882/8 3021/883/8
f 3065/878/8 3021/883/8 3022/884/8
f 3022/884/8 3023/885/8 3065/878/8
f 3065/878/8 3023/885/8 3064/886/8
f 3064/886/8 3023/885/8 3063/887/8
f 3063/887/8 3023/885/8 3062/888/8
f 3062/888/8 3023/885/8 3061/889/8
f 3061/889/8 3023/885/8 3024/890/8
f 3061/889/8 3024/890/8 3060/891/8
f 3060/891/8 3024/890/8 3025/892/8
f 3060/891/8 3025/892/8 3059/893/8
f 3059/893/8 3025/892/8 3058/894/8
f 3058/894/8 3025/892/8 3026/895/8
f 3058/894/8 3026/895/8 3057/896/8
f 3057/896/8 3026/895/8 3027/897/8
f 3057/896/8 3027/897/8 3028/898/8
f 3028/898/8 3029/899/8 3057/896/8
f 3057/896/8 3029/899/8 3056/900/8
f 3056/900/8 3029/899/8 3055/901/8
f 3055/901/8 3029/899/8 3030/902/8
f 3055/901/8 3030/902/8 3054/903/8
f 3054/903/8 3030/902/8 3053/904/8
f 3053/904/8 3030/902/8 3052/905/8
f 3052/905/8 3030/902/8 3031/906/8
f 3052/905/8 3031/906/8 3032/907/8
f 3032/907/8 3033/908/8 3052/905/8
f 3052/905/8 3033/908/8 3051/909/8
f 3051/909/8 3033/908/8 3034/910/8
f 3051/909/8 3034/910/8 3050/911/8
f 3050/911/8 3034/910/8 3049/912/8
f 3049/912/8 3034/910/8 3035/913/8
f 3049/912/8 3035/913/8 3048/914/8
f 3048/914/8 3035/913/8 3042/915/8
f 3048/914/8 3042/915/8 3043/916/8
f 3036/917/8 3085/918/8 3035/913/8
f 3035/913/8 3085/918/8 3086/919/8
f 3035/913/8 3086/919/8 3087/920/31
f 3037/921/8 3071/922/8 3036/917/8
f 3036/917/8 3071/922/8 3072/923/8
f 3036/917/8 3072/923/8 3073/924/8
f 3071/922/8 3037/921/8 3070/925/8
f 3070/925/8 3037/921/8 3038/926/8
f 3070/925/8 3038/926/8 3039/927/8
f 3039/927/8 3040/928/8 3070/925/8
f 3070/925/8 3040/928/8 3041/929/8
f 3070/925/8 3041/929/8 3069/930/8
f 3069/930/8 3041/929/8 3068/931/8
f 3068/931/8 3041/929/8 3018/879/8
f 3068/931/8 3018/879/8 3067/881/8
f 3043/916/8 3044/932/8 3048/914/8
f 3048/914/8 3044/932/8 3045/933/8
f 3048/914/8 3045/933/8 3046/934/8
f 3046/934/8 3047/935/8 3048/914/8
f 3073/924/8 3074/936/8 3036/917/8
f 3036/917/8 3074/936/8 3080/937/8
f 3036/917/8 3080/937/8 3081/938/8
f 3075/939/8 3076/940/8 3074/936/8
f 3074/936/8 3076/940/8 3077/941/8
f 3074/936/8 3077/941/8 3078/942/8
f 3078/942/8 3079/943/8 3074/936/8
f 3074/936/8 3079/943/8 3080/937/8
f 3081/938/8 3082/944/8 3036/917/8
f 3036/917/8 3082/944/8 3083/945/8
f 3036/917/8 3083/945/8 3084/946/8
f 3084/946/8 3085/918/8 3036/917/8
f 3087/920/31 3088/947/33 3035/913/8
f 3035/913/8 3088/947/33 3089/948/8
f 3035/913/8 3089/948/8 3090/949/8
f 3090/949/8 3042/915/8 3035/913/8
f 3156/954/8 3160/955/8 3155/956/8
f 3155/956/8 3160/955/8 3161/957/8
f 3155/956/8 3161/957/8 3166/958/8
f 3166/958/8 3161/957/8 3165/959/8
f 3165/959/8 3161/957/8 3164/960/8
f 3164/960/8 3161/957/8 3163/961/8
f 3163/961/8 3161/957/8 3162/962/8
f 3156/954/8 3157/963/8 3160/955/8
f 3160/955/8 3157/963/8 3158/964/8
f 3160/955/8 3158/964/8 3159/965/8
f 3155/956/8 3166/958/8 3178/966/8
f 3178/966/8 3166/958/8 3167/967/8
f 3178/966/8 3167/967/8 3173/968/8
f 3173/968/8 3167/967/8 3172/969/8
f 3172/969/8 3167/967/8 3168/970/8
f 3172/969/8 3168/970/8 3169/971/8
f 3169/971/8 3170/972/8 3172/969/8
f 3172/969/8 3170/972/8 3171/973/8
f 3174/974/8 3175/975/8 3173/968/8
f 3173/968/8 3175/975/8 3176/976/8
f 3173/968/8 3176/976/8 3177/977/8
f 3177/977/8 3178/966/8 3173/968/8
f 3394/877/8 3440/878/8 3393/879/8
f 3393/879/8 3440/878/8 3441/880/8
f 3393/879/8 3441/880/8 3442/881/8
f 3394/877/8 3395/882/8 3440/878/8
f 3440/878/8 3395/882/8 3396/883/8
f 3440/878/8 3396/883/8 3397/884/8
f 3397/884/8 3398/885/8 3440/878/8
f 3440/878/8 3398/885/8 3439/886/8
f 3439/886/8 3398/885/8 3438/887/8
f 3438/887/8 3398/885/8 3437/888/8
f 3437/888/8 3398/885/8 3436/889/8
f 3436/889/8 3398/885/8 3399/890/8
f 3436/889/8 3399/890/8 3435/891/8
f 3435/891/8 3399/890/8 3400/892/8
f 3435/891/8 3400/892/8 3434/893/8
f 3434/893/8 3400/892/8 3433/894/8
f 3433/894/8 3400/892/8 3401/895/8
f 3433/894/8 3401/895/8 3432/896/8
f 3432/896/8 3401/895/8 3402/897/8
f 3432/896/8 3402/897/8 3403/898/8
f 3403/898/8 3404/899/8 3432/896/8
f 3432/896/8 3404/899/8 3431/900/8
f 3431/900/8 3404/899/8 3430/901/8
f 3430/901/8 3404/899/8 3405/902/8
f 3430/901/8 3405/902/8 3429/903/8
f 3429/903/8 3405/902/8 3428/904/8
f 3428/904/8 3405/902/8 3427/905/8
f 3427/905/8 3405/902/8 3406/906/8
f 3427/905/8 3406/906/8 3407/907/8
f 3407/907/8 3408/908/8 3427/905/8
f 3427/905/8 3408/908/8 3426/909/8
f 3426/909/8 3408/908/8 3409/910/8
f 3426/909/8 3409/910/8 3425/911/8
f 3425/911/8 3409/910/8 3424/912/8
f 3424/912/8 3409/910/8 3410/913/8
f 3424/912/8 3410/913/8 3423/914/8
f 3423/914/8 3410/913/8 3417/915/8
f 3423/914/8 3417/915/8 3418/916/8
f 3411/917/8 3460/918/8 3410/913/8
f 3410/913/8 3460/918/8 3461/919/8
f 3410/913/8 3461/919/8 3462/920/31
f 3412/921/8 3446/922/8 3411/917/8
f 3411/917/8 3446/922/8 3447/923/8
f 3411/917/8 3447/923/8 3448/924/8
f 3446/922/8 3412/921/8 3445/925/8
f 3445/925/8 3412/921/8 3413/926/8
f 3445/925/8 3413/926/8 3414/927/8
f 3414/927/8 3415/928/8 3445/925/8
f 3445/925/8 3415/928/8 3416/929/8
f 3445/925/8 3416/929/8 3444/930/8
f 3444/930/8 3416/929/8 3443/931/8
f 3443/931/8 3416/929/8 3393/879/8
f 3443/931/8 3393/879/8 3442/881/8
f 3418/916/8 3419/932/8 3423/914/8
f 3423/914/8 3419/932/8 3420/933/8
f 3423/914/8 3420/933/8 3421/934/8
f 3421/934/8 3422/935/8 3423/914/8
f 3448/924/8 3449/936/8 3411/917/8
f 3411/917/8 3449/936/8 3455/937/8
f 3411/917/8 3455/937/8 3456/938/8
f 3450/939/8 3451/940/8 3449/936/8
f 3449/936/8 3451/940/8 3452/941/8
f 3449/936/8 3452/941/8 3453/942/8
f 3453/942/8 3454/943/8 3449/936/8
f 3449/936/8 3454/943/8 3455/937/8
f 3456/938/8 3457/944/8 3411/917/8
f 3411/917/8 3457/944/8 3458/945/8
f 3411/917/8 3458/945/8 3459/946/8
f 3459/946/8 3460/918/8 3411/917/8
f 3462/920/31 3463/947/33 3410/913/8
f 3410/913/8 3463/947/33 3464/948/8
f 3410/913/8 3464/948/8 3465/949/8
f 3465/949/8 3417/915/8 3410/913/8
f 3531/954/8 3535/955/8 3530/956/8
f 3530/956/8 3535/955/8 3536/957/8
f 3530/956/8 3536/957/8 3541/958/8
f 3541/958/8 3536/957/8 3540/959/8
f 3540/959/8 3536/957/8 3539/960/8
f 3539/960/8 3536/957/8 3538/961/8
f 3538/961/8 3536/957/8 3537/962/8
f 3531/954/8 3532/963/8 3535/955/8
f 3535/955/8 3532/963/8 3533/964/8
f 3535/955/8 3533/964/8 3534/965/8
f 3530/956/8 3541/958/8 3553/966/8
f 3553/966/8 3541/958/8 3542/967/8
f 3553/966/8 3542/967/8 3548/968/8
f 3548/968/8 3542/967/8 3547/969/8
f 3547/969/8 3542/967/8 3543/970/8
f 3547/969/8 3543/970/8 3544/971/8
f 3544/971/8 3545/972/8 3547/969/8
f 3547/969/8 3545/972/8 3546/973/8
f 3549/974/8 3550/975/8 3548/968/8
f 3548/968/8 3550/975/8 3551/976/8
f 3548/968/8 3551/976/8 3552/977/8
f 3552/977/8 3553/966/8 3548/968/8
f 3985/877/8 4031/878/8 3984/879/8
f 3984/879/8 4031/878/8 4032/880/8
f 3984/879/8 4032/880/8 4033/881/8
f 3985/877/8 3986/882/8 4031/878/8
f 4031/878/8 3986/882/8 3987/883/8
f 4031/878/8 3987/883/8 3988/884/8
f 3988/884/8 3989/885/8 4031/878/8
f 4031/878/8 3989/885/8 4030/886/8
f 4030/886/8 3989/885/8 4029/887/8
f 4029/887/8 3989/885/8 4028/888/8
f 4028/888/8 3989/885/8 4027/889/8
f 4027/889/8 3989/885/8 3990/890/8
f 4027/889/8 3990/890/8 4026/891/8
f 4026/891/8 3990/890/8 3991/892/8
f 4026/891/8 3991/892/8 4025/893/8
f 4025/893/8 3991/892/8 4024/894/8
f 4024/894/8 3991/892/8 3992/895/8
f 4024/894/8 3992/895/8 4023/896/8
f 4023/896/8 3992/895/8 3993/897/8
f 4023/896/8 3993/897/8 3994/898/8
f 3994/898/8 3995/899/8 4023/896/8
f 4023/896/8 3995/899/8 4022/900/8
f 4022/900/8 3995/899/8 4021/901/8
f 4021/901/8 3995/899/8 3996/902/8
f 4021/901/8 3996/902/8 4020/903/8
f 4020/903/8 3996/902/8 4019/904/8
f 4019/904/8 3996/902/8 4018/905/8
f 4018/905/8 3996/902/8 3997/906/8
f 4018/905/8 3997/906/8 3998/907/8
f 3998/907/8 3999/908/8 4018/905/8
f 4018/905/8 3999/908/8 4017/909/8
f 4017/909/8 3999/908/8 4000/910/8
f 4017/909/8 4000/910/8 4016/911/8
f 4016/911/8 4000/910/8 4015/912/8
f 4015/912/8 4000/910/8 4001/913/8
f 4015/912/8 4001/913/8 4014/914/8
f 4014/914/8 4001/913/8 4008/915/8
f 4014/914/8 4008/915/8 4009/916/8
f 4002/917/8 4051/918/8 4001/913/8
f 4001/913/8 4051/918/8 4052/919/8
f 4001/913/8 4052/919/8 4053/920/31
f 4003/921/8 4037/922/8 4002/917/8
f 4002/917/8 4037/922/8 4038/923/8
f 4002/917/8 4038/923/8 4039/924/8
f 4037/922/8 4003/921/8 4036/925/8
f 4036/925/8 4003/921/8 4004/926/8
f 4036/925/8 4004/926/8 4005/927/8
f 4005/927/8 4006/928/8 4036/925/8
f 4036/925/8 4006/928/8 4007/929/8
f 4036/925/8 4007/929/8 4035/930/8
f 4035/930/8 4007/929/8 4034/931/8
f 4034/931/8 4007/929/8 3984/879/8
f 4034/931/8 3984/879/8 4033/881/8
f 4009/916/8 4010/932/8 4014/914/8
f 4014/914/8 4010/932/8 4011/933/8
f 4014/914/8 4011/933/8 4012/934/8
f 4012/934/8 4013/935/8 4014/914/8
f 4039/924/8 4040/936/8 4002/917/8
f 4002/917/8 4040/936/8 4046/937/8
f 4002/917/8 4046/937/8 4047/938/8
f 4041/939/8 4042/940/8 4040/936/8
f 4040/936/8 4042/940/8 4043/941/8
f 4040/936/8 4043/941/8 4044/942/8
f 4044/942/8 4045/943/8 4040/936/8
f 4040/936/8 4045/943/8 4046/937/8
f 4047/938/8 4048/944/8 4002/917/8
f 4002/917/8 4048/944/8 4049/945/8
f 4002/917/8 4049/945/8 4050/946/8
f 4050/946/8 4051/918/8 4002/917/8
f 4053/920/31 4054/947/33 4001/913/8
f 4001/913/8 4054/947/33 4055/948/8
f 4001/913/8 4055/948/8 4056/949/8
f 4056/949/8 4008/915/8 4001/913/8
f 4665/954/8 4669/955/8 4664/956/8
f 4664/956/8 4669/955/8 4670/957/8
f 4664/956/8 4670/957/8 4675/958/8
f 4675/958/8 4670/957/8 4674/959/8
f 4674/959/8 4670/957/8 4673/960/8
f 4673/960/8 4670/957/8 4672/961/8
f 4672/961/8 4670/957/8 4671/962/8
f 4665/954/8 4666/963/8 4669/955/8
f 4669/955/8 4666/963/8 4667/964/8
f 4669/955/8 4667/964/8 4668/965/8
f 4664/956/8 4675/958/8 4687/966/8
f 4687/966/8 4675/958/8 4676/967/8
f 4687/966/8 4676/967/8 4682/968/8
f 4682/968/8 4676/967/8 4681/969/8
f 4681/969/8 4676/967/8 4677/970/8
f 4681/969/8 4677/970/8 4678/971/8
f 4678/971/8 4679/972/8 4681/969/8
f 4681/969/8 4679/972/8 4680/973/8
f 4683/974/8 4684/975/8 4682/968/8
f 4682/968/8 4684/975/8 4685/976/8
f 4682/968/8 4685/976/8 4686/977/8
f 4686/977/8 4687/966/8 4682/968/8
f 4714/1754/38 4708/1755/38 4713/1756/38
f 4713/1756/38 4708/1755/38 4709/1757/38
f 4713/1756/38 4709/1757/38 4712/1758/38
f 4712/1758/38 4709/1757/38 4710/1759/38
f 4712/1758/38 4710/1759/38 4711/1760/38
f 4760/1777/38 4764/1778/38 4759/1779/38
f 4759/1779/38 4764/1778/38 4765/1780/38
f 4759/1779/38 4765/1780/38 4766/1781/38
f 4764/1778/38 4760/1777/38 4763/1782/38
f 4763/1782/38 4760/1777/38 4761/1783/38
f 4763/1782/38 4761/1783/38 4771/1784/38
f 4771/1784/38 4761/1783/38 4770/1785/38
f 4770/1785/38 4761/1783/38 4762/1786/38
f 4770/1785/38 4762/1786/38 4769/1787/38
f 4769/1787/38 4762/1786/38 4768/1788/38
f 4768/1788/38 4762/1786/38 4767/1789/38
f 4767/1789/38 4762/1786/38 4759/1779/38
f 4767/1789/38 4759/1779/38 4766/1781/38
f 4949/1905/38 4986/1906/38 4948/1907/38
f 4948/1907/38 4986/1906/38 4987/1908/38
f 4948/1907/38 4987/1908/38 4983/1909/38
f 4983/1909/38 4987/1908/38 4982/1910/38
f 4982/1910/38 4987/1908/38 4981/1911/38
f 4981/1911/38 4987/1908/38 4980/1912/38
f 4980/1912/38 4987/1908/38 4979/1913/38
f 4979/1913/38 4987/1908/38 4978/1914/38
f 4978/1914/38 4987/1908/38 4977/1915/38
f 4977/1915/38 4987/1908/38 4976/1916/38
f 4976/1916/38 4987/1908/38 4975/1917/38
f 4975/1917/38 4987/1908/38 4984/1918/38
f 4975/1917/38 4984/1918/38 4974/1919/38
f 4974/1919/38 4984/1918/38 4973/1920/38
f 4973/1920/38 4984/1918/38 4972/1921/38
f 4972/1921/38 4984/1918/38 4971/1922/38
f 4971/1922/38 4984/1918/38 4970/1923/38
f 4970/1923/38 4984/1918/38 4969/1924/38
f 4969/1924/38 4984/1918/38 4968/1925/38
f 4968/1925/38 4984/1918/38 4967/1926/38
f 4967/1926/38 4984/1918/38 4966/1927/38
f 4966/1927/38 4984/1918/38 4985/1928/38
f 4966/1927/38 4985/1928/38 4965/1929/38
f 4965/1929/38 4985/1928/38 4964/1930/38
f 4964/1930/38 4985/1928/38 4963/1931/38
f 4963/1931/38 4985/1928/38 4962/1932/38
f 4962/1932/38 4985/1928/38 4961/1933/38
f 4961/1933/38 4985/1928/38 4960/1934/38
f 4960/1934/38 4985/1928/38 4959/1935/38
f 4959/1935/38 4985/1928/38 4958/1936/38
f 4958/1936/38 4985/1928/38 4957/1937/38
f 4957/1937/38 4985/1928/38 4986/1906/38
f 4957/1937/38 4986/1906/38 4956/1938/38
f 4956/1938/38 4986/1906/38 4955/1939/38
f 4955/1939/38 4986/1906/38 4954/1940/38
f 4954/1940/38 4986/1906/38 4953/1941/38
f 4953/1941/38 4986/1906/38 4952/1942/38
f 4952/1942/38 4986/1906/38 4951/1943/38
f 4951/1943/38 4986/1906/38 4950/1944/38
f 4950/1944/38 4986/1906/38 4949/1905/38
f 5029/1965/38 5035/1966/38 5028/1967/38
f 5028/1967/38 5035/1966/38 5032/1968/38
f 5028/1967/38 5032/1968/38 5033/1969/38
f 5029/1965/38 5030/1970/38 5035/1966/38
f 5035/1966/38 5030/1970/38 5034/1971/38
f 5034/1971/38 5030/1970/38 5031/1972/38
f 5034/1971/38 5031/1972/38 5033/1969/38
f 5033/1969/38 5031/1972/38 5028/1967/38
f 5072/1989/38 5073/1990/38 5083/1991/38
f 5083/1991/38 5073/1990/38 5082/1992/38
f 5082/1992/38 5073/1990/38 5074/1993/38
f 5082/1992/38 5074/1993/38 5081/1994/38
f 5081/1994/38 5074/1993/38 5076/1995/38
f 5081/1994/38 5076/1995/38 5080/1996/38
f 5080/1996/38 5076/1995/38 5077/1997/38
f 5080/1996/38 5077/1997/38 5079/1998/38
f 5079/1998/38 5077/1997/38 5078/1999/38
f 5074/1993/38 5075/2000/38 5076/1995/38
f 5104/2015/38 5105/2016/38 5110/2017/38
f 5110/2017/38 5105/2016/38 5109/2018/38
f 5109/2018/38 5105/2016/38 5108/2019/38
f 5108/2019/38 5105/2016/38 5107/2020/38
f 5107/2020/38 5105/2016/38 5106/2021/38
f 5176/2046/38 5196/2047/38 5175/2048/38
f 5175/2048/38 5196/2047/38 5188/2049/38
f 5175/2048/38 5188/2049/38 5187/2050/38
f 5187/2050/38 5188/2049/38 5186/2051/38
f 5186/2051/38 5188/2049/38 5185/2052/38
f 5185/2052/38 5188/2049/38 5189/2053/38
f 5185/2052/38 5189/2053/38 5184/2054/38
f 5184/2054/38 5189/2053/38 5183/2055/38
f 5183/2055/38 5189/2053/38 5182/2056/38
f 5182/2056/38 5189/2053/38 5190/2057/38
f 5182/2056/38 5190/2057/38 5181/2058/38
f 5181/2058/38 5190/2057/38 5180/2059/38
f 5180/2059/38 5190/2057/38 5179/2060/38
f 5179/2060/38 5190/2057/38 5191/2061/38
f 5179/2060/38 5191/2061/38 5192/2062/38
f 5176/2046/38 5177/2063/38 5196/2047/38
f 5196/2047/38 5177/2063/38 5178/2064/38
f 5196/2047/38 5178/2064/38 5195/2065/38
f 5195/2065/38 5178/2064/38 5194/2066/38
f 5194/2066/38 5178/2064/38 5193/2067/38
f 5193/2067/38 5178/2064/38 5179/2060/38
f 5193/2067/38 5179/2060/38 5192/2062/38
f 5250/2100/38 5251/2101/38 5249/2102/38
f 5249/2102/38 5251/2101/38 5252/2103/38
f 5249/2102/38 5252/2103/38 5253/2104/38
f 5253/2104/38 5254/2105/38 5249/2102/38
f 5249/2102/38 5254/2105/38 5255/2106/38
f 5473/2166/38 5460/2167/38 5471/2168/38
f 5471/2168/38 5460/2167/38 5461/2169/38
f 5471/2168/38 5461/2169/38 5470/2170/38
f 5470/2170/38 5461/2169/38 5465/2171/38
f 5470/2170/38 5465/2171/38 5466/2172/38
f 5461/2169/38 5462/2173/38 5465/2171/38
f 5465/2171/38 5462/2173/38 5463/2174/82
f 5465/2171/38 5463/2174/82 5464/2175/38
f 5467/2176/38 5468/2177/51 5466/2172/38
f 5466/2172/38 5468/2177/51 5469/2178/38
f 5466/2172/38 5469/2178/38 5470/2170/38
f 5471/2168/38 5472/2179/38 5473/2166/38
f 5534/2214/38 5520/2215/38 5533/2216/38
f 5533/2216/38 5520/2215/38 5521/2217/38
f 5533/2216/38 5521/2217/38 5529/2218/38
f 5529/2218/38 5521/2217/38 5525/2219/38
f 5529/2218/38 5525/2219/38 5528/2220/38
f 5528/2220/38 5525/2219/38 5526/2221/38
f 5528/2220/38 5526/2221/38 5527/2222/38
f 5521/2217/38 5522/2223/38 5525/2219/38
f 5525/2219/38 5522/2223/38 5523/2224/38
f 5525/2219/38 5523/2224/38 5524/2225/87
f 5530/2226/38 5531/2227/51 5529/2218/38
f 5529/2218/38 5531/2227/51 5532/2228/38
f 5529/2218/38 5532/2228/38 5533/2216/38
f 5576/2166/38 5563/2167/38 5574/2168/38
f 5574/2168/38 5563/2167/38 5564/2169/38
f 5574/2168/38 5564/2169/38 5573/2170/38
f 5573/2170/38 5564/2169/38 5568/2171/38
f 5573/2170/38 5568/2171/38 5569/2172/38
f 5564/2169/38 5565/2173/38 5568/2171/38
f 5568/2171/38 5565/2173/38 5566/2174/82
f 5568/2171/38 5566/2174/82 5567/2175/38
f 5570/2176/38 5571/2177/51 5569/2172/38
f 5569/2172/38 5571/2177/51 5572/2178/38
f 5569/2172/38 5572/2178/38 5573/2170/38
f 5574/2168/38 5575/2179/38 5576/2166/38
f 5637/2214/38 5623/2215/38 5636/2216/38
f 5636/2216/38 5623/2215/38 5624/2217/38
f 5636/2216/38 5624/2217/38 5632/2218/38
f 5632/2218/38 5624/2217/38 5628/2219/38
f 5632/2218/38 5628/2219/38 5631/2220/38
f 5631/2220/38 5628/2219/38 5629/2221/38
f 5631/2220/38 5629/2221/38 5630/2222/38
f 5624/2217/38 5625/2223/38 5628/2219/38
f 5628/2219/38 5625/2223/38 5626/2224/38
f 5628/2219/38 5626/2224/38 5627/2225/87
f 5633/2226/38 5634/2227/51 5632/2218/38
f 5632/2218/38 5634/2227/51 5635/2228/38
f 5632/2218/38 5635/2228/38 5636/2216/38
f 5679/2166/38 5666/2167/38 5677/2168/38
f 5677/2168/38 5666/2167/38 5667/2169/38
f 5677/2168/38 5667/2169/38 5676/2170/38
f 5676/2170/38 5667/2169/38 5671/2171/38
f 5676/2170/38 5671/2171/38 5672/2172/38
f 5667/2169/38 5668/2173/38 5671/2171/38
f 5671/2171/38 5668/2173/38 5669/2174/82
f 5671/2171/38 5669/2174/82 5670/2175/38
f 5673/2176/38 5674/2177/51 5672/2172/38
f 5672/2172/38 5674/2177/51 5675/2178/38
f 5672/2172/38 5675/2178/38 5676/2170/38
f 5677/2168/38 5678/2179/38 5679/2166/38
f 5740/2214/38 5726/2215/38 5739/2216/38
f 5739/2216/38 5726/2215/38 5727/2217/38
f 5739/2216/38 5727/2217/38 5735/2218/38
f 5735/2218/38 5727/2217/38 5731/2219/38
f 5735/2218/38 5731/2219/38 5734/2220/38
f 5734/2220/38 5731/2219/38 5732/2221/38
f 5734/2220/38 5732/2221/38 5733/2222/38
f 5727/2217/38 5728/2223/38 5731/2219/38
f 5731/2219/38 5728/2223/38 5729/2224/38
f 5731/2219/38 5729/2224/38 5730/2225/87
f 5736/2226/38 5737/2227/51 5735/2218/38
f 5735/2218/38 5737/2227/51 5738/2228/38
f 5735/2218/38 5738/2228/38 5739/2216/38
f 5782/2166/38 5769/2167/38 5780/2168/38
f 5780/2168/38 5769/2167/38 5770/2169/38
f 5780/2168/38 5770/2169/38 5779/2170/38
f 5779/2170/38 5770/2169/38 5774/2171/38
f 5779/2170/38 5774/2171/38 5775/2172/38
f 5770/2169/38 5771/2173/51 5774/2171/38
f 5774/2171/38 5771/2173/51 5772/2174/82
f 5774/2171/38 5772/2174/82 5773/2175/51
f 5776/2176/38 5777/2177/51 5775/2172/38
f 5775/2172/38 5777/2177/51 5778/2178/82
f 5775/2172/38 5778/2178/82 5779/2170/38
f 5780/2168/38 5781/2179/38 5782/2166/38
f 5843/2214/38 5829/2215/38 5842/2216/38
f 5842/2216/38 5829/2215/38 5830/2217/38
f 5842/2216/38 5830/2217/38 5838/2218/38
f 5838/2218/38 5830/2217/38 5834/2219/38
f 5838/2218/38 5834/2219/38 5837/2220/38
f 5837/2220/38 5834/2219/38 5835/2221/38
f 5837/2220/38 5835/2221/38 5836/2222/38
f 5830/2217/38 5831/2223/38 5834/2219/38
f 5834/2219/38 5831/2223/38 5832/2224/51
f 5834/2219/38 5832/2224/51 5833/2225/38
f 5839/2226/38 5840/2227/38 5838/2218/38
f 5838/2218/38 5840/2227/38 5841/2228/38
f 5838/2218/38 5841/2228/38 5842/2216/38
f 5885/2166/38 5872/2167/38 5883/2168/38
f 5883/2168/38 5872/2167/38 5873/2169/38
f 5883/2168/38 5873/2169/38 5882/2170/38
f 5882/2170/38 5873/2169/38 5877/2171/38
f 5882/2170/38 5877/2171/38 5878/2172/38
f 5873/2169/38 5874/2173/51 5877/2171/38
f 5877/2171/38 5874/2173/51 5875/2174/82
f 5877/2171/38 5875/2174/82 5876/2175/51
f 5879/2176/38 5880/2177/51 5878/2172/38
f 5878/2172/38 5880/2177/51 5881/2178/82
f 5878/2172/38 5881/2178/82 5882/2170/38
f 5883/2168/38 5884/2179/38 5885/2166/38
f 5946/2214/38 5932/2215/38 5945/2216/38
f 5945/2216/38 5932/2215/38 5933/2217/38
f 5945/2216/38 5933/2217/38 5941/2218/38
f 5941/2218/38 5933/2217/38 5937/2219/38
f 5941/2218/38 5937/2219/38 5940/2220/38
f 5940/2220/38 5937/2219/38 5938/2221/38
f 5940/2220/38 5938/2221/38 5939/2222/38
f 5933/2217/38 5934/2223/38 5937/2219/38
f 5937/2219/38 5934/2223/38 5935/2224/51
f 5937/2219/38 5935/2224/51 5936/2225/38
f 5942/2226/38 5943/2227/38 5941/2218/38
f 5941/2218/38 5943/2227/38 5944/2228/38
f 5941/2218/38 5944/2228/38 5945/2216/38
f 5988/2166/38 5975/2167/38 5986/2168/38
f 5986/2168/38 5975/2167/38 5976/2169/38
f 5986/2168/38 5976/2169/38 5985/2170/38
f 5985/2170/38 5976/2169/38 5980/2171/38
f 5985/2170/38 5980/2171/38 5981/2172/38
f 5976/2169/38 5977/2173/51 5980/2171/38
f 5980/2171/38 5977/2173/51 5978/2174/82
f 5980/2171/38 5978/2174/82 5979/2175/51
f 5982/2176/38 5983/2177/51 5981/2172/38
f 5981/2172/38 5983/2177/51 5984/2178/82
f 5981/2172/38 5984/2178/82 5985/2170/38
f 5986/2168/38 5987/2179/38 5988/2166/38
f 6049/2214/38 6035/2215/38 6048/2216/38
f 6048/2216/38 6035/2215/38 6036/2217/38
f 6048/2216/38 6036/2217/38 6044/2218/38
f 6044/2218/38 6036/2217/38 6040/2219/38
f 6044/2218/38 6040/2219/38 6043/2220/38
f 6043/2220/38 6040/2219/38 6041/2221/38
f 6043/2220/38 6041/2221/38 6042/2222/38
f 6036/2217/38 6037/2223/38 6040/2219/38
f 6040/2219/38 6037/2223/38 6038/2224/51
f 6040/2219/38 6038/2224/51 6039/2225/38
f 6045/2226/38 6046/2227/38 6044/2218/38
f 6044/2218/38 6046/2227/38 6047/2228/38
f 6044/2218/38 6047/2228/38 6048/2216/38
f 6221/2272/38 6296/2273/38 6220/2274/38
f 6220/2274/38 6296/2273/38 6273/2275/38
f 6220/2274/38 6273/2275/38 6272/2276/38
f 6272/2276/38 6273/2275/38 6271/2277/38
f 6271/2277/38 6273/2275/38 6270/2278/38
f 6270/2278/38 6273/2275/38 6265/2279/38
f 6270/2278/38 6265/2279/38 6269/2280/38
f 6269/2280/38 6265/2279/38 6268/2281/38
f 6268/2281/38 6265/2279/38 6267/2282/38
f 6267/2282/38 6265/2279/38 6266/2283/38
f 6296/2273/38 6221/2272/38 6227/2284/38
f 6227/2284/38 6221/2272/38 6222/2285/51
f 6227/2284/38 6222/2285/51 6223/2286/38
f 6223/2286/38 6224/2287/38 6227/2284/38
f 6227/2284/38 6224/2287/38 6225/2288/38
f 6227/2284/38 6225/2288/38 6226/2289/38
f 6227/2284/38 6228/2290/82 6296/2273/38
f 6296/2273/38 6228/2290/82 6229/2291/38
f 6296/2273/38 6229/2291/38 6230/2292/38
f 6296/2273/38 6230/2292/38 6291/2293/38
f 6291/2293/38 6230/2292/38 6231/2294/38
f 6291/2293/38 6231/2294/38 6232/2295/38
f 6232/2295/38 6233/2296/38 6291/2293/38
f 6291/2293/38 6233/2296/38 6290/2297/38
f 6290/2297/38 6233/2296/38 6234/2298/38
f 6290/2297/38 6234/2298/38 6235/2299/38
f 6235/2299/38 6236/2300/38 6290/2297/38
f 6290/2297/38 6236/2300/38 6285/2301/38
f 6290/2297/38 6285/2301/38 6289/2302/82
f 6289/2302/82 6285/2301/38 6288/2303/38
f 6288/2303/38 6285/2301/38 6287/2304/51
f 6287/2304/51 6285/2301/38 6286/2305/38
f 6236/2300/38 6237/2306/38 6285/2301/38
f 6285/2301/38 6237/2306/38 6238/2307/38
f 6285/2301/38 6238/2307/38 6239/2308/38
f 6240/2309/38 6241/2310/38 6239/2308/38
f 6239/2308/38 6241/2310/38 6242/2311/38
f 6239/2308/38 6242/2311/38 6243/2312/38
f 6243/2312/38 6244/2313/38 6239/2308/38
f 6239/2308/38 6244/2313/38 6245/2314/38
f 6239/2308/38 6245/2314/38 6285/2301/38
f 6285/2301/38 6245/2314/38 6246/2315/38
f 6285/2301/38 6246/2315/38 6284/2316/38
f 6284/2316/38 6246/2315/38 6247/2317/38
f 6284/2316/38 6247/2317/38 6248/2318/38
f 6248/2318/38 6249/2319/38 6284/2316/38
f 6284/2316/38 6249/2319/38 6254/2320/38
f 6284/2316/38 6254/2320/38 6255/2321/38
f 6249/2319/38 6250/2322/38 6254/2320/38
f 6254/2320/38 6250/2322/38 6251/2323/38
f 6254/2320/38 6251/2323/38 6252/2324/38
f 6252/2324/38 6253/2325/38 6254/2320/38
f 6284/2316/38 6255/2321/38 6279/2326/38
f 6279/2326/38 6255/2321/38 6256/2327/38
f 6279/2326/38 6256/2327/38 6257/2328/38
f 6257/2328/38 6258/2329/38 6279/2326/38
f 6279/2326/38 6258/2329/38 6259/2330/38
f 6279/2326/38 6259/2330/38 6278/2331/38
f 6278/2331/38 6259/2330/38 6260/2332/38
f 6278/2331/38 6260/2332/38 6261/2333/38
f 6261/2333/38 6262/2334/38 6278/2331/38
f 6278/2331/38 6262/2334/38 6263/2335/38
f 6278/2331/38 6263/2335/38 6264/2336/38
f 6278/2331/38 6264/2336/38 6273/2275/38
f 6273/2275/38 6264/2336/38 6265/2279/38
f 6274/2337/38 6275/2338/51 6273/2275/38
f 6273/2275/38 6275/2338/51 6276/2339/38
f 6273/2275/38 6276/2339/38 6277/2340/38
f 6277/2340/38 6278/2331/38 6273/2275/38
f 6279/2326/38 6280/2341/38 6284/2316/38
f 6284/2316/38 6280/2341/38 6281/2342/38
f 6284/2316/38 6281/2342/38 6282/2343/82
f 6282/2343/82 6283/2344/38 6284/2316/38
f 6291/2293/38 6292/2345/51 6296/2273/38
f 6296/2273/38 6292/2345/51 6293/2346/82
f 6296/2273/38 6293/2346/82 6294/2347/82
f 6294/2347/82 6295/2348/38 6296/2273/38
f 6474/2272/38 6549/2273/38 6473/2274/38
f 6473/2274/38 6549/2273/38 6526/2275/38
f 6473/2274/38 6526/2275/38 6525/2276/38
f 6525/2276/38 6526/2275/38 6524/2277/38
f 6524/2277/38 6526/2275/38 6523/2278/38
f 6523/2278/38 6526/2275/38 6518/2279/38
f 6523/2278/38 6518/2279/38 6522/2280/38
f 6522/2280/38 6518/2279/38 6521/2281/38
f 6521/2281/38 6518/2279/38 6520/2282/38
f 6520/2282/38 6518/2279/38 6519/2283/38
f 6549/2273/38 6474/2272/38 6480/2284/38
f 6480/2284/38 6474/2272/38 6475/2285/51
f 6480/2284/38 6475/2285/51 6476/2286/38
f 6476/2286/38 6477/2287/38 6480/2284/38
f 6480/2284/38 6477/2287/38 6478/2288/38
f 6480/2284/38 6478/2288/38 6479/2289/38
f 6480/2284/38 6481/2290/82 6549/2273/38
f 6549/2273/38 6481/2290/82 6482/2291/38
f 6549/2273/38 6482/2291/38 6483/2292/38
f 6549/2273/38 6483/2292/38 6544/2293/38
f 6544/2293/38 6483/2292/38 6484/2294/38
f 6544/2293/38 6484/2294/38 6485/2295/38
f 6485/2295/38 6486/2296/38 6544/2293/38
f 6544/2293/38 6486/2296/38 6543/2297/38
f 6543/2297/38 6486/2296/38 6487/2298/38
f 6543/2297/38 6487/2298/38 6488/2299/38
f 6488/2299/38 6489/2300/38 6543/2297/38
f 6543/2297/38 6489/2300/38 6538/2301/38
f 6543/2297/38 6538/2301/38 6542/2302/82
f 6542/2302/82 6538/2301/38 6541/2303/38
f 6541/2303/38 6538/2301/38 6540/2304/51
f 6540/2304/51 6538/2301/38 6539/2305/38
f 6489/2300/38 6490/2306/38 6538/2301/38
f 6538/2301/38 6490/2306/38 6491/2307/38
f 6538/2301/38 6491/2307/38 6492/2308/38
f 6493/2309/38 6494/2310/38 6492/2308/38
f 6492/2308/38 6494/2310/38 6495/2311/38
f 6492/2308/38 6495/2311/38 6496/2312/38
f 6496/2312/38 6497/2313/38 6492/2308/38
f 6492/2308/38 6497/2313/38 6498/2314/38
f 6492/2308/38 6498/2314/38 6538/2301/38
f 6538/2301/38 6498/2314/38 6499/2315/38
f 6538/2301/38 6499/2315/38 6537/2316/38
f 6537/2316/38 6499/2315/38 6500/2317/38
f 6537/2316/38 6500/2317/38 6501/2318/38
f 6501/2318/38 6502/2319/38 6537/2316/38
f 6537/2316/38 6502/2319/38 6507/2320/38
f 6537/2316/38 6507/2320/38 6508/2321/38
f 6502/2319/38 6503/2322/38 6507/2320/38
f 6507/2320/38 6503/2322/38 6504/2323/38
f 6507/2320/38 6504/2323/38 6505/2324/38
f 6505/2324/38 6506/2325/38 6507/2320/38
f 6537/2316/38 6508/2321/38 6532/2326/38
f 6532/2326/38 6508/2321/38 6509/2327/38
f 6532/2326/38 6509/2327/38 6510/2328/38
f 6510/2328/38 6511/2329/38 6532/2326/38
f 6532/2326/38 6511/2329/38 6512/2330/38
f 6532/2326/38 6512/2330/38 6531/2331/38
f 6531/2331/38 6512/2330/38 6513/2355/38
f 6531/2331/38 6513/2355/38 6514/2333/38
f 6514/2333/38 6515/2334/38 6531/2331/38
f 6531/2331/38 6515/2334/38 6516/2335/38
f 6531/2331/38 6516/2335/38 6517/2336/38
f 6531/2331/38 6517/2336/38 6526/2275/38
f 6526/2275/38 6517/2336/38 6518/2279/38
f 6527/2337/38 6528/2338/51 6526/2275/38
f 6526/2275/38 6528/2338/51 6529/2339/38
f 6526/2275/38 6529/2339/38 6530/2340/38
f 6530/2340/38 6531/2331/38 6526/2275/38
f 6532/2326/38 6533/2341/38 6537/2316/38
f 6537/2316/38 6533/2341/38 6534/2342/38
f 6537/2316/38 6534/2342/38 6535/2343/82
f 6535/2343/82 6536/2344/38 6537/2316/38
f 6544/2293/38 6545/2345/51 6549/2273/38
f 6549/2273/38 6545/2345/51 6546/2346/82
f 6549/2273/38 6546/2346/82 6547/2347/82
f 6547/2347/82 6548/2348/38 6549/2273/38
f 6735/2272/38 6810/2273/38 6734/2274/38
f 6734/2274/38 6810/2273/38 6787/2275/38
f 6734/2274/38 6787/2275/38 6786/2276/38
f 6786/2276/38 6787/2275/38 6785/2277/38
f 6785/2277/38 6787/2275/38 6784/2278/38
f 6784/2278/38 6787/2275/38 6779/2279/38
f 6784/2278/38 6779/2279/38 6783/2280/38
f 6783/2280/38 6779/2279/38 6782/2281/38
f 6782/2281/38 6779/2279/38 6781/2282/38
f 6781/2282/38 6779/2279/38 6780/2283/38
f 6810/2273/38 6735/2272/38 6741/2284/38
f 6741/2284/38 6735/2272/38 6736/2285/51
f 6741/2284/38 6736/2285/51 6737/2286/38
f 6737/2286/38 6738/2287/38 6741/2284/38
f 6741/2284/38 6738/2287/38 6739/2288/38
f 6741/2284/38 6739/2288/38 6740/2289/38
f 6741/2284/38 6742/2290/82 6810/2273/38
f 6810/2273/38 6742/2290/82 6743/2291/38
f 6810/2273/38 6743/2291/38 6744/2292/38
f 6810/2273/38 6744/2292/38 6805/2293/38
f 6805/2293/38 6744/2292/38 6745/2294/38
f 6805/2293/38 6745/2294/38 6746/2295/38
f 6746/2295/38 6747/2296/38 6805/2293/38
f 6805/2293/38 6747/2296/38 6804/2297/38
f 6804/2297/38 6747/2296/38 6748/2298/38
f 6804/2297/38 6748/2298/38 6749/2299/38
f 6749/2299/38 6750/2300/38 6804/2297/38
f 6804/2297/38 6750/2300/38 6799/2301/38
f 6804/2297/38 6799/2301/38 6803/2302/82
f 6803/2302/82 6799/2301/38 6802/2303/38
f 6802/2303/38 6799/2301/38 6801/2304/51
f 6801/2304/51 6799/2301/38 6800/2305/38
f 6750/2300/38 6751/2306/38 6799/2301/38
f 6799/2301/38 6751/2306/38 6752/2307/38
f 6799/2301/38 6752/2307/38 6753/2308/38
f 6754/2309/38 6755/2310/38 6753/2308/38
f 6753/2308/38 6755/2310/38 6756/2311/38
f 6753/2308/38 6756/2311/38 6757/2312/38
f 6757/2312/38 6758/2313/38 6753/2308/38
f 6753/2308/38 6758/2313/38 6759/2314/38
f 6753/2308/38 6759/2314/38 6799/2301/38
f 6799/2301/38 6759/2314/38 6760/2315/38
f 6799/2301/38 6760/2315/38 6798/2316/38
f 6798/2316/38 6760/2315/38 6761/2317/38
f 6798/2316/38 6761/2317/38 6762/2318/38
f 6762/2318/38 6763/2319/38 6798/2316/38
f 6798/2316/38 6763/2319/38 6768/2320/38
f 6798/2316/38 6768/2320/38 6769/2321/38
f 6763/2319/38 6764/2322/38 6768/2320/38
f 6768/2320/38 6764/2322/38 6765/2323/38
f 6768/2320/38 6765/2323/38 6766/2324/38
f 6766/2324/38 6767/2325/38 6768/2320/38
f 6798/2316/38 6769/2321/38 6793/2326/38
f 6793/2326/38 6769/2321/38 6770/2327/38
f 6793/2326/38 6770/2327/38 6771/2328/38
f 6771/2328/38 6772/2329/38 6793/2326/38
f 6793/2326/38 6772/2329/38 6773/2330/38
f 6793/2326/38 6773/2330/38 6792/2331/38
f 6792/2331/38 6773/2330/38 6774/2332/38
f 6792/2331/38 6774/2332/38 6775/2333/38
f 6775/2333/38 6776/2334/38 6792/2331/38
f 6792/2331/38 6776/2334/38 6777/2335/38
f 6792/2331/38 6777/2335/38 6778/2336/38
f 6792/2331/38 6778/2336/38 6787/2275/38
f 6787/2275/38 6778/2336/38 6779/2279/38
f 6788/2337/38 6789/2338/51 6787/2275/38
f 6787/2275/38 6789/2338/51 6790/2339/38
f 6787/2275/38 6790/2339/38 6791/2340/38
f 6791/2340/38 6792/2331/38 6787/2275/38
f 6793/2326/38 6794/2341/38 6798/2316/38
f 6798/2316/38 6794/2341/38 6795/2342/38
f 6798/2316/38 6795/2342/38 6796/2343/82
f 6796/2343/82 6797/2344/38 6798/2316/38
f 6805/2293/38 6806/2345/51 6810/2273/38
f 6810/2273/38 6806/2345/51 6807/2346/82
f 6810/2273/38 6807/2346/82 6808/2347/82
f 6808/2347/82 6809/2348/38 6810/2273/38
f 6982/2272/38 7057/2273/38 6981/2274/38
f 6981/2274/38 7057/2273/38 7034/2275/38
f 6981/2274/38 7034/2275/38 7033/2276/38
f 7033/2276/38 7034/2275/38 7032/2277/38
f 7032/2277/38 7034/2275/38 7031/2278/38
f 7031/2278/38 7034/2275/38 7026/2279/38
f 7031/2278/38 7026/2279/38 7030/2280/38
f 7030/2280/38 7026/2279/38 7029/2281/38
f 7029/2281/38 7026/2279/38 7028/2282/38
f 7028/2282/38 7026/2279/38 7027/2283/38
f 7057/2273/38 6982/2272/38 6988/2284/38
f 6988/2284/38 6982/2272/38 6983/2285/82
f 6988/2284/38 6983/2285/82 6984/2286/38
f 6984/2286/38 6985/2287/38 6988/2284/38
f 6988/2284/38 6985/2287/38 6986/2288/38
f 6988/2284/38 6986/2288/38 6987/2289/38
f 6988/2284/38 6989/2290/38 7057/2273/38
f 7057/2273/38 6989/2290/38 6990/2291/38
f 7057/2273/38 6990/2291/38 6991/2292/38
f 7057/2273/38 6991/2292/38 7052/2293/38
f 7052/2293/38 6991/2292/38 6992/2294/38
f 7052/2293/38 6992/2294/38 6993/2295/38
f 6993/2295/38 6994/2296/38 7052/2293/38
f 7052/2293/38 6994/2296/38 7051/2297/38
f 7051/2297/38 6994/2296/38 6995/2298/38
f 7051/2297/38 6995/2298/38 6996/2299/38
f 6996/2299/38 6997/2300/38 7051/2297/38
f 7051/2297/38 6997/2300/38 7046/2301/38
f 7051/2297/38 7046/2301/38 7050/2302/38
f 7050/2302/38 7046/2301/38 7049/2303/38
f 7049/2303/38 7046/2301/38 7048/2304/82
f 7048/2304/82 7046/2301/38 7047/2305/38
f 6997/2300/38 6998/2306/38 7046/2301/38
f 7046/2301/38 6998/2306/38 6999/2307/38
f 7046/2301/38 6999/2307/38 7000/2308/38
f 7001/2309/38 7002/2310/38 7000/2308/38
f 7000/2308/38 7002/2310/38 7003/2311/38
f 7000/2308/38 7003/2311/38 7004/2312/38
f 7004/2312/38 7005/2313/51 7000/2308/38
f 7000/2308/38 7005/2313/51 7006/2314/38
f 7000/2308/38 7006/2314/38 7046/2301/38
f 7046/2301/38 7006/2314/38 7007/2315/38
f 7046/2301/38 7007/2315/38 7045/2316/38
f 7045/2316/38 7007/2315/38 7008/2317/38
f 7045/2316/38 7008/2317/38 7009/2318/38
f 7009/2318/38 7010/2319/38 7045/2316/38
f 7045/2316/38 7010/2319/38 7015/2320/38
f 7045/2316/38 7015/2320/38 7016/2321/38
f 7010/2319/38 7011/2322/38 7015/2320/38
f 7015/2320/38 7011/2322/38 7012/2323/38
f 7015/2320/38 7012/2323/38 7013/2324/38
f 7013/2324/38 7014/2325/38 7015/2320/38
f 7045/2316/38 7016/2321/38 7040/2326/38
f 7040/2326/38 7016/2321/38 7017/2327/38
f 7040/2326/38 7017/2327/38 7018/2328/38
f 7018/2328/38 7019/2329/38 7040/2326/38
f 7040/2326/38 7019/2329/38 7020/2330/38
f 7040/2326/38 7020/2330/38 7039/2331/38
f 7039/2331/38 7020/2330/38 7021/2332/38
f 7039/2331/38 7021/2332/38 7022/2333/38
f 7022/2333/38 7023/2334/38 7039/2331/38
f 7039/2331/38 7023/2334/38 7024/2335/38
f 7039/2331/38 7024/2335/38 7025/2336/38
f 7039/2331/38 7025/2336/38 7034/2275/38
f 7034/2275/38 7025/2336/38 7026/2279/38
f 7035/2337/82 7036/2338/38 7034/2275/38
f 7034/2275/38 7036/2338/38 7037/2339/82
f 7034/2275/38 7037/2339/82 7038/2340/51
f 7038/2340/51 7039/2331/38 7034/2275/38
f 7040/2326/38 7041/2341/82 7045/2316/38
f 7045/2316/38 7041/2341/82 7042/2342/51
f 7045/2316/38 7042/2342/51 7043/2343/51
f 7043/2343/51 7044/2344/52 7045/2316/38
f 7052/2293/38 7053/2345/38 7057/2273/38
f 7057/2273/38 7053/2345/38 7054/2346/38
f 7057/2273/38 7054/2346/38 7055/2347/51
f 7055/2347/51 7056/2348/38 7057/2273/38
f 7235/2272/38 7310/2273/38 7234/2274/38
f 7234/2274/38 7310/2273/38 7287/2275/38
f 7234/2274/38 7287/2275/38 7286/2276/38
f 7286/2276/38 7287/2275/38 7285/2277/38
f 7285/2277/38 7287/2275/38 7284/2278/38
f 7284/2278/38 7287/2275/38 7279/2279/38
f 7284/2278/38 7279/2279/38 7283/2280/38
f 7283/2280/38 7279/2279/38 7282/2281/38
f 7282/2281/38 7279/2279/38 7281/2282/38
f 7281/2282/38 7279/2279/38 7280/2283/38
f 7310/2273/38 7235/2272/38 7241/2284/38
f 7241/2284/38 7235/2272/38 7236/2285/82
f 7241/2284/38 7236/2285/82 7237/2286/38
f 7237/2286/38 7238/2287/38 7241/2284/38
f 7241/2284/38 7238/2287/38 7239/2288/38
f 7241/2284/38 7239/2288/38 7240/2289/38
f 7241/2284/38 7242/2290/38 7310/2273/38
f 7310/2273/38 7242/2290/38 7243/2291/38
f 7310/2273/38 7243/2291/38 7244/2292/38
f 7310/2273/38 7244/2292/38 7305/2293/38
f 7305/2293/38 7244/2292/38 7245/2294/38
f 7305/2293/38 7245/2294/38 7246/2295/38
f 7246/2295/38 7247/2296/38 7305/2293/38
f 7305/2293/38 7247/2296/38 7304/2297/38
f 7304/2297/38 7247/2296/38 7248/2298/38
f 7304/2297/38 7248/2298/38 7249/2299/38
f 7249/2299/38 7250/2300/38 7304/2297/38
f 7304/2297/38 7250/2300/38 7299/2301/38
f 7304/2297/38 7299/2301/38 7303/2302/38
f 7303/2302/38 7299/2301/38 7302/2303/38
f 7302/2303/38 7299/2301/38 7301/2304/82
f 7301/2304/82 7299/2301/38 7300/2305/38
f 7250/2300/38 7251/2306/38 7299/2301/38
f 7299/2301/38 7251/2306/38 7252/2307/38
f 7299/2301/38 7252/2307/38 7253/2308/38
f 7254/2309/38 7255/2310/38 7253/2308/38
f 7253/2308/38 7255/2310/38 7256/2311/38
f 7253/2308/38 7256/2311/38 7257/2312/38
f 7257/2312/38 7258/2313/51 7253/2308/38
f 7253/2308/38 7258/2313/51 7259/2314/38
f 7253/2308/38 7259/2314/38 7299/2301/38
f 7299/2301/38 7259/2314/38 7260/2315/38
f 7299/2301/38 7260/2315/38 7298/2316/38
f 7298/2316/38 7260/2315/38 7261/2317/38
f 7298/2316/38 7261/2317/38 7262/2318/38
f 7262/2318/38 7263/2319/38 7298/2316/38
f 7298/2316/38 7263/2319/38 7268/2320/38
f 7298/2316/38 7268/2320/38 7269/2321/38
f 7263/2319/38 7264/2322/38 7268/2320/38
f 7268/2320/38 7264/2322/38 7265/2323/38
f 7268/2320/38 7265/2323/38 7266/2324/38
f 7266/2324/38 7267/2325/38 7268/2320/38
f 7298/2316/38 7269/2321/38 7293/2326/38
f 7293/2326/38 7269/2321/38 7270/2327/38
f 7293/2326/38 7270/2327/38 7271/2328/38
f 7271/2328/38 7272/2329/38 7293/2326/38
f 7293/2326/38 7272/2329/38 7273/2330/38
f 7293/2326/38 7273/2330/38 7292/2331/38
f 7292/2331/38 7273/2330/38 7274/2355/38
f 7292/2331/38 7274/2355/38 7275/2333/38
f 7275/2333/38 7276/2334/38 7292/2331/38
f 7292/2331/38 7276/2334/38 7277/2335/38
f 7292/2331/38 7277/2335/38 7278/2336/38
f 7292/2331/38 7278/2336/38 7287/2275/38
f 7287/2275/38 7278/2336/38 7279/2279/38
f 7288/2337/82 7289/2338/38 7287/2275/38
f 7287/2275/38 7289/2338/38 7290/2339/82
f 7287/2275/38 7290/2339/82 7291/2340/51
f 7291/2340/51 7292/2331/38 7287/2275/38
f 7293/2326/38 7294/2341/82 7298/2316/38
f 7298/2316/38 7294/2341/82 7295/2342/51
f 7298/2316/38 7295/2342/51 7296/2343/51
f 7296/2343/51 7297/2344/52 7298/2316/38
f 7305/2293/38 7306/2345/38 7310/2273/38
f 7310/2273/38 7306/2345/38 7307/2346/38
f 7310/2273/38 7307/2346/38 7308/2347/51
f 7308/2347/51 7309/2348/38 7310/2273/38
f 7489/2272/38 7564/2273/38 7488/2274/38
f 7488/2274/38 7564/2273/38 7541/2275/38
f 7488/2274/38 7541/2275/38 7540/2276/38
f 7540/2276/38 7541/2275/38 7539/2277/38
f 7539/2277/38 7541/2275/38 7538/2278/38
f 7538/2278/38 7541/2275/38 7533/2279/38
f 7538/2278/38 7533/2279/38 7537/2280/38
f 7537/2280/38 7533/2279/38 7536/2281/38
f 7536/2281/38 7533/2279/38 7535/2282/38
f 7535/2282/38 7533/2279/38 7534/2283/38
f 7564/2273/38 7489/2272/38 7495/2284/38
f 7495/2284/38 7489/2272/38 7490/2285/82
f 7495/2284/38 7490/2285/82 7491/2286/38
f 7491/2286/38 7492/2287/38 7495/2284/38
f 7495/2284/38 7492/2287/38 7493/2288/38
f 7495/2284/38 7493/2288/38 7494/2289/38
f 7495/2284/38 7496/2290/38 7564/2273/38
f 7564/2273/38 7496/2290/38 7497/2291/38
f 7564/2273/38 7497/2291/38 7498/2292/38
f 7564/2273/38 7498/2292/38 7559/2293/38
f 7559/2293/38 7498/2292/38 7499/2294/38
f 7559/2293/38 7499/2294/38 7500/2295/38
f 7500/2295/38 7501/2296/38 7559/2293/38
f 7559/2293/38 7501/2296/38 7558/2297/38
f 7558/2297/38 7501/2296/38 7502/2298/38
f 7558/2297/38 7502/2298/38 7503/2299/38
f 7503/2299/38 7504/2300/38 7558/2297/38
f 7558/2297/38 7504/2300/38 7553/2301/38
f 7558/2297/38 7553/2301/38 7557/2302/38
f 7557/2302/38 7553/2301/38 7556/2303/38
f 7556/2303/38 7553/2301/38 7555/2304/82
f 7555/2304/82 7553/2301/38 7554/2305/38
f 7504/2300/38 7505/2306/38 7553/2301/38
f 7553/2301/38 7505/2306/38 7506/2307/38
f 7553/2301/38 7506/2307/38 7507/2308/38
f 7508/2309/38 7509/2310/38 7507/2308/38
f 7507/2308/38 7509/2310/38 7510/2311/38
f 7507/2308/38 7510/2311/38 7511/2312/38
f 7511/2312/38 7512/2313/51 7507/2308/38
f 7507/2308/38 7512/2313/51 7513/2314/38
f 7507/2308/38 7513/2314/38 7553/2301/38
f 7553/2301/38 7513/2314/38 7514/2315/38
f 7553/2301/38 7514/2315/38 7552/2316/38
f 7552/2316/38 7514/2315/38 7515/2317/38
f 7552/2316/38 7515/2317/38 7516/2318/38
f 7516/2318/38 7517/2319/38 7552/2316/38
f 7552/2316/38 7517/2319/38 7522/2320/38
f 7552/2316/38 7522/2320/38 7523/2321/38
f 7517/2319/38 7518/2322/38 7522/2320/38
f 7522/2320/38 7518/2322/38 7519/2323/38
f 7522/2320/38 7519/2323/38 7520/2324/38
f 7520/2324/38 7521/2325/38 7522/2320/38
f 7552/2316/38 7523/2321/38 7547/2326/38
f 7547/2326/38 7523/2321/38 7524/2327/38
f 7547/2326/38 7524/2327/38 7525/2328/38
f 7525/2328/38 7526/2329/38 7547/2326/38
f 7547/2326/38 7526/2329/38 7527/2330/38
f 7547/2326/38 7527/2330/38 7546/2331/38
f 7546/2331/38 7527/2330/38 7528/2332/38
f 7546/2331/38 7528/2332/38 7529/2333/38
f 7529/2333/38 7530/2334/38 7546/2331/38
f 7546/2331/38 7530/2334/38 7531/2335/38
f 7546/2331/38 7531/2335/38 7532/2336/38
f 7546/2331/38 7532/2336/38 7541/2275/38
f 7541/2275/38 7532/2336/38 7533/2279/38
f 7542/2337/51 7543/2338/38 7541/2275/38
f 7541/2275/38 7543/2338/38 7544/2339/82
f 7541/2275/38 7544/2339/82 7545/2340/51
f 7545/2340/51 7546/2331/38 7541/2275/38
f 7547/2326/38 7548/2341/82 7552/2316/38
f 7552/2316/38 7548/2341/82 7549/2342/51
f 7552/2316/38 7549/2342/51 7550/2343/51
f 7550/2343/51 7551/2344/52 7552/2316/38
f 7559/2293/38 7560/2345/38 7564/2273/38
f 7564/2273/38 7560/2345/38 7561/2346/38
f 7564/2273/38 7561/2346/38 7562/2347/51
f 7562/2347/51 7563/2348/38 7564/2273/38
f 7811/2214/38 7797/2215/38 7810/2216/38
f 7810/2216/38 7797/2215/38 7798/2217/38
f 7810/2216/38 7798/2217/38 7806/2218/38
f 7806/2218/38 7798/2217/38 7802/2219/38
f 7806/2218/38 7802/2219/38 7805/2220/38
f 7805/2220/38 7802/2219/38 7803/2221/38
f 7805/2220/38 7803/2221/38 7804/2222/38
f 7798/2217/38 7799/2223/38 7802/2219/38
f 7802/2219/38 7799/2223/38 7800/2224/51
f 7802/2219/38 7800/2224/51 7801/2225/38
f 7807/2226/38 7808/2227/38 7806/2218/38
f 7806/2218/38 7808/2227/38 7809/2228/38
f 7806/2218/38 7809/2228/38 7810/2216/38
f 7853/2166/38 7840/2167/38 7851/2168/38
f 7851/2168/38 7840/2167/38 7841/2169/38
f 7851/2168/38 7841/2169/38 7850/2170/38
f 7850/2170/38 7841/2169/38 7845/2171/38
f 7850/2170/38 7845/2171/38 7846/2172/38
f 7841/2169/38 7842/2173/51 7845/2171/38
f 7845/2171/38 7842/2173/51 7843/2174/82
f 7845/2171/38 7843/2174/82 7844/2175/51
f 7847/2176/38 7848/2177/51 7846/2172/38
f 7846/2172/38 7848/2177/51 7849/2178/82
f 7846/2172/38 7849/2178/82 7850/2170/38
f 7851/2168/38 7852/2179/38 7853/2166/38
f 8039/2272/38 8114/2273/38 8038/2274/38
f 8038/2274/38 8114/2273/38 8091/2275/38
f 8038/2274/38 8091/2275/38 8090/2276/38
f 8090/2276/38 8091/2275/38 8089/2277/38
f 8089/2277/38 8091/2275/38 8088/2278/38
f 8088/2278/38 8091/2275/38 8083/2279/38
f 8088/2278/38 8083/2279/38 8087/2280/38
f 8087/2280/38 8083/2279/38 8086/2281/38
f 8086/2281/38 8083/2279/38 8085/2282/38
f 8085/2282/38 8083/2279/38 8084/2283/38
f 8114/2273/38 8039/2272/38 8045/2284/38
f 8045/2284/38 8039/2272/38 8040/2285/82
f 8045/2284/38 8040/2285/82 8041/2286/38
f 8041/2286/38 8042/2287/38 8045/2284/38
f 8045/2284/38 8042/2287/38 8043/2288/38
f 8045/2284/38 8043/2288/38 8044/2289/38
f 8045/2284/38 8046/2290/38 8114/2273/38
f 8114/2273/38 8046/2290/38 8047/2291/38
f 8114/2273/38 8047/2291/38 8048/2292/38
f 8114/2273/38 8048/2292/38 8109/2293/38
f 8109/2293/38 8048/2292/38 8049/2294/38
f 8109/2293/38 8049/2294/38 8050/2295/38
f 8050/2295/38 8051/2296/38 8109/2293/38
f 8109/2293/38 8051/2296/38 8108/2297/38
f 8108/2297/38 8051/2296/38 8052/2298/38
f 8108/2297/38 8052/2298/38 8053/2299/38
f 8053/2299/38 8054/2300/38 8108/2297/38
f 8108/2297/38 8054/2300/38 8103/2301/38
f 8108/2297/38 8103/2301/38 8107/2302/38
f 8107/2302/38 8103/2301/38 8106/2303/38
f 8106/2303/38 8103/2301/38 8105/2304/82
f 8105/2304/82 8103/2301/38 8104/2305/38
f 8054/2300/38 8055/2306/38 8103/2301/38
f 8103/2301/38 8055/2306/38 8056/2307/38
f 8103/2301/38 8056/2307/38 8057/2308/38
f 8058/2309/38 8059/2310/38 8057/2308/38
f 8057/2308/38 8059/2310/38 8060/2311/38
f 8057/2308/38 8060/2311/38 8061/2312/38
f 8061/2312/38 8062/2313/51 8057/2308/38
f 8057/2308/38 8062/2313/51 8063/2314/38
f 8057/2308/38 8063/2314/38 8103/2301/38
f 8103/2301/38 8063/2314/38 8064/2315/38
f 8103/2301/38 8064/2315/38 8102/2316/38
f 8102/2316/38 8064/2315/38 8065/2317/38
f 8102/2316/38 8065/2317/38 8066/2318/38
f 8066/2318/38 8067/2319/38 8102/2316/38
f 8102/2316/38 8067/2319/38 8072/2320/38
f 8102/2316/38 8072/2320/38 8073/2321/38
f 8067/2319/38 8068/2322/38 8072/2320/38
f 8072/2320/38 8068/2322/38 8069/2323/38
f 8072/2320/38 8069/2323/38 8070/2324/38
f 8070/2324/38 8071/2325/38 8072/2320/38
f 8102/2316/38 8073/2321/38 8097/2326/38
f 8097/2326/38 8073/2321/38 8074/2327/38
f 8097/2326/38 8074/2327/38 8075/2328/38
f 8075/2328/38 8076/2329/38 8097/2326/38
f 8097/2326/38 8076/2329/38 8077/2330/38
f 8097/2326/38 8077/2330/38 8096/2331/38
f 8096/2331/38 8077/2330/38 8078/2355/38
f 8096/2331/38 8078/2355/38 8079/2333/38
f 8079/2333/38 8080/2334/38 8096/2331/38
f 8096/2331/38 8080/2334/38 8081/2335/38
f 8096/2331/38 8081/2335/38 8082/2336/38
f 8096/2331/38 8082/2336/38 8091/2275/38
f 8091/2275/38 8082/2336/38 8083/2279/38
f 8092/2337/82 8093/2338/38 8091/2275/38
f 8091/2275/38 8093/2338/38 8094/2339/82
f 8091/2275/38 8094/2339/82 8095/2340/51
f 8095/2340/51 8096/2331/38 8091/2275/38
f 8097/2326/38 8098/2341/82 8102/2316/38
f 8102/2316/38 8098/2341/82 8099/2342/51
f 8102/2316/38 8099/2342/51 8100/2343/51
f 8100/2343/51 8101/2344/52 8102/2316/38
f 8109/2293/38 8110/2345/38 8114/2273/38
f 8114/2273/38 8110/2345/38 8111/2346/38
f 8114/2273/38 8111/2346/38 8112/2347/51
f 8112/2347/51 8113/2348/38 8114/2273/38
usemtl XID_Mirror_6C616A68A0274B9A95C3EA6BF31EFE52
f 68/38/8 69/39/8 67/40/8
f 67/40/8 69/39/8 70/41/8
f 5036/1973/38 5037/1974/38 5039/1975/38
f 5039/1975/38 5037/1974/38 5038/1976/38
f 5335/2122/38 5336/2123/51 5334/2124/38
f 5334/2124/38 5336/2123/51 5337/2125/82
f 5334/2124/38 5337/2125/82 5338/2126/51
f 5338/2126/51 5339/2127/38 5334/2124/38
f 5334/2124/38 5339/2127/38 5363/2128/38
f 5363/2128/38 5339/2127/38 5362/2129/38
f 5362/2129/38 5339/2127/38 5340/2130/38
f 5362/2129/38 5340/2130/38 5361/2131/38
f 5361/2131/38 5340/2130/38 5345/2132/38
f 5361/2131/38 5345/2132/38 5346/2133/38
f 5340/2130/38 5341/2134/38 5345/2132/38
f 5345/2132/38 5341/2134/38 5342/2135/51
f 5345/2132/38 5342/2135/51 5343/2136/38
f 5343/2136/38 5344/2137/38 5345/2132/38
f 5347/2138/38 5348/2139/38 5346/2133/38
f 5346/2133/38 5348/2139/38 5349/2140/82
f 5346/2133/38 5349/2140/82 5350/2141/38
f 5350/2141/38 5351/2142/38 5346/2133/38
f 5346/2133/38 5351/2142/38 5360/2143/38
f 5346/2133/38 5360/2143/38 5361/2131/38
f 5360/2143/38 5351/2142/38 5359/2144/38
f 5359/2144/38 5351/2142/38 5352/2145/38
f 5359/2144/38 5352/2145/38 5358/2146/38
f 5358/2146/38 5352/2145/38 5357/2147/38
f 5357/2147/38 5352/2145/38 5353/2148/38
f 5357/2147/38 5353/2148/38 5354/2149/51
f 5354/2149/51 5355/2150/82 5357/2147/38
f 5357/2147/38 5355/2150/82 5356/2151/51
f 5403/2122/38 5404/2123/51 5402/2124/38
f 5402/2124/38 5404/2123/51 5405/2125/38
f 5402/2124/38 5405/2125/38 5406/2126/82
f 5406/2126/82 5407/2127/38 5402/2124/38
f 5402/2124/38 5407/2127/38 5431/2128/38
f 5431/2128/38 5407/2127/38 5430/2129/38
f 5430/2129/38 5407/2127/38 5408/2130/38
f 5430/2129/38 5408/2130/38 5429/2131/38
f 5429/2131/38 5408/2130/38 5413/2132/38
f 5429/2131/38 5413/2132/38 5414/2133/38
f 5408/2130/38 5409/2134/51 5413/2132/38
f 5413/2132/38 5409/2134/51 5410/2135/82
f 5413/2132/38 5410/2135/82 5411/2136/51
f 5411/2136/51 5412/2137/38 5413/2132/38
f 5415/2138/38 5416/2139/82 5414/2133/38
f 5414/2133/38 5416/2139/82 5417/2140/51
f 5414/2133/38 5417/2140/51 5418/2141/82
f 5418/2141/82 5419/2142/38 5414/2133/38
f 5414/2133/38 5419/2142/38 5428/2143/38
f 5414/2133/38 5428/2143/38 5429/2131/38
f 5428/2143/38 5419/2142/38 5427/2144/38
f 5427/2144/38 5419/2142/38 5420/2145/38
f 5427/2144/38 5420/2145/38 5426/2146/38
f 5426/2146/38 5420/2145/38 5425/2147/38
f 5425/2147/38 5420/2145/38 5421/2148/38
f 5425/2147/38 5421/2148/38 5422/2149/38
f 5422/2149/38 5423/2150/82 5425/2147/38
f 5425/2147/38 5423/2150/82 5424/2151/38
f 7722/2122/38 7723/2123/51 7721/2124/38
f 7721/2124/38 7723/2123/51 7724/2125/38
f 7721/2124/38 7724/2125/38 7725/2126/82
f 7725/2126/82 7726/2127/38 7721/2124/38
f 7721/2124/38 7726/2127/38 7750/2128/38
f 7750/2128/38 7726/2127/38 7749/2129/38
f 7749/2129/38 7726/2127/38 7727/2130/38
f 7749/2129/38 7727/2130/38 7748/2131/38
f 7748/2131/38 7727/2130/38 7732/2132/38
f 7748/2131/38 7732/2132/38 7733/2133/38
f 7727/2130/38 7728/2134/51 7732/2132/38
f 7732/2132/38 7728/2134/51 7729/2135/82
f 7732/2132/38 7729/2135/82 7730/2136/51
f 7730/2136/51 7731/2137/38 7732/2132/38
f 7734/2138/38 7735/2139/82 7733/2133/38
f 7733/2133/38 7735/2139/82 7736/2140/51
f 7733/2133/38 7736/2140/51 7737/2141/82
f 7737/2141/82 7738/2142/38 7733/2133/38
f 7733/2133/38 7738/2142/38 7747/2143/38
f 7733/2133/38 7747/2143/38 7748/2131/38
f 7747/2143/38 7738/2142/38 7746/2144/38
f 7746/2144/38 7738/2142/38 7739/2145/38
f 7746/2144/38 7739/2145/38 7745/2146/38
f 7745/2146/38 7739/2145/38 7744/2147/38
f 7744/2147/38 7739/2145/38 7740/2148/38
f 7744/2147/38 7740/2148/38 7741/2149/38
f 7741/2149/38 7742/2150/82 7744/2147/38
f 7744/2147/38 7742/2150/82 7743/2151/38
usemtl XID_PowderCoatWhite_C5D3469A115F4360A5203AA407F78E2F
f 1/1/1 2/2/1 4/3/1
f 4/3/1 2/2/1 3/4/1
f 5/5/2 6/6/2 8/7/2
f 8/7/2 6/6/2 7/8/2
f 16/9/3 9/1/3 15/10/4
f 15/10/4 9/1/3 10/11/4
f 15/10/4 10/11/4 11/12/5
f 12/13/6 13/14/6 11/12/5
f 11/12/5 13/14/6 14/15/5
f 11/12/5 14/15/5 15/10/4
f 17/1/7 18/16/7 20/3/7
f 20/3/7 18/16/7 19/17/7
f 27/1/1 28/24/1 30/3/1
f 30/3/1 28/24/1 29/25/1
f 31/1/9 32/26/9 34/3/9
f 34/3/9 32/26/9 33/27/9
f 35/1/10 36/24/10 38/3/10
f 38/3/10 36/24/10 37/25/10
f 39/1/11 40/26/11 42/3/11
f 42/3/11 40/26/11 41/27/11
f 43/1/10 44/2/10 46/3/10
f 46/3/10 44/2/10 45/4/10
f 47/1/9 48/28/9 50/3/9
f 50/3/9 48/28/9 49/29/9
f 51/1/1 52/2/1 54/3/1
f 54/3/1 52/2/1 53/4/1
f 55/1/11 56/28/11 58/3/11
f 58/3/11 56/28/11 57/29/11
f 71/1/11 72/28/11 74/3/11
f 74/3/11 72/28/11 73/29/11
f 75/42/12 76/43/12 78/44/12
f 78/44/12 76/43/12 77/45/12
f 86/9/13 79/1/13 85/46/14
f 85/46/14 79/1/13 80/47/14
f 85/46/14 80/47/14 84/48/15
f 84/48/15 80/47/14 81/49/15
f 84/48/15 81/49/15 83/50/16
f 83/50/16 81/49/15 82/51/16
f 87/1/17 88/52/17 90/3/17
f 90/3/17 88/52/17 89/53/17
f 97/1/18 98/60/18 100/3/18
f 100/3/18 98/60/18 99/61/18
f 108/9/19 101/1/19 107/62/20
f 107/62/20 101/1/19 102/63/20
f 107/62/20 102/63/20 103/64/21
f 104/65/22 105/66/22 103/64/21
f 103/64/21 105/66/22 106/67/21
f 103/64/21 106/67/21 107/62/20
f 109/1/23 110/68/23 112/3/23
f 112/3/23 110/68/23 111/69/23
f 113/1/9 114/28/9 116/3/9
f 116/3/9 114/28/9 115/29/9
f 123/1/10 124/2/10 126/3/10
f 126/3/10 124/2/10 125/4/10
f 127/1/24 128/76/24 130/3/24
f 130/3/24 128/76/24 129/77/24
f 138/9/25 131/1/25 137/78/26
f 137/78/26 131/1/25 132/79/26
f 137/78/26 132/79/26 133/80/27
f 134/81/28 135/82/28 133/80/27
f 133/80/27 135/82/28 136/83/27
f 133/80/27 136/83/27 137/78/26
f 139/1/29 140/84/29 142/3/29
f 142/3/29 140/84/29 141/85/29
f 149/92/8 150/93/8 152/94/8
f 152/94/8 150/93/8 151/95/8
f 154/96/8 155/97/8 153/98/8
f 153/98/8 155/97/8 180/99/8
f 180/99/8 155/97/8 156/100/8
f 180/99/8 156/100/8 157/101/8
f 180/99/8 157/101/8 179/102/8
f 179/102/8 157/101/8 158/103/8
f 179/102/8 158/103/8 178/104/8
f 178/104/8 158/103/8 177/105/8
f 177/105/8 158/103/8 159/106/30
f 177/105/8 159/106/30 176/107/8
f 176/107/8 159/106/30 160/108/8
f 176/107/8 160/108/8 175/109/8
f 175/109/8 160/108/8 161/110/8
f 175/109/8 161/110/8 174/111/8
f 174/111/8 161/110/8 173/112/8
f 173/112/8 161/110/8 162/113/8
f 173/112/8 162/113/8 172/114/8
f 172/114/8 162/113/8 163/115/8
f 172/114/8 163/115/8 171/116/8
f 171/116/8 163/115/8 170/117/31
f 170/117/31 163/115/8 164/118/8
f 170/117/31 164/118/8 169/119/8
f 169/119/8 164/118/8 165/120/8
f 169/119/8 165/120/8 166/121/8
f 167/122/8 168/123/8 166/121/8
f 166/121/8 168/123/8 169/119/8
f 181/124/8 182/125/8 184/126/8
f 184/126/8 182/125/8 183/127/8
f 185/128/8 186/129/8 212/130/8
f 212/130/8 186/129/8 211/131/8
f 211/131/8 186/129/8 187/132/8
f 211/131/8 187/132/8 210/133/8
f 210/133/8 187/132/8 188/134/8
f 210/133/8 188/134/8 209/135/8
f 209/135/8 188/134/8 189/136/8
f 209/135/8 189/136/8 208/137/8
f 208/137/8 189/136/8 190/138/8
f 208/137/8 190/138/8 207/139/8
f 207/139/8 190/138/8 191/140/31
f 207/139/8 191/140/31 192/141/30
f 207/139/8 192/141/30 206/142/8
f 206/142/8 192/141/30 193/143/8
f 206/142/8 193/143/8 194/144/8
f 194/144/8 195/145/8 206/142/8
f 206/142/8 195/145/8 205/146/8
f 205/146/8 195/145/8 196/147/8
f 205/146/8 196/147/8 204/148/8
f 204/148/8 196/147/8 197/149/8
f 204/148/8 197/149/8 203/150/8
f 203/150/8 197/149/8 198/151/8
f 203/150/8 198/151/8 202/152/8
f 202/152/8 198/151/8 199/153/8
f 202/152/8 199/153/8 201/154/8
f 201/154/8 199/153/8 200/155/8
f 213/156/8 214/157/8 216/158/8
f 216/158/8 214/157/8 215/159/8
f 218/160/8 219/161/8 217/162/8
f 217/162/8 219/161/8 220/163/8
f 217/162/8 220/163/8 244/99/30
f 244/99/30 220/163/8 221/164/8
f 244/99/30 221/164/8 222/165/8
f 222/165/8 223/166/32 244/99/30
f 244/99/30 223/166/32 224/167/8
f 244/99/30 224/167/8 243/102/8
f 243/102/8 224/167/8 242/104/8
f 242/104/8 224/167/8 241/105/8
f 241/105/8 224/167/8 225/168/8
f 241/105/8 225/168/8 239/109/31
f 239/109/31 225/168/8 236/114/8
f 239/109/31 236/114/8 238/111/8
f 238/111/8 236/114/8 237/112/8
f 226/169/8 233/119/8 225/168/8
f 225/168/8 233/119/8 234/117/8
f 225/168/8 234/117/8 235/116/8
f 226/169/8 227/170/8 233/119/8
f 233/119/8 227/170/8 228/171/8
f 233/119/8 228/171/8 229/172/8
f 233/119/8 229/172/8 232/173/8
f 232/173/8 229/172/8 230/174/8
f 232/173/8 230/174/8 231/175/8
f 235/116/8 236/114/8 225/168/8
f 239/109/31 240/107/8 241/105/8
f 246/176/8 254/151/8 245/177/8
f 245/177/8 254/151/8 255/178/8
f 245/177/8 255/178/8 256/179/8
f 247/180/8 249/143/8 246/176/8
f 246/176/8 249/143/8 252/147/8
f 246/176/8 252/147/8 253/149/8
f 247/180/8 248/181/8 249/143/8
f 250/144/8 251/145/8 249/143/8
f 249/143/8 251/145/8 252/147/8
f 253/149/8 254/151/8 246/176/8
f 257/182/8 258/183/8 260/184/8
f 260/184/8 258/183/8 259/185/8
f 261/186/8 262/187/8 272/141/8
f 272/141/8 262/187/8 263/188/8
f 272/141/8 263/188/8 270/138/31
f 270/138/31 263/188/8 269/136/8
f 269/136/8 263/188/8 268/134/8
f 268/134/8 263/188/8 267/132/8
f 267/132/8 263/188/8 264/189/8
f 267/132/8 264/189/8 266/190/8
f 266/190/8 264/189/8 265/191/8
f 270/138/31 271/140/8 272/141/8
f 274/192/8 280/147/8 273/193/8
f 273/193/8 280/147/8 281/149/8
f 273/193/8 281/149/8 284/194/8
f 284/194/8 281/149/8 282/151/8
f 284/194/8 282/151/8 283/195/8
f 275/196/8 277/143/8 274/192/8
f 274/192/8 277/143/8 279/145/30
f 274/192/8 279/145/30 280/147/8
f 275/196/8 276/197/8 277/143/8
f 277/143/8 278/144/8 279/145/30
f 285/198/8 286/199/8 288/200/8
f 288/200/8 286/199/8 287/201/8
f 290/202/8 291/203/8 289/204/8
f 289/204/8 291/203/8 292/205/8
f 289/204/8 292/205/8 293/206/8
f 289/204/8 293/206/8 316/99/8
f 316/99/8 293/206/8 294/207/8
f 316/99/8 294/207/8 295/208/32
f 295/208/32 296/209/8 316/99/8
f 316/99/8 296/209/8 297/210/8
f 316/99/8 297/210/8 315/102/8
f 315/102/8 297/210/8 305/119/8
f 315/102/8 305/119/8 306/117/8
f 297/210/8 298/211/8 305/119/8
f 305/119/8 298/211/8 299/212/8
f 305/119/8 299/212/8 300/213/8
f 300/213/8 301/214/8 305/119/8
f 305/119/8 301/214/8 304/215/8
f 304/215/8 301/214/8 302/216/8
f 304/215/8 302/216/8 303/217/8
f 315/102/8 306/117/8 314/104/8
f 314/104/8 306/117/8 307/116/8
f 314/104/8 307/116/8 313/105/8
f 313/105/8 307/116/8 308/114/8
f 313/105/8 308/114/8 311/109/8
f 311/109/8 308/114/8 310/111/8
f 310/111/8 308/114/8 309/112/8
f 311/109/8 312/107/8 313/105/8
f 317/218/8 318/219/8 320/220/8
f 320/220/8 318/219/8 319/221/8
f 321/222/30 322/223/30 330/141/8
f 330/141/8 322/223/30 328/224/8
f 330/141/8 328/224/8 329/225/8
f 322/223/30 323/226/8 328/224/8
f 328/224/8 323/226/8 327/227/8
f 327/227/8 323/226/8 324/228/8
f 327/227/8 324/228/8 326/229/8
f 326/229/8 324/228/8 325/230/8
f 332/231/8 333/232/30 331/233/8
f 331/233/8 333/232/30 334/234/8
f 331/233/8 334/234/8 335/235/8
f 331/233/8 335/235/8 338/236/8
f 338/236/8 335/235/8 336/237/8
f 338/236/8 336/237/8 337/238/8
f 339/239/8 353/240/8 338/236/8
f 338/236/8 353/240/8 354/241/8
f 338/236/8 354/241/8 355/242/8
f 340/243/33 341/244/31 339/239/8
f 339/239/8 341/244/31 342/245/30
f 339/239/8 342/245/30 343/246/31
f 343/246/31 344/247/8 339/239/8
f 339/239/8 344/247/8 353/240/8
f 353/240/8 344/247/8 352/248/8
f 352/248/8 344/247/8 345/249/8
f 352/248/8 345/249/8 351/250/8
f 351/250/8 345/249/8 350/251/8
f 350/251/8 345/249/8 346/252/8
f 350/251/8 346/252/8 347/253/30
f 347/253/30 348/254/31 350/251/8
f 350/251/8 348/254/31 349/255/8
f 356/256/8 331/233/8 355/242/8
f 355/242/8 331/233/8 338/236/8
f 357/257/8 358/258/8 360/259/8
f 360/259/8 358/258/8 359/260/8
f 362/261/8 363/262/8 361/263/8
f 361/263/8 363/262/8 364/264/8
f 361/263/8 364/264/8 365/265/8
f 361/263/8 365/265/8 388/99/8
f 388/99/8 365/265/8 366/266/8
f 388/99/8 366/266/8 367/267/31
f 367/267/31 368/268/8 388/99/8
f 388/99/8 368/268/8 369/269/8
f 388/99/8 369/269/8 377/119/8
f 377/119/8 369/269/8 370/270/8
f 377/119/8 370/270/8 371/271/8
f 371/271/8 372/272/8 377/119/8
f 377/119/8 372/272/8 376/273/8
f 376/273/8 372/272/8 373/274/8
f 376/273/8 373/274/8 374/275/8
f 374/275/8 375/276/8 376/273/8
f 388/99/8 377/119/8 387/102/8
f 387/102/8 377/119/8 378/117/8
f 387/102/8 378/117/8 386/104/8
f 386/104/8 378/117/8 379/116/8
f 386/104/8 379/116/8 385/105/8
f 385/105/8 379/116/8 380/114/8
f 385/105/8 380/114/8 383/109/8
f 383/109/8 380/114/8 382/111/8
f 382/111/8 380/114/8 381/112/8
f 383/109/8 384/107/8 385/105/8
f 394/277/8 389/278/8 393/279/8
f 393/279/8 389/278/8 390/280/8
f 393/279/8 390/280/8 392/281/8
f 392/281/8 390/280/8 391/143/8
f 396/282/8 397/283/8 395/284/8
f 395/284/8 397/283/8 398/285/8
f 395/284/8 398/285/8 399/132/8
f 400/286/8 401/287/8 399/132/8
f 399/132/8 401/287/8 395/284/8
f 403/288/8 417/289/8 402/290/8
f 402/290/8 417/289/8 418/291/8
f 402/290/8 418/291/8 419/292/8
f 404/293/33 405/294/31 403/288/8
f 403/288/8 405/294/31 406/295/30
f 403/288/8 406/295/30 407/296/31
f 407/296/31 408/297/8 403/288/8
f 403/288/8 408/297/8 417/289/8
f 417/289/8 408/297/8 416/298/8
f 416/298/8 408/297/8 409/299/8
f 416/298/8 409/299/8 415/300/8
f 415/300/8 409/299/8 414/301/8
f 414/301/8 409/299/8 410/302/8
f 414/301/8 410/302/8 411/303/30
f 411/303/30 412/304/31 414/301/8
f 414/301/8 412/304/31 413/305/8
f 420/306/8 421/307/8 419/292/8
f 419/292/8 421/307/8 402/290/8
f 422/308/8 423/93/8 425/309/8
f 425/309/8 423/93/8 424/95/8
f 427/310/8 428/311/8 426/98/8
f 426/98/8 428/311/8 453/99/8
f 453/99/8 428/311/8 429/312/8
f 453/99/8 429/312/8 430/313/8
f 453/99/8 430/313/8 452/102/31
f 452/102/31 430/313/8 431/314/8
f 452/102/31 431/314/8 451/104/8
f 451/104/8 431/314/8 450/105/8
f 450/105/8 431/314/8 432/315/30
f 450/105/8 432/315/30 449/107/32
f 449/107/32 432/315/30 433/316/8
f 449/107/32 433/316/8 448/109/8
f 448/109/8 433/316/8 434/317/8
f 448/109/8 434/317/8 447/111/8
f 447/111/8 434/317/8 446/112/8
f 446/112/8 434/317/8 435/318/30
f 446/112/8 435/318/30 445/114/8
f 445/114/8 435/318/30 436/319/8
f 445/114/8 436/319/8 444/116/8
f 444/116/8 436/319/8 443/117/8
f 443/117/8 436/319/8 437/320/8
f 443/117/8 437/320/8 442/119/8
f 442/119/8 437/320/8 438/321/8
f 442/119/8 438/321/8 439/322/8
f 440/323/8 441/123/8 439/322/8
f 439/322/8 441/123/8 442/119/8
f 454/124/8 455/324/8 457/126/8
f 457/126/8 455/324/8 456/325/8
f 458/326/8 459/129/8 485/327/8
f 485/327/8 459/129/8 484/328/8
f 484/328/8 459/129/8 460/132/8
f 484/328/8 460/132/8 483/329/8
f 483/329/8 460/132/8 461/134/8
f 483/329/8 461/134/8 482/330/8
f 482/330/8 461/134/8 462/136/8
f 482/330/8 462/136/8 481/331/8
f 481/331/8 462/136/8 463/138/8
f 481/331/8 463/138/8 480/332/30
f 480/332/30 463/138/8 464/140/30
f 480/332/30 464/140/30 465/141/30
f 480/332/30 465/141/30 479/333/31
f 479/333/31 465/141/30 466/143/30
f 479/333/31 466/143/30 467/144/8
f 467/144/8 468/145/30 479/333/31
f 479/333/31 468/145/30 478/334/8
f 478/334/8 468/145/30 469/147/8
f 478/334/8 469/147/8 477/335/31
f 477/335/31 469/147/8 470/149/8
f 477/335/31 470/149/8 476/336/8
f 476/336/8 470/149/8 471/151/8
f 476/336/8 471/151/8 475/337/8
f 475/337/8 471/151/8 472/153/8
f 475/337/8 472/153/8 474/338/8
f 474/338/8 472/153/8 473/339/8
f 486/340/8 487/157/8 489/341/8
f 489/341/8 487/157/8 488/159/8
f 491/342/8 492/343/8 490/162/8
f 490/162/8 492/343/8 493/344/8
f 490/162/8 493/344/8 517/99/8
f 517/99/8 493/344/8 494/345/8
f 517/99/8 494/345/8 495/346/8
f 495/346/8 496/347/30 517/99/8
f 517/99/8 496/347/30 497/348/8
f 517/99/8 497/348/8 516/102/8
f 516/102/8 497/348/8 515/104/8
f 515/104/8 497/348/8 514/105/8
f 514/105/8 497/348/8 498/349/8
f 514/105/8 498/349/8 512/109/8
f 512/109/8 498/349/8 511/111/8
f 511/111/8 498/349/8 509/114/8
f 511/111/8 509/114/8 510/112/8
f 499/350/8 506/119/8 498/349/8
f 498/349/8 506/119/8 507/117/8
f 498/349/8 507/117/8 508/116/8
f 499/350/8 500/351/30 506/119/8
f 506/119/8 500/351/30 501/352/8
f 506/119/8 501/352/8 502/353/8
f 506/119/8 502/353/8 505/173/8
f 505/173/8 502/353/8 503/354/8
f 505/173/8 503/354/8 504/355/8
f 508/116/8 509/114/8 498/349/8
f 512/109/8 513/107/32 514/105/8
f 519/356/8 527/151/8 518/357/8
f 518/357/8 527/151/8 528/178/8
f 518/357/8 528/178/8 529/358/8
f 520/359/8 522/143/8 519/356/8
f 519/356/8 522/143/8 525/147/8
f 519/356/8 525/147/8 526/149/8
f 520/359/8 521/360/8 522/143/8
f 523/144/8 524/145/8 522/143/8
f 522/143/8 524/145/8 525/147/8
f 526/149/8 527/151/8 519/356/8
f 530/182/8 531/361/8 533/184/8
f 533/184/8 531/361/8 532/362/8
f 534/363/8 535/364/8 545/141/8
f 545/141/8 535/364/8 536/365/8
f 545/141/8 536/365/8 543/138/8
f 543/138/8 536/365/8 542/136/8
f 542/136/8 536/365/8 541/134/8
f 541/134/8 536/365/8 540/132/8
f 540/132/8 536/365/8 537/366/8
f 540/132/8 537/366/8 539/190/8
f 539/190/8 537/366/8 538/367/8
f 543/138/8 544/140/33 545/141/8
f 546/368/11 547/369/11 549/3/11
f 549/3/11 547/369/11 548/370/11
f 561/371/11 550/372/11 560/373/34
f 560/373/34 550/372/11 551/374/34
f 560/373/34 551/374/34 559/375/35
f 559/375/35 551/374/34 552/376/35
f 559/375/35 552/376/35 558/377/36
f 558/377/36 552/376/35 553/378/36
f 558/377/36 553/378/36 557/379/37
f 557/379/37 553/378/36 554/380/37
f 557/379/37 554/380/37 556/381/1
f 556/381/1 554/380/37 555/382/1
f 562/368/1 563/383/1 565/3/1
f 565/3/1 563/383/1 564/384/1
f 566/368/11 567/385/11 571/3/11
f 571/3/11 567/385/11 570/386/11
f 570/386/11 567/385/11 569/387/11
f 569/387/11 567/385/11 568/388/11
f 572/389/9 573/390/9 577/1/9
f 577/1/9 573/390/9 576/391/9
f 576/391/9 573/390/9 575/392/9
f 575/392/9 573/390/9 574/393/9
f 578/368/1 579/394/1 581/391/1
f 581/391/1 579/394/1 580/395/1
f 582/368/11 583/385/11 587/391/11
f 587/391/11 583/385/11 586/392/11
f 586/392/11 583/385/11 585/387/11
f 585/387/11 583/385/11 584/388/11
f 589/396/38 590/397/38 588/398/38
f 588/398/38 590/397/38 615/399/38
f 615/399/38 590/397/38 591/400/38
f 615/399/38 591/400/38 614/401/38
f 614/401/38 591/400/38 592/402/38
f 614/401/38 592/402/38 593/403/38
f 614/401/38 593/403/38 613/404/38
f 613/404/38 593/403/38 594/405/38
f 613/404/38 594/405/38 595/406/38
f 596/407/38 609/408/38 595/406/38
f 595/406/38 609/408/38 610/409/38
f 595/406/38 610/409/38 612/410/38
f 612/410/38 610/409/38 611/411/38
f 597/412/38 606/413/38 596/407/38
f 596/407/38 606/413/38 607/414/38
f 596/407/38 607/414/38 609/408/38
f 609/408/38 607/414/38 608/415/38
f 597/412/38 598/416/38 606/413/38
f 606/413/38 598/416/38 605/417/38
f 605/417/38 598/416/38 599/418/38
f 605/417/38 599/418/38 600/419/38
f 605/417/38 600/419/38 604/420/38
f 604/420/38 600/419/38 601/421/38
f 604/420/38 601/421/38 602/422/38
f 602/422/38 603/423/38 604/420/38
f 612/410/38 613/404/38 595/406/38
f 616/389/9 617/390/9 621/1/9
f 621/1/9 617/390/9 620/3/9
f 620/3/9 617/390/9 619/386/9
f 619/386/9 617/390/9 618/393/9
f 622/368/1 623/424/1 625/3/1
f 625/3/1 623/424/1 624/425/1
f 637/371/1 626/372/1 636/373/39
f 636/373/39 626/372/1 627/374/39
f 636/373/39 627/374/39 635/375/40
f 635/375/40 627/374/39 628/376/40
f 635/375/40 628/376/40 634/377/41
f 634/377/41 628/376/40 629/378/41
f 634/377/41 629/378/41 633/379/42
f 633/379/42 629/378/41 630/380/42
f 633/379/42 630/380/42 632/381/9
f 632/381/9 630/380/42 631/382/9
f 651/426/43 638/427/44 646/375/35
f 646/375/35 638/427/44 639/428/45
f 646/375/35 639/428/45 645/377/36
f 645/377/36 639/428/45 640/429/46
f 645/377/36 640/429/46 644/379/37
f 644/379/37 640/429/46 641/430/47
f 644/379/37 641/430/47 643/381/1
f 643/381/1 641/430/47 642/382/1
f 646/375/35 647/373/48 651/426/43
f 651/426/43 647/373/48 650/431/49
f 650/431/49 647/373/48 648/371/11
f 650/431/49 648/371/11 649/432/50
f 652/368/1 653/383/1 655/3/1
f 655/3/1 653/383/1 654/384/1
f 656/368/11 657/385/11 661/3/11
f 661/3/11 657/385/11 660/386/11
f 660/386/11 657/385/11 659/387/11
f 659/387/11 657/385/11 658/388/11
f 662/389/9 663/390/9 667/1/9
f 667/1/9 663/390/9 666/391/9
f 666/391/9 663/390/9 665/392/9
f 665/392/9 663/390/9 664/393/9
f 668/368/1 669/394/1 671/391/1
f 671/391/1 669/394/1 670/395/1
f 672/368/11 673/385/11 677/391/11
f 677/391/11 673/385/11 676/392/11
f 676/392/11 673/385/11 675/387/11
f 675/387/11 673/385/11 674/388/11
f 679/433/38 680/434/38 678/435/38
f 678/435/38 680/434/38 705/436/38
f 705/436/38 680/434/38 681/437/38
f 705/436/38 681/437/38 704/438/38
f 704/438/38 681/437/38 682/439/38
f 704/438/38 682/439/38 683/440/38
f 704/438/38 683/440/38 703/441/38
f 703/441/38 683/440/38 684/442/38
f 703/441/38 684/442/38 685/443/38
f 686/444/38 699/445/38 685/443/38
f 685/443/38 699/445/38 700/446/38
f 685/443/38 700/446/38 702/447/38
f 702/447/38 700/446/38 701/448/38
f 687/449/38 696/450/38 686/444/38
f 686/444/38 696/450/38 697/451/38
f 686/444/38 697/451/38 699/445/38
f 699/445/38 697/451/38 698/452/38
f 687/449/38 688/453/38 696/450/38
f 696/450/38 688/453/38 695/454/38
f 695/454/38 688/453/38 689/455/38
f 695/454/38 689/455/38 690/456/38
f 695/454/38 690/456/38 694/457/38
f 694/457/38 690/456/38 691/458/38
f 694/457/38 691/458/38 692/459/38
f 692/459/38 693/460/38 694/457/38
f 702/447/38 703/441/38 685/443/38
f 706/461/38 707/462/38 735/463/38
f 735/463/38 707/462/38 708/464/38
f 735/463/38 708/464/38 734/465/38
f 734/465/38 708/464/38 709/466/38
f 734/465/38 709/466/38 733/467/38
f 733/467/38 709/466/38 732/468/38
f 732/468/38 709/466/38 710/469/38
f 732/468/38 710/469/38 731/470/38
f 731/470/38 710/469/38 711/471/38
f 731/470/38 711/471/38 712/472/38
f 731/470/38 712/472/38 730/473/38
f 730/473/38 712/472/38 713/474/38
f 730/473/38 713/474/38 729/475/38
f 729/475/38 713/474/38 714/476/38
f 729/475/38 714/476/38 715/477/38
f 729/475/38 715/477/38 728/478/38
f 728/478/38 715/477/38 716/479/38
f 728/478/38 716/479/38 727/480/38
f 727/480/38 716/479/38 717/481/38
f 727/480/38 717/481/38 718/482/38
f 727/480/38 718/482/38 726/483/38
f 726/483/38 718/482/38 719/484/38
f 726/483/38 719/484/38 725/485/38
f 725/485/38 719/484/38 724/486/38
f 724/486/38 719/484/38 720/487/38
f 724/486/38 720/487/38 723/488/38
f 723/488/38 720/487/38 722/489/38
f 722/489/38 720/487/38 721/490/38
f 736/491/51 737/492/38 743/493/38
f 743/493/38 737/492/38 738/494/38
f 743/493/38 738/494/38 742/495/38
f 742/495/38 738/494/38 739/496/38
f 742/495/38 739/496/38 741/497/38
f 741/497/38 739/496/38 740/498/52
f 744/389/9 745/390/9 749/1/9
f 749/1/9 745/390/9 748/3/9
f 748/3/9 745/390/9 747/386/9
f 747/386/9 745/390/9 746/393/9
f 750/368/1 751/424/1 753/3/1
f 753/3/1 751/424/1 752/425/1
f 765/371/1 754/372/1 764/373/39
f 764/373/39 754/372/1 755/374/39
f 764/373/39 755/374/39 763/375/40
f 763/375/40 755/374/39 756/376/40
f 763/375/40 756/376/40 762/377/41
f 762/377/41 756/376/40 757/378/41
f 762/377/41 757/378/41 761/379/42
f 761/379/42 757/378/41 758/380/42
f 761/379/42 758/380/42 760/381/9
f 760/381/9 758/380/42 759/382/9
f 777/9/1 766/499/1 776/500/37
f 776/500/37 766/499/1 767/501/37
f 776/500/37 767/501/37 775/502/36
f 775/502/36 767/501/37 768/503/36
f 775/502/36 768/503/36 774/504/53
f 774/504/53 768/503/36 769/505/35
f 774/504/53 769/505/35 773/506/54
f 773/506/54 769/505/35 770/507/55
f 773/506/54 770/507/55 772/508/11
f 772/508/11 770/507/55 771/509/11
f 778/368/11 779/369/11 781/3/11
f 781/3/11 779/369/11 780/370/11
f 793/9/11 782/499/11 792/500/56
f 792/500/56 782/499/11 783/501/57
f 792/500/56 783/501/57 791/502/58
f 791/502/58 783/501/57 784/503/59
f 791/502/58 784/503/59 790/504/60
f 790/504/60 784/503/59 785/505/60
f 790/504/60 785/505/60 789/506/61
f 789/506/61 785/505/60 786/507/61
f 789/506/61 786/507/61 788/508/10
f 788/508/10 786/507/61 787/509/10
f 794/368/10 795/510/10 797/3/10
f 797/3/10 795/510/10 796/511/10
f 798/499/10 799/512/62 811/9/10
f 811/9/10 799/512/62 810/500/63
f 810/500/63 799/512/62 800/513/64
f 810/500/63 800/513/64 801/514/65
f 810/500/63 801/514/65 809/502/66
f 809/502/66 801/514/65 802/515/67
f 809/502/66 802/515/67 803/516/68
f 809/502/66 803/516/68 808/504/69
f 808/504/69 803/516/68 804/517/70
f 808/504/69 804/517/70 807/506/71
f 807/506/71 804/517/70 805/518/9
f 807/506/71 805/518/9 806/508/9
f 826/519/72 812/520/73 818/379/37
f 818/379/37 812/520/73 813/521/74
f 818/379/37 813/521/74 814/522/75
f 818/379/37 814/522/75 817/381/1
f 817/381/1 814/522/75 815/523/76
f 817/381/1 815/523/76 816/382/1
f 818/379/37 819/377/77 826/519/72
f 826/519/72 819/377/77 825/524/78
f 825/524/78 819/377/77 820/375/35
f 825/524/78 820/375/35 824/525/79
f 824/525/79 820/375/35 821/373/80
f 824/525/79 821/373/80 823/432/81
f 823/432/81 821/373/80 822/371/11
f 827/368/1 828/383/1 830/3/1
f 830/3/1 828/383/1 829/384/1
f 831/368/11 832/385/11 836/3/11
f 836/3/11 832/385/11 835/386/11
f 835/386/11 832/385/11 834/387/11
f 834/387/11 832/385/11 833/388/11
f 837/389/9 838/390/9 842/1/9
f 842/1/9 838/390/9 841/391/9
f 841/391/9 838/390/9 840/392/9
f 840/392/9 838/390/9 839/393/9
f 843/368/1 844/394/1 846/391/1
f 846/391/1 844/394/1 845/395/1
f 847/368/11 848/385/11 852/391/11
f 852/391/11 848/385/11 851/392/11
f 851/392/11 848/385/11 850/387/11
f 850/387/11 848/385/11 849/388/11
f 854/526/38 855/527/38 853/528/38
f 853/528/38 855/527/38 880/529/38
f 880/529/38 855/527/38 856/530/38
f 880/529/38 856/530/38 879/531/38
f 879/531/38 856/530/38 857/532/38
f 879/531/38 857/532/38 858/533/38
f 879/531/38 858/533/38 878/534/38
f 878/534/38 858/533/38 859/535/38
f 878/534/38 859/535/38 860/536/38
f 861/537/38 874/538/38 860/536/38
f 860/536/38 874/538/38 875/539/38
f 860/536/38 875/539/38 877/540/38
f 877/540/38 875/539/38 876/541/38
f 862/542/38 871/543/38 861/537/38
f 861/537/38 871/543/38 872/544/38
f 861/537/38 872/544/38 874/538/38
f 874/538/38 872/544/38 873/545/38
f 862/542/38 863/546/38 871/543/38
f 871/543/38 863/546/38 870/547/38
f 870/547/38 863/546/38 864/548/38
f 870/547/38 864/548/38 865/549/38
f 870/547/38 865/549/38 869/550/38
f 869/550/38 865/549/38 866/551/38
f 869/550/38 866/551/38 867/552/38
f 867/552/38 868/553/38 869/550/38
f 877/540/38 878/534/38 860/536/38
f 882/554/38 885/555/38 881/556/52
f 881/556/52 885/555/38 912/557/38
f 881/556/52 912/557/38 913/558/38
f 882/554/38 883/559/51 885/555/38
f 885/555/38 883/559/51 884/560/82
f 912/557/38 885/555/38 911/561/38
f 911/561/38 885/555/38 886/562/38
f 911/561/38 886/562/38 910/563/38
f 910/563/38 886/562/38 909/564/38
f 909/564/38 886/562/38 887/565/38
f 909/564/38 887/565/38 908/566/38
f 908/566/38 887/565/38 888/567/38
f 908/566/38 888/567/38 889/568/38
f 908/566/38 889/568/38 907/569/38
f 907/569/38 889/568/38 890/570/38
f 907/569/38 890/570/38 906/571/38
f 906/571/38 890/570/38 891/572/38
f 906/571/38 891/572/38 892/573/38
f 906/571/38 892/573/38 905/574/38
f 905/574/38 892/573/38 893/575/38
f 905/574/38 893/575/38 904/576/38
f 904/576/38 893/575/38 894/577/38
f 904/576/38 894/577/38 895/578/38
f 904/576/38 895/578/38 903/579/38
f 903/579/38 895/578/38 896/580/38
f 903/579/38 896/580/38 902/581/38
f 902/581/38 896/580/38 901/582/38
f 901/582/38 896/580/38 897/583/38
f 901/582/38 897/583/38 900/584/38
f 900/584/38 897/583/38 899/585/38
f 899/585/38 897/583/38 898/586/38
f 914/389/9 915/390/9 919/1/9
f 919/1/9 915/390/9 918/3/9
f 918/3/9 915/390/9 917/386/9
f 917/386/9 915/390/9 916/393/9
f 920/368/1 921/424/1 923/3/1
f 923/3/1 921/424/1 922/425/1
f 935/371/1 924/372/1 934/373/39
f 934/373/39 924/372/1 925/374/39
f 934/373/39 925/374/39 933/375/40
f 933/375/40 925/374/39 926/376/40
f 933/375/40 926/376/40 932/377/83
f 932/377/83 926/376/40 927/378/41
f 932/377/83 927/378/41 931/379/42
f 931/379/42 927/378/41 928/380/84
f 931/379/42 928/380/84 930/381/9
f 930/381/9 928/380/84 929/382/9
f 936/368/10 937/587/10 941/3/10
f 941/3/10 937/587/10 940/511/10
f 940/511/10 937/587/10 939/588/10
f 939/588/10 937/587/10 938/589/10
f 942/590/1 943/591/1 947/1/1
f 947/1/1 943/591/1 946/3/1
f 946/3/1 943/591/1 945/384/1
f 945/384/1 943/591/1 944/383/1
f 948/368/11 949/592/11 953/3/11
f 953/3/11 949/592/11 952/386/11
f 952/386/11 949/592/11 951/387/11
f 951/387/11 949/592/11 950/593/11
f 954/389/9 955/390/9 959/1/9
f 959/1/9 955/390/9 958/391/9
f 958/391/9 955/390/9 957/392/9
f 957/392/9 955/390/9 956/393/9
f 960/368/1 961/394/1 963/391/1
f 963/391/1 961/394/1 962/395/1
f 964/368/11 965/385/11 969/391/11
f 969/391/11 965/385/11 968/392/11
f 968/392/11 965/385/11 967/387/11
f 967/387/11 965/385/11 966/388/11
f 970/594/38 971/595/38 1000/596/38
f 1000/596/38 971/595/38 972/597/38
f 1000/596/38 972/597/38 973/598/38
f 974/599/38 975/600/38 973/598/38
f 973/598/38 975/600/38 1000/596/38
f 975/600/38 976/601/38 1000/596/38
f 1000/596/38 976/601/38 999/602/38
f 999/602/38 976/601/38 977/603/38
f 999/602/38 977/603/38 978/604/38
f 999/602/38 978/604/38 998/605/38
f 998/605/38 978/604/38 979/606/38
f 998/605/38 979/606/38 980/607/38
f 981/608/38 994/609/38 980/607/38
f 980/607/38 994/609/38 995/610/38
f 980/607/38 995/610/38 997/611/38
f 997/611/38 995/610/38 996/612/38
f 982/613/38 991/614/38 981/608/38
f 981/608/38 991/614/38 992/615/38
f 981/608/38 992/615/38 994/609/38
f 994/609/38 992/615/38 993/616/38
f 982/613/38 983/617/38 991/614/38
f 991/614/38 983/617/38 990/618/38
f 990/618/38 983/617/38 984/619/38
f 990/618/38 984/619/38 985/620/38
f 990/618/38 985/620/38 989/621/38
f 989/621/38 985/620/38 986/622/38
f 989/621/38 986/622/38 987/623/38
f 987/623/38 988/624/38 989/621/38
f 997/611/38 998/605/38 980/607/38
f 1001/625/38 1002/626/38 1062/627/38
f 1062/627/38 1002/626/38 1003/628/38
f 1062/627/38 1003/628/38 1061/629/38
f 1061/629/38 1003/628/38 1004/630/38
f 1061/629/38 1004/630/38 1060/631/38
f 1060/631/38 1004/630/38 1005/632/38
f 1060/631/38 1005/632/38 1059/633/38
f 1059/633/38 1005/632/38 1006/634/38
f 1059/633/38 1006/634/38 1058/635/38
f 1058/635/38 1006/634/38 1007/636/38
f 1058/635/38 1007/636/38 1057/637/38
f 1057/637/38 1007/636/38 1008/638/38
f 1057/637/38 1008/638/38 1009/639/38
f 1057/637/38 1009/639/38 1056/640/38
f 1056/640/38 1009/639/38 1010/641/38
f 1056/640/38 1010/641/38 1055/642/38
f 1055/642/38 1010/641/38 1011/643/38
f 1055/642/38 1011/643/38 1054/644/38
f 1054/644/38 1011/643/38 1012/645/38
f 1054/644/38 1012/645/38 1053/646/38
f 1053/646/38 1012/645/38 1013/647/38
f 1053/646/38 1013/647/38 1052/648/38
f 1052/648/38 1013/647/38 1014/649/38
f 1052/648/38 1014/649/38 1051/650/38
f 1051/650/38 1014/649/38 1015/651/82
f 1051/650/38 1015/651/82 1050/652/38
f 1050/652/38 1015/651/82 1049/653/38
f 1049/653/38 1015/651/82 1016/654/38
f 1049/653/38 1016/654/38 1048/655/82
f 1048/655/82 1016/654/38 1047/656/38
f 1047/656/38 1016/654/38 1046/657/38
f 1046/657/38 1016/654/38 1045/658/38
f 1045/658/38 1016/654/38 1043/659/38
f 1045/658/38 1043/659/38 1044/660/82
f 1016/654/38 1017/661/38 1043/659/38
f 1043/659/38 1017/661/38 1042/662/38
f 1042/662/38 1017/661/38 1018/663/38
f 1042/662/38 1018/663/38 1041/664/38
f 1041/664/38 1018/663/38 1019/665/38
f 1041/664/38 1019/665/38 1040/666/38
f 1040/666/38 1019/665/38 1020/667/38
f 1040/666/38 1020/667/38 1039/668/38
f 1039/668/38 1020/667/38 1021/669/38
f 1039/668/38 1021/669/38 1038/670/38
f 1038/670/38 1021/669/38 1022/671/38
f 1038/670/38 1022/671/38 1037/672/38
f 1037/672/38 1022/671/38 1036/673/38
f 1036/673/38 1022/671/38 1023/674/38
f 1036/673/38 1023/674/38 1035/675/38
f 1035/675/38 1023/674/38 1024/676/38
f 1035/675/38 1024/676/38 1034/677/38
f 1034/677/38 1024/676/38 1025/678/38
f 1034/677/38 1025/678/38 1033/679/38
f 1033/679/38 1025/678/38 1026/680/38
f 1033/679/38 1026/680/38 1032/681/38
f 1032/681/38 1026/680/38 1027/682/38
f 1032/681/38 1027/682/38 1031/683/38
f 1031/683/38 1027/682/38 1028/684/38
f 1031/683/38 1028/684/38 1030/685/38
f 1030/685/38 1028/684/38 1029/686/38
f 1063/389/9 1064/390/9 1068/1/9
f 1068/1/9 1064/390/9 1067/3/9
f 1067/3/9 1064/390/9 1066/386/9
f 1066/386/9 1064/390/9 1065/393/9
f 1069/368/1 1070/424/1 1072/3/1
f 1072/3/1 1070/424/1 1071/425/1
f 1084/371/1 1073/372/1 1083/373/39
f 1083/373/39 1073/372/1 1074/374/39
f 1083/373/39 1074/374/39 1082/375/40
f 1082/375/40 1074/374/39 1075/376/40
f 1082/375/40 1075/376/40 1081/377/41
f 1081/377/41 1075/376/40 1076/378/41
f 1081/377/41 1076/378/41 1080/379/84
f 1080/379/84 1076/378/41 1077/380/85
f 1080/379/84 1077/380/85 1079/381/9
f 1079/381/9 1077/380/85 1078/382/9
f 1085/368/11 1086/369/11 1088/3/11
f 1088/3/11 1086/369/11 1087/370/11
f 1100/371/11 1089/372/11 1099/373/34
f 1099/373/34 1089/372/11 1090/374/34
f 1099/373/34 1090/374/34 1098/375/35
f 1098/375/35 1090/374/34 1091/376/35
f 1098/375/35 1091/376/35 1097/377/36
f 1097/377/36 1091/376/35 1092/378/36
f 1097/377/36 1092/378/36 1096/379/37
f 1096/379/37 1092/378/36 1093/380/37
f 1096/379/37 1093/380/37 1095/381/1
f 1095/381/1 1093/380/37 1094/382/1
f 1101/368/1 1102/383/1 1104/3/1
f 1104/3/1 1102/383/1 1103/384/1
f 1105/368/11 1106/687/11 1110/3/11
f 1110/3/11 1106/687/11 1109/386/11
f 1109/386/11 1106/687/11 1108/387/11
f 1108/387/11 1106/687/11 1107/688/11
f 1111/689/9 1112/690/9 1116/1/9
f 1116/1/9 1112/690/9 1115/391/9
f 1115/391/9 1112/690/9 1114/392/9
f 1114/392/9 1112/690/9 1113/393/9
f 1117/368/1 1118/394/1 1120/391/1
f 1120/391/1 1118/394/1 1119/395/1
f 1121/368/11 1122/687/11 1126/391/11
f 1126/391/11 1122/687/11 1125/392/11
f 1125/392/11 1122/687/11 1124/387/11
f 1124/387/11 1122/687/11 1123/688/11
f 1128/691/38 1129/692/38 1127/693/38
f 1127/693/38 1129/692/38 1154/694/38
f 1154/694/38 1129/692/38 1130/695/38
f 1154/694/38 1130/695/38 1153/696/38
f 1153/696/38 1130/695/38 1131/697/38
f 1153/696/38 1131/697/38 1132/698/38
f 1153/696/38 1132/698/38 1152/699/38
f 1152/699/38 1132/698/38 1133/700/38
f 1152/699/38 1133/700/38 1134/701/38
f 1135/702/38 1146/703/38 1134/701/38
f 1134/701/38 1146/703/38 1148/704/38
f 1134/701/38 1148/704/38 1151/705/38
f 1151/705/38 1148/704/38 1149/706/38
f 1151/705/38 1149/706/38 1150/707/38
f 1146/703/38 1135/702/38 1145/708/38
f 1145/708/38 1135/702/38 1136/709/38
f 1145/708/38 1136/709/38 1137/710/38
f 1145/708/38 1137/710/38 1144/711/38
f 1144/711/38 1137/710/38 1138/712/38
f 1144/711/38 1138/712/38 1139/713/38
f 1144/711/38 1139/713/38 1143/714/38
f 1143/714/38 1139/713/38 1140/715/38
f 1143/714/38 1140/715/38 1141/716/38
f 1141/716/38 1142/717/38 1143/714/38
f 1146/703/38 1147/718/38 1148/704/38
f 1151/705/38 1152/699/38 1134/701/38
f 1155/689/9 1156/690/9 1160/1/9
f 1160/1/9 1156/690/9 1159/3/9
f 1159/3/9 1156/690/9 1158/386/9
f 1158/386/9 1156/690/9 1157/393/9
f 1161/368/1 1162/424/1 1164/3/1
f 1164/3/1 1162/424/1 1163/425/1
f 1176/371/1 1165/372/1 1175/373/39
f 1175/373/39 1165/372/1 1166/374/39
f 1175/373/39 1166/374/39 1174/375/40
f 1174/375/40 1166/374/39 1167/376/40
f 1174/375/40 1167/376/40 1173/377/41
f 1173/377/41 1167/376/40 1168/378/41
f 1173/377/41 1168/378/41 1172/379/42
f 1172/379/42 1168/378/41 1169/380/42
f 1172/379/42 1169/380/42 1171/381/9
f 1171/381/9 1169/380/42 1170/382/9
f 1190/426/43 1177/427/86 1185/375/35
f 1185/375/35 1177/427/86 1178/428/45
f 1185/375/35 1178/428/45 1184/377/36
f 1184/377/36 1178/428/45 1179/429/46
f 1184/377/36 1179/429/46 1183/379/37
f 1183/379/37 1179/429/46 1180/430/47
f 1183/379/37 1180/430/47 1182/381/1
f 1182/381/1 1180/430/47 1181/382/1
f 1185/375/35 1186/373/48 1190/426/43
f 1190/426/43 1186/373/48 1189/431/49
f 1189/431/49 1186/373/48 1187/371/11
f 1189/431/49 1187/371/11 1188/432/11
f 1191/368/1 1192/383/1 1194/3/1
f 1194/3/1 1192/383/1 1193/384/1
f 1195/368/11 1196/687/11 1200/3/11
f 1200/3/11 1196/687/11 1199/386/11
f 1199/386/11 1196/687/11 1198/387/11
f 1198/387/11 1196/687/11 1197/688/11
f 1201/689/9 1202/690/9 1206/1/9
f 1206/1/9 1202/690/9 1205/391/9
f 1205/391/9 1202/690/9 1204/392/9
f 1204/392/9 1202/690/9 1203/393/9
f 1207/368/1 1208/394/1 1210/391/1
f 1210/391/1 1208/394/1 1209/395/1
f 1211/368/11 1212/687/11 1216/391/11
f 1216/391/11 1212/687/11 1215/392/11
f 1215/392/11 1212/687/11 1214/387/11
f 1214/387/11 1212/687/11 1213/688/11
f 1218/719/38 1219/720/38 1217/721/38
f 1217/721/38 1219/720/38 1244/722/38
f 1244/722/38 1219/720/38 1220/723/38
f 1244/722/38 1220/723/38 1243/724/38
f 1243/724/38 1220/723/38 1221/725/38
f 1243/724/38 1221/725/38 1222/726/38
f 1243/724/38 1222/726/38 1242/727/38
f 1242/727/38 1222/726/38 1223/728/38
f 1242/727/38 1223/728/38 1224/729/38
f 1225/730/38 1236/731/38 1224/729/38
f 1224/729/38 1236/731/38 1238/732/38
f 1224/729/38 1238/732/38 1241/733/38
f 1241/733/38 1238/732/38 1239/734/38
f 1241/733/38 1239/734/38 1240/735/38
f 1236/731/38 1225/730/38 1235/736/38
f 1235/736/38 1225/730/38 1226/737/38
f 1235/736/38 1226/737/38 1227/738/38
f 1235/736/38 1227/738/38 1234/739/38
f 1234/739/38 1227/738/38 1228/740/38
f 1234/739/38 1228/740/38 1229/741/38
f 1234/739/38 1229/741/38 1233/742/38
f 1233/742/38 1229/741/38 1230/743/38
f 1233/742/38 1230/743/38 1231/744/38
f 1231/744/38 1232/745/38 1233/742/38
f 1236/731/38 1237/746/38 1238/732/38
f 1241/733/38 1242/727/38 1224/729/38
f 1245/747/38 1246/748/38 1274/749/38
f 1274/749/38 1246/748/38 1247/750/38
f 1274/749/38 1247/750/38 1273/751/38
f 1273/751/38 1247/750/38 1248/752/38
f 1273/751/38 1248/752/38 1272/753/38
f 1272/753/38 1248/752/38 1271/754/38
f 1271/754/38 1248/752/38 1249/755/38
f 1271/754/38 1249/755/38 1270/756/38
f 1270/756/38 1249/755/38 1250/757/38
f 1270/756/38 1250/757/38 1251/758/38
f 1270/756/38 1251/758/38 1269/759/38
f 1269/759/38 1251/758/38 1252/760/38
f 1269/759/38 1252/760/38 1268/761/38
f 1268/761/38 1252/760/38 1253/762/38
f 1268/761/38 1253/762/38 1254/763/38
f 1268/761/38 1254/763/38 1267/764/38
f 1267/764/38 1254/763/38 1255/765/38
f 1267/764/38 1255/765/38 1266/766/38
f 1266/766/38 1255/765/38 1256/767/38
f 1266/766/38 1256/767/38 1257/768/38
f 1266/766/38 1257/768/38 1265/769/38
f 1265/769/38 1257/768/38 1258/770/38
f 1265/769/38 1258/770/38 1264/771/38
f 1264/771/38 1258/770/38 1263/772/38
f 1263/772/38 1258/770/38 1259/773/38
f 1263/772/38 1259/773/38 1262/774/38
f 1262/774/38 1259/773/38 1261/775/38
f 1261/775/38 1259/773/38 1260/776/38
f 1275/777/51 1276/778/38 1282/779/38
f 1282/779/38 1276/778/38 1277/780/38
f 1282/779/38 1277/780/38 1281/781/38
f 1281/781/38 1277/780/38 1278/782/51
f 1281/781/38 1278/782/51 1280/783/38
f 1280/783/38 1278/782/51 1279/784/87
f 1283/689/9 1284/690/9 1288/1/9
f 1288/1/9 1284/690/9 1287/3/9
f 1287/3/9 1284/690/9 1286/386/9
f 1286/386/9 1284/690/9 1285/393/9
f 1289/368/1 1290/424/1 1292/3/1
f 1292/3/1 1290/424/1 1291/425/1
f 1304/371/1 1293/372/1 1303/373/39
f 1303/373/39 1293/372/1 1294/374/39
f 1303/373/39 1294/374/39 1302/375/40
f 1302/375/40 1294/374/39 1295/376/40
f 1302/375/40 1295/376/40 1301/377/41
f 1301/377/41 1295/376/40 1296/378/41
f 1301/377/41 1296/378/41 1300/379/42
f 1300/379/42 1296/378/41 1297/380/42
f 1300/379/42 1297/380/42 1299/381/9
f 1299/381/9 1297/380/42 1298/382/9
f 1316/785/10 1305/786/10 1315/787/10
f 1315/787/10 1305/786/10 1306/788/10
f 1315/787/10 1306/788/10 1314/789/10
f 1314/789/10 1306/788/10 1307/3/10
f 1314/789/10 1307/3/10 1311/790/10
f 1311/790/10 1307/3/10 1310/791/10
f 1310/791/10 1307/3/10 1308/792/10
f 1310/791/10 1308/792/10 1309/793/10
f 1312/794/10 1313/795/10 1311/790/10
f 1311/790/10 1313/795/10 1314/789/10
f 1317/796/10 1318/381/10 1328/797/61
f 1328/797/61 1318/381/10 1319/798/61
f 1328/797/61 1319/798/61 1327/799/60
f 1327/799/60 1319/798/61 1320/379/60
f 1327/799/60 1320/379/60 1326/800/58
f 1326/800/58 1320/379/60 1321/801/58
f 1326/800/58 1321/801/58 1325/802/88
f 1325/802/88 1321/801/58 1322/377/89
f 1325/802/88 1322/377/89 1324/803/11
f 1324/803/11 1322/377/89 1323/804/90
f 1330/805/11 1331/3/11 1329/806/11
f 1329/806/11 1331/3/11 1332/792/11
f 1333/796/11 1334/381/11 1344/797/91
f 1344/797/91 1334/381/11 1335/798/34
f 1344/797/91 1335/798/34 1343/799/35
f 1343/799/35 1335/798/34 1336/379/35
f 1343/799/35 1336/379/35 1342/800/36
f 1342/800/36 1336/379/35 1337/801/36
f 1342/800/36 1337/801/36 1341/802/37
f 1341/802/37 1337/801/36 1338/377/37
f 1341/802/37 1338/377/37 1340/803/1
f 1340/803/1 1338/377/37 1339/804/1
f 1356/807/1 1345/786/1 1355/808/1
f 1355/808/1 1345/786/1 1346/788/1
f 1355/808/1 1346/788/1 1354/809/1
f 1354/809/1 1346/788/1 1347/3/1
f 1354/809/1 1347/3/1 1351/810/1
f 1351/810/1 1347/3/1 1350/811/1
f 1350/811/1 1347/3/1 1348/792/1
f 1350/811/1 1348/792/1 1349/812/1
f 1352/813/1 1353/814/1 1351/810/1
f 1351/810/1 1353/814/1 1354/809/1
f 1357/796/1 1358/381/1 1368/797/39
f 1368/797/39 1358/381/1 1359/798/39
f 1368/797/39 1359/798/39 1367/799/40
f 1367/799/40 1359/798/39 1360/379/40
f 1367/799/40 1360/379/40 1366/800/41
f 1366/800/41 1360/379/40 1361/801/92
f 1366/800/41 1361/801/92 1365/802/85
f 1365/802/85 1361/801/92 1362/377/84
f 1365/802/85 1362/377/84 1364/803/9
f 1364/803/9 1362/377/84 1363/804/9
f 1370/805/9 1371/3/9 1369/806/9
f 1369/806/9 1371/3/9 1372/792/9
f 1373/796/9 1374/381/9 1384/797/93
f 1384/797/93 1374/381/9 1375/798/94
f 1384/797/93 1375/798/94 1383/799/95
f 1383/799/95 1375/798/94 1376/379/69
f 1383/799/95 1376/379/69 1382/800/66
f 1382/800/66 1376/379/69 1377/801/66
f 1382/800/66 1377/801/66 1381/802/63
f 1381/802/63 1377/801/66 1378/377/63
f 1381/802/63 1378/377/63 1380/803/10
f 1380/803/10 1378/377/63 1379/804/10
f 1396/804/9 1385/518/9 1395/377/42
f 1395/377/42 1385/518/9 1386/815/42
f 1395/377/42 1386/815/42 1394/801/41
f 1394/801/41 1386/815/42 1387/816/41
f 1394/801/41 1387/816/41 1393/379/40
f 1393/379/40 1387/816/41 1388/817/40
f 1393/379/40 1388/817/40 1392/798/39
f 1392/798/39 1388/817/40 1389/818/39
f 1392/798/39 1389/818/39 1391/381/1
f 1391/381/1 1389/818/39 1390/1/1
f 1397/1/9 1398/819/9 1400/3/9
f 1400/3/9 1398/819/9 1399/820/9
f 1412/804/10 1401/518/10 1411/377/63
f 1411/377/63 1401/518/10 1402/815/63
f 1411/377/63 1402/815/63 1410/801/66
f 1410/801/66 1402/815/63 1403/816/66
f 1410/801/66 1403/816/66 1409/379/69
f 1409/379/69 1403/816/66 1404/817/69
f 1409/379/69 1404/817/69 1408/798/96
f 1408/798/96 1404/817/69 1405/818/96
f 1408/798/96 1405/818/96 1407/381/9
f 1407/381/9 1405/818/96 1406/1/9
f 1413/1/10 1414/821/10 1416/3/10
f 1416/3/10 1414/821/10 1415/822/10
f 1428/9/9 1417/1/9 1427/500/96
f 1427/500/96 1417/1/9 1418/818/96
f 1427/500/96 1418/818/96 1426/502/69
f 1426/502/69 1418/818/96 1419/817/69
f 1426/502/69 1419/817/69 1425/504/66
f 1425/504/66 1419/817/69 1420/816/66
f 1425/504/66 1420/816/66 1424/506/63
f 1424/506/63 1420/816/66 1421/815/63
f 1424/506/63 1421/815/63 1423/508/10
f 1423/508/10 1421/815/63 1422/518/10
f 1429/1/9 1430/823/9 1432/3/9
f 1432/3/9 1430/823/9 1431/824/9
f 1440/9/97 1433/1/97 1439/825/98
f 1439/825/98 1433/1/97 1434/826/98
f 1439/825/98 1434/826/98 1438/827/99
f 1438/827/99 1434/826/98 1435/828/99
f 1438/827/99 1435/828/99 1437/829/100
f 1437/829/100 1435/828/99 1436/830/101
f 1452/9/102 1441/1/102 1451/831/103
f 1451/831/103 1441/1/102 1442/832/103
f 1451/831/103 1442/832/103 1450/833/104
f 1450/833/104 1442/832/103 1443/834/104
f 1450/833/104 1443/834/104 1449/835/105
f 1449/835/105 1443/834/104 1444/836/105
f 1449/835/105 1444/836/105 1448/837/106
f 1448/837/106 1444/836/105 1445/838/106
f 1448/837/106 1445/838/106 1447/839/107
f 1447/839/107 1445/838/106 1446/840/107
f 1460/9/108 1453/1/108 1459/841/109
f 1459/841/109 1453/1/108 1454/842/109
f 1459/841/109 1454/842/109 1458/843/110
f 1458/843/110 1454/842/109 1455/844/110
f 1458/843/110 1455/844/110 1457/845/111
f 1457/845/111 1455/844/110 1456/846/112
f 1461/1/11 1462/847/11 1464/3/11
f 1464/3/11 1462/847/11 1463/848/11
f 1474/9/113 1465/1/113 1473/849/114
f 1473/849/114 1465/1/113 1466/850/114
f 1473/849/114 1466/850/114 1472/851/115
f 1472/851/115 1466/850/114 1467/852/115
f 1472/851/115 1467/852/115 1471/853/116
f 1471/853/116 1467/852/115 1468/854/116
f 1471/853/116 1468/854/116 1470/855/117
f 1470/855/117 1468/854/116 1469/856/117
f 1486/9/118 1475/1/118 1485/857/119
f 1485/857/119 1475/1/118 1476/858/119
f 1485/857/119 1476/858/119 1484/859/120
f 1484/859/120 1476/858/119 1477/860/120
f 1484/859/120 1477/860/120 1483/861/121
f 1483/861/121 1477/860/120 1478/862/121
f 1483/861/121 1478/862/121 1482/863/122
f 1482/863/122 1478/862/121 1479/864/122
f 1482/863/122 1479/864/122 1481/865/123
f 1481/865/123 1479/864/122 1480/866/123
f 1494/9/124 1487/1/124 1493/867/125
f 1493/867/125 1487/1/124 1488/868/125
f 1493/867/125 1488/868/125 1492/869/126
f 1492/869/126 1488/868/125 1489/870/126
f 1492/869/126 1489/870/126 1491/871/127
f 1491/871/127 1489/870/126 1490/872/127
f 1495/1/9 1496/873/9 1498/3/9
f 1498/3/9 1496/873/9 1497/874/9
f 1510/9/1 1499/1/128 1509/500/39
f 1509/500/39 1499/1/128 1500/818/39
f 1509/500/39 1500/818/39 1508/502/40
f 1508/502/40 1500/818/39 1501/817/40
f 1508/502/40 1501/817/40 1507/504/41
f 1507/504/41 1501/817/40 1502/816/41
f 1507/504/41 1502/816/41 1506/506/42
f 1506/506/42 1502/816/41 1503/815/42
f 1506/506/42 1503/815/42 1505/508/9
f 1505/508/9 1503/815/42 1504/518/9
f 1511/1/1 1512/875/1 1514/3/1
f 1514/3/1 1512/875/1 1513/876/1
f 1588/1/10 1589/950/10 1591/3/10
f 1591/3/10 1589/950/10 1590/951/10
f 1603/9/9 1592/1/9 1602/500/96
f 1602/500/96 1592/1/9 1593/818/96
f 1602/500/96 1593/818/96 1601/502/69
f 1601/502/69 1593/818/96 1594/817/69
f 1601/502/69 1594/817/69 1600/504/66
f 1600/504/66 1594/817/69 1595/816/66
f 1600/504/66 1595/816/66 1599/506/63
f 1599/506/63 1595/816/66 1596/815/63
f 1599/506/63 1596/815/63 1598/508/10
f 1598/508/10 1596/815/63 1597/518/10
f 1604/1/9 1605/952/9 1607/3/9
f 1607/3/9 1605/952/9 1606/953/9
f 1619/9/1 1608/1/1 1618/500/39
f 1618/500/39 1608/1/1 1609/818/39
f 1618/500/39 1609/818/39 1617/502/40
f 1617/502/40 1609/818/39 1610/817/40
f 1617/502/40 1610/817/40 1616/504/41
f 1616/504/41 1610/817/40 1611/816/41
f 1616/504/41 1611/816/41 1615/506/42
f 1615/506/42 1611/816/41 1612/815/42
f 1615/506/42 1612/815/42 1614/508/9
f 1614/508/9 1612/815/42 1613/518/9
f 1620/1/1 1621/950/1 1623/3/1
f 1623/3/1 1621/950/1 1622/951/1
f 1635/9/11 1624/1/11 1634/500/34
f 1634/500/34 1624/1/11 1625/818/34
f 1634/500/34 1625/818/34 1633/502/35
f 1633/502/35 1625/818/34 1626/817/35
f 1633/502/35 1626/817/35 1632/504/36
f 1632/504/36 1626/817/35 1627/816/36
f 1632/504/36 1627/816/36 1631/506/37
f 1631/506/37 1627/816/36 1628/815/37
f 1631/506/37 1628/815/37 1630/508/1
f 1630/508/1 1628/815/37 1629/518/1
f 1636/1/11 1637/952/11 1639/3/11
f 1639/3/11 1637/952/11 1638/953/11
f 1651/9/10 1640/1/10 1650/500/61
f 1650/500/61 1640/1/10 1641/818/61
f 1650/500/61 1641/818/61 1649/502/60
f 1649/502/60 1641/818/61 1642/817/60
f 1649/502/60 1642/817/60 1648/504/58
f 1648/504/58 1642/817/60 1643/816/58
f 1648/504/58 1643/816/58 1647/506/88
f 1647/506/88 1643/816/58 1644/815/88
f 1647/506/88 1644/815/88 1646/508/11
f 1646/508/11 1644/815/88 1645/518/11
f 1687/978/10 1676/786/10 1686/979/10
f 1686/979/10 1676/786/10 1677/788/10
f 1686/979/10 1677/788/10 1685/980/10
f 1685/980/10 1677/788/10 1678/3/10
f 1685/980/10 1678/3/10 1682/981/10
f 1682/981/10 1678/3/10 1681/982/10
f 1681/982/10 1678/3/10 1679/792/10
f 1681/982/10 1679/792/10 1680/983/10
f 1683/984/10 1684/985/10 1682/981/10
f 1682/981/10 1684/985/10 1685/980/10
f 1688/796/10 1689/381/10 1699/797/61
f 1699/797/61 1689/381/10 1690/798/61
f 1699/797/61 1690/798/61 1698/799/60
f 1698/799/60 1690/798/61 1691/379/129
f 1698/799/60 1691/379/129 1697/800/58
f 1697/800/58 1691/379/129 1692/801/58
f 1697/800/58 1692/801/58 1696/802/89
f 1696/802/89 1692/801/58 1693/377/88
f 1696/802/89 1693/377/88 1695/803/11
f 1695/803/11 1693/377/88 1694/804/90
f 1707/986/11 1700/806/11 1706/987/11
f 1706/987/11 1700/806/11 1701/805/11
f 1706/987/11 1701/805/11 1705/988/11
f 1705/988/11 1701/805/11 1702/3/11
f 1705/988/11 1702/3/11 1703/792/11
f 1703/792/11 1704/989/11 1705/988/11
f 1708/796/11 1709/381/11 1719/797/34
f 1719/797/34 1709/381/11 1710/798/91
f 1719/797/34 1710/798/91 1718/799/35
f 1718/799/35 1710/798/91 1711/379/35
f 1718/799/35 1711/379/35 1717/800/130
f 1717/800/130 1711/379/35 1712/801/36
f 1717/800/130 1712/801/36 1716/802/37
f 1716/802/37 1712/801/36 1713/377/37
f 1716/802/37 1713/377/37 1715/803/1
f 1715/803/1 1713/377/37 1714/804/1
f 1731/990/1 1720/786/1 1730/991/1
f 1730/991/1 1720/786/1 1721/788/1
f 1730/991/1 1721/788/1 1729/992/1
f 1729/992/1 1721/788/1 1726/993/1
f 1729/992/1 1726/993/1 1728/994/1
f 1728/994/1 1726/993/1 1727/995/1
f 1721/788/1 1722/3/1 1726/993/1
f 1726/993/1 1722/3/1 1725/996/1
f 1725/996/1 1722/3/1 1723/792/1
f 1725/996/1 1723/792/1 1724/997/1
f 1732/796/1 1733/381/1 1743/797/131
f 1743/797/131 1733/381/1 1734/798/39
f 1743/797/131 1734/798/39 1742/799/40
f 1742/799/40 1734/798/39 1735/379/40
f 1742/799/40 1735/379/40 1741/800/92
f 1741/800/92 1735/379/40 1736/801/41
f 1741/800/92 1736/801/41 1740/802/84
f 1740/802/84 1736/801/41 1737/377/132
f 1740/802/84 1737/377/132 1739/803/9
f 1739/803/9 1737/377/132 1738/804/9
f 1745/805/9 1746/3/9 1744/806/9
f 1744/806/9 1746/3/9 1747/792/9
f 1748/796/9 1749/381/9 1759/797/133
f 1759/797/133 1749/381/9 1750/798/93
f 1759/797/133 1750/798/93 1758/799/69
f 1758/799/69 1750/798/93 1751/379/95
f 1758/799/69 1751/379/95 1757/800/66
f 1757/800/66 1751/379/95 1752/801/66
f 1757/800/66 1752/801/66 1756/802/63
f 1756/802/63 1752/801/66 1753/377/134
f 1756/802/63 1753/377/134 1755/803/10
f 1755/803/10 1753/377/134 1754/804/10
f 1771/804/9 1760/518/9 1770/377/135
f 1770/377/135 1760/518/9 1761/815/42
f 1770/377/135 1761/815/42 1769/801/41
f 1769/801/41 1761/815/42 1762/816/41
f 1769/801/41 1762/816/41 1768/379/40
f 1768/379/40 1762/816/41 1763/817/40
f 1768/379/40 1763/817/40 1767/798/39
f 1767/798/39 1763/817/40 1764/818/39
f 1767/798/39 1764/818/39 1766/381/1
f 1766/381/1 1764/818/39 1765/1/1
f 1772/1/9 1773/819/9 1775/3/9
f 1775/3/9 1773/819/9 1774/820/9
f 1787/804/10 1776/518/10 1786/377/63
f 1786/377/63 1776/518/10 1777/815/63
f 1786/377/63 1777/815/63 1785/801/66
f 1785/801/66 1777/815/63 1778/816/66
f 1785/801/66 1778/816/66 1784/379/69
f 1784/379/69 1778/816/66 1779/817/69
f 1784/379/69 1779/817/69 1783/798/96
f 1783/798/96 1779/817/69 1780/818/136
f 1783/798/96 1780/818/136 1782/381/9
f 1782/381/9 1780/818/136 1781/1/9
f 1788/1/10 1789/821/10 1791/3/10
f 1791/3/10 1789/821/10 1790/822/10
f 1803/9/9 1792/1/9 1802/500/136
f 1802/500/136 1792/1/9 1793/818/96
f 1802/500/136 1793/818/96 1801/502/69
f 1801/502/69 1793/818/96 1794/817/137
f 1801/502/69 1794/817/137 1800/504/66
f 1800/504/66 1794/817/137 1795/816/66
f 1800/504/66 1795/816/66 1799/506/63
f 1799/506/63 1795/816/66 1796/815/63
f 1799/506/63 1796/815/63 1798/508/10
f 1798/508/10 1796/815/63 1797/518/10
f 1804/1/9 1805/823/9 1807/3/9
f 1807/3/9 1805/823/9 1806/824/9
f 1815/9/138 1808/1/97 1814/825/98
f 1814/825/98 1808/1/97 1809/826/98
f 1814/825/98 1809/826/98 1813/827/99
f 1813/827/99 1809/826/98 1810/828/99
f 1813/827/99 1810/828/99 1812/829/101
f 1812/829/101 1810/828/99 1811/830/101
f 1827/9/102 1816/1/102 1826/831/103
f 1826/831/103 1816/1/102 1817/832/103
f 1826/831/103 1817/832/103 1825/833/104
f 1825/833/104 1817/832/103 1818/834/104
f 1825/833/104 1818/834/104 1824/835/105
f 1824/835/105 1818/834/104 1819/836/105
f 1824/835/105 1819/836/105 1823/837/106
f 1823/837/106 1819/836/105 1820/838/106
f 1823/837/106 1820/838/106 1822/839/107
f 1822/839/107 1820/838/106 1821/840/107
f 1835/9/108 1828/1/108 1834/841/109
f 1834/841/109 1828/1/108 1829/842/109
f 1834/841/109 1829/842/109 1833/843/110
f 1833/843/110 1829/842/109 1830/844/110
f 1833/843/110 1830/844/110 1832/845/112
f 1832/845/112 1830/844/110 1831/846/112
f 1836/1/11 1837/847/11 1839/3/11
f 1839/3/11 1837/847/11 1838/848/11
f 1849/9/113 1840/1/113 1848/849/114
f 1848/849/114 1840/1/113 1841/850/114
f 1848/849/114 1841/850/114 1847/851/115
f 1847/851/115 1841/850/114 1842/852/115
f 1847/851/115 1842/852/115 1846/853/116
f 1846/853/116 1842/852/115 1843/854/116
f 1846/853/116 1843/854/116 1845/855/139
f 1845/855/139 1843/854/116 1844/856/117
f 1861/9/118 1850/1/118 1860/857/119
f 1860/857/119 1850/1/118 1851/858/119
f 1860/857/119 1851/858/119 1859/859/120
f 1859/859/120 1851/858/119 1852/860/120
f 1859/859/120 1852/860/120 1858/861/121
f 1858/861/121 1852/860/120 1853/862/121
f 1858/861/121 1853/862/121 1857/863/122
f 1857/863/122 1853/862/121 1854/864/122
f 1857/863/122 1854/864/122 1856/865/123
f 1856/865/123 1854/864/122 1855/866/123
f 1869/9/124 1862/1/124 1868/867/125
f 1868/867/125 1862/1/124 1863/868/125
f 1868/867/125 1863/868/125 1867/869/126
f 1867/869/126 1863/868/125 1864/870/126
f 1867/869/126 1864/870/126 1866/871/127
f 1866/871/127 1864/870/126 1865/872/127
f 1870/1/9 1871/873/9 1873/3/9
f 1873/3/9 1871/873/9 1872/874/9
f 1885/9/1 1874/1/140 1884/500/39
f 1884/500/39 1874/1/140 1875/818/39
f 1884/500/39 1875/818/39 1883/502/40
f 1883/502/40 1875/818/39 1876/817/40
f 1883/502/40 1876/817/40 1882/504/41
f 1882/504/41 1876/817/40 1877/816/41
f 1882/504/41 1877/816/41 1881/506/135
f 1881/506/135 1877/816/41 1878/815/42
f 1881/506/135 1878/815/42 1880/508/9
f 1880/508/9 1878/815/42 1879/518/9
f 1886/1/1 1887/875/1 1889/3/1
f 1889/3/1 1887/875/1 1888/876/1
f 1963/1/10 1964/950/10 1966/3/10
f 1966/3/10 1964/950/10 1965/951/10
f 1978/9/9 1967/1/9 1977/500/136
f 1977/500/136 1967/1/9 1968/818/96
f 1977/500/136 1968/818/96 1976/502/69
f 1976/502/69 1968/818/96 1969/817/69
f 1976/502/69 1969/817/69 1975/504/66
f 1975/504/66 1969/817/69 1970/816/66
f 1975/504/66 1970/816/66 1974/506/63
f 1974/506/63 1970/816/66 1971/815/134
f 1974/506/63 1971/815/134 1973/508/10
f 1973/508/10 1971/815/134 1972/518/10
f 1979/1/9 1980/952/9 1982/3/9
f 1982/3/9 1980/952/9 1981/953/9
f 1994/9/1 1983/1/1 1993/500/131
f 1993/500/131 1983/1/1 1984/818/39
f 1993/500/131 1984/818/39 1992/502/40
f 1992/502/40 1984/818/39 1985/817/40
f 1992/502/40 1985/817/40 1991/504/41
f 1991/504/41 1985/817/40 1986/816/41
f 1991/504/41 1986/816/41 1990/506/42
f 1990/506/42 1986/816/41 1987/815/135
f 1990/506/42 1987/815/135 1989/508/9
f 1989/508/9 1987/815/135 1988/518/9
f 1995/1/1 1996/950/1 1998/3/1
f 1998/3/1 1996/950/1 1997/951/1
f 2010/9/11 1999/1/11 2009/500/91
f 2009/500/91 1999/1/11 2000/818/34
f 2009/500/91 2000/818/34 2008/502/35
f 2008/502/35 2000/818/34 2001/817/35
f 2008/502/35 2001/817/35 2007/504/36
f 2007/504/36 2001/817/35 2002/816/36
f 2007/504/36 2002/816/36 2006/506/37
f 2006/506/37 2002/816/36 2003/815/37
f 2006/506/37 2003/815/37 2005/508/1
f 2005/508/1 2003/815/37 2004/518/1
f 2011/1/11 2012/952/11 2014/3/11
f 2014/3/11 2012/952/11 2013/953/11
f 2026/9/10 2015/1/10 2025/500/61
f 2025/500/61 2015/1/10 2016/818/61
f 2025/500/61 2016/818/61 2024/502/60
f 2024/502/60 2016/818/61 2017/817/60
f 2024/502/60 2017/817/60 2023/504/58
f 2023/504/58 2017/817/60 2018/816/58
f 2023/504/58 2018/816/58 2022/506/88
f 2022/506/88 2018/816/58 2019/815/89
f 2022/506/88 2019/815/89 2021/508/11
f 2021/508/11 2019/815/89 2020/518/11
f 2060/998/10 2051/786/10 2059/999/10
f 2059/999/10 2051/786/10 2052/788/10
f 2059/999/10 2052/788/10 2058/1000/10
f 2058/1000/10 2052/788/10 2053/3/10
f 2058/1000/10 2053/3/10 2055/1001/10
f 2055/1001/10 2053/3/10 2054/1002/10
f 2056/1003/10 2057/1004/10 2055/1001/10
f 2055/1001/10 2057/1004/10 2058/1000/10
f 2061/1005/10 2062/381/10 2075/1006/141
f 2075/1006/141 2062/381/10 2074/1007/142
f 2074/1007/142 2062/381/10 2063/798/61
f 2074/1007/142 2063/798/61 2073/1008/143
f 2073/1008/143 2063/798/61 2071/1009/144
f 2073/1008/143 2071/1009/144 2072/1010/143
f 2063/798/61 2064/379/60 2071/1009/144
f 2071/1009/144 2064/379/60 2070/1011/145
f 2070/1011/145 2064/379/60 2065/801/58
f 2070/1011/145 2065/801/58 2069/1012/146
f 2069/1012/146 2065/801/58 2066/377/57
f 2069/1012/146 2066/377/57 2068/803/11
f 2068/803/11 2066/377/57 2067/804/90
f 2087/1013/11 2076/806/11 2086/1014/11
f 2086/1014/11 2076/806/11 2077/805/11
f 2086/1014/11 2077/805/11 2085/1015/11
f 2085/1015/11 2077/805/11 2082/1016/11
f 2085/1015/11 2082/1016/11 2084/1017/11
f 2084/1017/11 2082/1016/11 2083/1018/11
f 2077/805/11 2078/3/11 2082/1016/11
f 2082/1016/11 2078/3/11 2081/1019/11
f 2081/1019/11 2078/3/11 2079/792/11
f 2081/1019/11 2079/792/11 2080/1020/11
f 2088/796/50 2089/381/11 2099/797/54
f 2099/797/54 2089/381/11 2090/798/55
f 2099/797/54 2090/798/55 2098/799/35
f 2098/799/35 2090/798/55 2091/379/147
f 2098/799/35 2091/379/147 2097/800/36
f 2097/800/36 2091/379/147 2092/801/36
f 2097/800/36 2092/801/36 2096/802/37
f 2096/802/37 2092/801/36 2093/377/37
f 2096/802/37 2093/377/37 2095/803/1
f 2095/803/1 2093/377/37 2094/804/148
f 2111/1021/1 2100/786/1 2110/1022/1
f 2110/1022/1 2100/786/1 2101/788/1
f 2110/1022/1 2101/788/1 2109/1023/1
f 2109/1023/1 2101/788/1 2106/1024/1
f 2109/1023/1 2106/1024/1 2108/1025/1
f 2108/1025/1 2106/1024/1 2107/1026/1
f 2101/788/1 2102/3/1 2106/1024/1
f 2106/1024/1 2102/3/1 2105/1027/1
f 2105/1027/1 2102/3/1 2103/792/1
f 2105/1027/1 2103/792/1 2104/1028/1
f 2112/796/1 2113/381/1 2123/797/149
f 2123/797/149 2113/381/1 2114/798/39
f 2123/797/149 2114/798/39 2122/799/40
f 2122/799/40 2114/798/39 2115/379/40
f 2122/799/40 2115/379/40 2121/800/41
f 2121/800/41 2115/379/40 2116/801/150
f 2121/800/41 2116/801/150 2120/802/135
f 2120/802/135 2116/801/150 2117/377/84
f 2120/802/135 2117/377/84 2119/803/151
f 2119/803/151 2117/377/84 2118/804/9
f 2125/805/9 2126/3/9 2124/806/9
f 2124/806/9 2126/3/9 2127/792/9
f 2128/796/9 2129/381/152 2139/797/93
f 2139/797/93 2129/381/152 2130/798/94
f 2139/797/93 2130/798/94 2138/799/153
f 2138/799/153 2130/798/94 2131/379/69
f 2138/799/153 2131/379/69 2137/800/66
f 2137/800/66 2131/379/69 2132/801/66
f 2137/800/66 2132/801/66 2136/802/63
f 2136/802/63 2132/801/66 2133/377/154
f 2136/802/63 2133/377/154 2135/803/10
f 2135/803/10 2133/377/154 2134/804/10
f 2151/804/9 2140/518/9 2150/377/85
f 2150/377/85 2140/518/9 2141/815/42
f 2150/377/85 2141/815/42 2149/801/41
f 2149/801/41 2141/815/42 2142/816/41
f 2149/801/41 2142/816/41 2148/379/40
f 2148/379/40 2142/816/41 2143/817/40
f 2148/379/40 2143/817/40 2147/798/39
f 2147/798/39 2143/817/40 2144/818/39
f 2147/798/39 2144/818/39 2146/381/1
f 2146/381/1 2144/818/39 2145/1/128
f 2152/1/9 2153/819/9 2155/3/9
f 2155/3/9 2153/819/9 2154/820/9
f 2167/804/155 2156/518/10 2166/377/63
f 2166/377/63 2156/518/10 2157/815/63
f 2166/377/63 2157/815/63 2165/801/66
f 2165/801/66 2157/815/63 2158/816/66
f 2165/801/66 2158/816/66 2164/379/69
f 2164/379/69 2158/816/66 2159/817/69
f 2164/379/69 2159/817/69 2163/798/96
f 2163/798/96 2159/817/69 2160/818/94
f 2163/798/96 2160/818/94 2162/381/9
f 2162/381/9 2160/818/94 2161/1/152
f 2168/1/10 2169/821/10 2171/3/10
f 2171/3/10 2169/821/10 2170/822/10
f 2183/9/9 2172/1/152 2182/500/96
f 2182/500/96 2172/1/152 2173/818/96
f 2182/500/96 2173/818/96 2181/502/69
f 2181/502/69 2173/818/96 2174/817/95
f 2181/502/69 2174/817/95 2180/504/66
f 2180/504/66 2174/817/95 2175/816/66
f 2180/504/66 2175/816/66 2179/506/154
f 2179/506/154 2175/816/66 2176/815/63
f 2179/506/154 2176/815/63 2178/508/10
f 2178/508/10 2176/815/63 2177/518/155
f 2184/1/9 2185/823/9 2187/3/9
f 2187/3/9 2185/823/9 2186/824/9
f 2195/9/156 2188/1/97 2194/825/98
f 2194/825/98 2188/1/97 2189/826/157
f 2194/825/98 2189/826/157 2193/827/99
f 2193/827/99 2189/826/157 2190/828/99
f 2193/827/99 2190/828/99 2192/829/101
f 2192/829/101 2190/828/99 2191/830/101
f 2207/9/102 2196/1/102 2206/831/103
f 2206/831/103 2196/1/102 2197/832/103
f 2206/831/103 2197/832/103 2205/833/104
f 2205/833/104 2197/832/103 2198/834/104
f 2205/833/104 2198/834/104 2204/835/105
f 2204/835/105 2198/834/104 2199/836/105
f 2204/835/105 2199/836/105 2203/837/106
f 2203/837/106 2199/836/105 2200/838/106
f 2203/837/106 2200/838/106 2202/839/107
f 2202/839/107 2200/838/106 2201/840/107
f 2215/9/108 2208/1/108 2214/841/109
f 2214/841/109 2208/1/108 2209/842/109
f 2214/841/109 2209/842/109 2213/843/110
f 2213/843/110 2209/842/109 2210/844/110
f 2213/843/110 2210/844/110 2212/845/112
f 2212/845/112 2210/844/110 2211/846/112
f 2216/1/11 2217/847/11 2219/3/11
f 2219/3/11 2217/847/11 2218/848/11
f 2229/9/113 2220/1/113 2228/849/114
f 2228/849/114 2220/1/113 2221/850/114
f 2228/849/114 2221/850/114 2227/851/115
f 2227/851/115 2221/850/114 2222/852/115
f 2227/851/115 2222/852/115 2226/853/116
f 2226/853/116 2222/852/115 2223/854/116
f 2226/853/116 2223/854/116 2225/855/117
f 2225/855/117 2223/854/116 2224/856/117
f 2241/9/118 2230/1/118 2240/857/119
f 2240/857/119 2230/1/118 2231/858/119
f 2240/857/119 2231/858/119 2239/859/120
f 2239/859/120 2231/858/119 2232/860/120
f 2239/859/120 2232/860/120 2238/861/121
f 2238/861/121 2232/860/120 2233/862/121
f 2238/861/121 2233/862/121 2237/863/122
f 2237/863/122 2233/862/121 2234/864/122
f 2237/863/122 2234/864/122 2236/865/123
f 2236/865/123 2234/864/122 2235/866/123
f 2249/9/124 2242/1/124 2248/867/125
f 2248/867/125 2242/1/124 2243/868/125
f 2248/867/125 2243/868/125 2247/869/126
f 2247/869/126 2243/868/125 2244/870/126
f 2247/869/126 2244/870/126 2246/871/127
f 2246/871/127 2244/870/126 2245/872/127
f 2250/1/9 2251/873/9 2253/3/9
f 2253/3/9 2251/873/9 2252/874/9
f 2265/9/1 2254/1/158 2264/500/39
f 2264/500/39 2254/1/158 2255/818/39
f 2264/500/39 2255/818/39 2263/502/40
f 2263/502/40 2255/818/39 2256/817/40
f 2263/502/40 2256/817/40 2262/504/41
f 2262/504/41 2256/817/40 2257/816/41
f 2262/504/41 2257/816/41 2261/506/42
f 2261/506/42 2257/816/41 2258/815/85
f 2261/506/42 2258/815/85 2260/508/159
f 2260/508/159 2258/815/85 2259/518/151
f 2266/1/1 2267/875/1 2269/3/1
f 2269/3/1 2267/875/1 2268/876/1
f 2343/1/10 2344/950/10 2346/3/10
f 2346/3/10 2344/950/10 2345/951/10
f 2358/9/9 2347/1/9 2357/500/96
f 2357/500/96 2347/1/9 2348/818/96
f 2357/500/96 2348/818/96 2356/502/69
f 2356/502/69 2348/818/96 2349/817/95
f 2356/502/69 2349/817/95 2355/504/66
f 2355/504/66 2349/817/95 2350/816/66
f 2355/504/66 2350/816/66 2354/506/154
f 2354/506/154 2350/816/66 2351/815/63
f 2354/506/154 2351/815/63 2353/508/10
f 2353/508/10 2351/815/63 2352/518/155
f 2359/1/9 2360/952/9 2362/3/9
f 2362/3/9 2360/952/9 2361/953/9
f 2374/9/128 2363/1/1 2373/500/39
f 2373/500/39 2363/1/1 2364/818/149
f 2373/500/39 2364/818/149 2372/502/40
f 2372/502/40 2364/818/149 2365/817/40
f 2372/502/40 2365/817/40 2371/504/92
f 2371/504/92 2365/817/40 2366/816/41
f 2371/504/92 2366/816/41 2370/506/42
f 2370/506/42 2366/816/41 2367/815/42
f 2370/506/42 2367/815/42 2369/508/151
f 2369/508/151 2367/815/42 2368/518/9
f 2375/1/1 2376/950/1 2378/3/1
f 2378/3/1 2376/950/1 2377/951/1
f 2390/9/11 2379/1/11 2389/500/160
f 2389/500/160 2379/1/11 2380/818/34
f 2389/500/160 2380/818/34 2388/502/35
f 2388/502/35 2380/818/34 2381/817/35
f 2388/502/35 2381/817/35 2387/504/36
f 2387/504/36 2381/817/35 2382/816/36
f 2387/504/36 2382/816/36 2386/506/37
f 2386/506/37 2382/816/36 2383/815/37
f 2386/506/37 2383/815/37 2385/508/1
f 2385/508/1 2383/815/37 2384/518/1
f 2391/1/11 2392/952/11 2394/3/11
f 2394/3/11 2392/952/11 2393/953/11
f 2406/9/10 2395/1/10 2405/500/61
f 2405/500/61 2395/1/10 2396/818/61
f 2405/500/61 2396/818/61 2404/502/60
f 2404/502/60 2396/818/61 2397/817/60
f 2404/502/60 2397/817/60 2403/504/58
f 2403/504/58 2397/817/60 2398/816/58
f 2403/504/58 2398/816/58 2402/506/88
f 2402/506/88 2398/816/58 2399/815/161
f 2402/506/88 2399/815/161 2401/508/162
f 2401/508/162 2399/815/161 2400/518/90
f 2438/1029/10 2431/786/10 2437/1030/10
f 2437/1030/10 2431/786/10 2432/788/10
f 2437/1030/10 2432/788/10 2436/1031/10
f 2436/1031/10 2432/788/10 2433/3/10
f 2436/1031/10 2433/3/10 2434/792/10
f 2434/792/10 2435/1032/10 2436/1031/10
f 2439/796/10 2440/381/163 2454/1033/164
f 2454/1033/164 2440/381/163 2453/1034/165
f 2453/1034/165 2440/381/163 2451/1035/166
f 2453/1034/165 2451/1035/166 2452/1036/166
f 2440/381/163 2441/798/167 2451/1035/166
f 2451/1035/166 2441/798/167 2450/1037/168
f 2450/1037/168 2441/798/167 2442/379/169
f 2450/1037/168 2442/379/169 2449/1038/170
f 2449/1038/170 2442/379/169 2443/801/58
f 2449/1038/170 2443/801/58 2448/1039/171
f 2448/1039/171 2443/801/58 2444/377/56
f 2448/1039/171 2444/377/56 2447/1040/172
f 2447/1040/172 2444/377/56 2445/804/11
f 2447/1040/172 2445/804/11 2446/1041/11
f 2455/1042/11 2456/805/11 2464/1043/11
f 2464/1043/11 2456/805/11 2461/1044/11
f 2464/1043/11 2461/1044/11 2463/1045/11
f 2463/1045/11 2461/1044/11 2462/1046/11
f 2456/805/11 2457/3/11 2461/1044/11
f 2461/1044/11 2457/3/11 2460/1047/11
f 2460/1047/11 2457/3/11 2458/792/11
f 2460/1047/11 2458/792/11 2459/1048/11
f 2465/796/11 2466/381/11 2478/1049/173
f 2478/1049/173 2466/381/11 2467/798/160
f 2478/1049/173 2467/798/160 2477/1050/174
f 2477/1050/174 2467/798/160 2468/379/175
f 2477/1050/174 2468/379/175 2476/1051/176
f 2476/1051/176 2468/379/175 2475/1052/177
f 2475/1052/177 2468/379/175 2469/801/36
f 2475/1052/177 2469/801/36 2474/1053/178
f 2474/1053/178 2469/801/36 2470/377/37
f 2474/1053/178 2470/377/37 2473/1054/179
f 2473/1054/179 2470/377/37 2471/804/1
f 2473/1054/179 2471/804/1 2472/1041/1
f 2479/1055/1 2480/788/1 2488/1056/1
f 2488/1056/1 2480/788/1 2485/1057/1
f 2488/1056/1 2485/1057/1 2487/1058/1
f 2487/1058/1 2485/1057/1 2486/1059/1
f 2480/788/1 2481/3/1 2485/1057/1
f 2485/1057/1 2481/3/1 2484/1060/1
f 2484/1060/1 2481/3/1 2482/792/1
f 2484/1060/1 2482/792/1 2483/1061/1
f 2489/796/128 2490/381/1 2500/797/39
f 2500/797/39 2490/381/1 2491/798/39
f 2500/797/39 2491/798/39 2499/799/180
f 2499/799/180 2491/798/39 2492/379/181
f 2499/799/180 2492/379/181 2498/800/182
f 2498/800/182 2492/379/181 2493/801/183
f 2498/800/182 2493/801/183 2497/802/184
f 2497/802/184 2493/801/183 2494/377/85
f 2497/802/184 2494/377/85 2496/803/9
f 2496/803/9 2494/377/85 2495/804/9
f 2502/805/9 2503/3/9 2501/806/9
f 2501/806/9 2503/3/9 2504/792/9
f 2505/796/9 2506/381/9 2516/797/94
f 2516/797/94 2506/381/9 2507/798/185
f 2516/797/94 2507/798/185 2515/799/186
f 2515/799/186 2507/798/185 2508/379/187
f 2515/799/186 2508/379/187 2514/800/188
f 2514/800/188 2508/379/187 2509/801/189
f 2514/800/188 2509/801/189 2513/802/63
f 2513/802/63 2509/801/189 2510/377/63
f 2513/802/63 2510/377/63 2512/803/10
f 2512/803/10 2510/377/63 2511/804/155
f 2528/804/9 2517/518/9 2527/377/84
f 2527/377/84 2517/518/9 2518/815/85
f 2527/377/84 2518/815/85 2526/801/41
f 2526/801/41 2518/815/85 2519/816/41
f 2526/801/41 2519/816/41 2525/379/40
f 2525/379/40 2519/816/41 2520/817/40
f 2525/379/40 2520/817/40 2524/798/39
f 2524/798/39 2520/817/40 2521/818/39
f 2524/798/39 2521/818/39 2523/381/1
f 2523/381/1 2521/818/39 2522/1/1
f 2529/1/9 2530/819/9 2532/3/9
f 2532/3/9 2530/819/9 2531/820/9
f 2544/804/10 2533/518/10 2543/377/63
f 2543/377/63 2533/518/10 2534/815/63
f 2543/377/63 2534/815/63 2542/801/66
f 2542/801/66 2534/815/63 2535/816/66
f 2542/801/66 2535/816/66 2541/379/69
f 2541/379/69 2535/816/66 2536/817/69
f 2541/379/69 2536/817/69 2540/798/94
f 2540/798/94 2536/817/69 2537/818/93
f 2540/798/94 2537/818/93 2539/381/9
f 2539/381/9 2537/818/93 2538/1/9
f 2545/1/10 2546/821/10 2548/3/10
f 2548/3/10 2546/821/10 2547/822/10
f 2560/9/9 2549/1/9 2559/500/94
f 2559/500/94 2549/1/9 2550/818/93
f 2559/500/94 2550/818/93 2558/502/69
f 2558/502/69 2550/818/93 2551/817/69
f 2558/502/69 2551/817/69 2557/504/66
f 2557/504/66 2551/817/69 2552/816/66
f 2557/504/66 2552/816/66 2556/506/63
f 2556/506/63 2552/816/66 2553/815/63
f 2556/506/63 2553/815/63 2555/508/10
f 2555/508/10 2553/815/63 2554/518/10
f 2561/1/9 2562/823/9 2564/3/9
f 2564/3/9 2562/823/9 2563/824/9
f 2572/9/156 2565/1/156 2571/825/98
f 2571/825/98 2565/1/156 2566/826/157
f 2571/825/98 2566/826/157 2570/827/99
f 2570/827/99 2566/826/157 2567/828/99
f 2570/827/99 2567/828/99 2569/829/101
f 2569/829/101 2567/828/99 2568/830/101
f 2584/9/102 2573/1/102 2583/831/103
f 2583/831/103 2573/1/102 2574/832/103
f 2583/831/103 2574/832/103 2582/833/104
f 2582/833/104 2574/832/103 2575/834/104
f 2582/833/104 2575/834/104 2581/835/105
f 2581/835/105 2575/834/104 2576/836/105
f 2581/835/105 2576/836/105 2580/837/106
f 2580/837/106 2576/836/105 2577/838/106
f 2580/837/106 2577/838/106 2579/839/107
f 2579/839/107 2577/838/106 2578/840/107
f 2592/9/108 2585/1/108 2591/841/109
f 2591/841/109 2585/1/108 2586/842/109
f 2591/841/109 2586/842/109 2590/843/110
f 2590/843/110 2586/842/109 2587/844/110
f 2590/843/110 2587/844/110 2589/845/112
f 2589/845/112 2587/844/110 2588/846/112
f 2593/1/11 2594/847/11 2596/3/11
f 2596/3/11 2594/847/11 2595/848/11
f 2606/9/113 2597/1/113 2605/849/114
f 2605/849/114 2597/1/113 2598/850/114
f 2605/849/114 2598/850/114 2604/851/115
f 2604/851/115 2598/850/114 2599/852/115
f 2604/851/115 2599/852/115 2603/853/116
f 2603/853/116 2599/852/115 2600/854/116
f 2603/853/116 2600/854/116 2602/855/117
f 2602/855/117 2600/854/116 2601/856/117
f 2618/9/118 2607/1/118 2617/857/119
f 2617/857/119 2607/1/118 2608/858/119
f 2617/857/119 2608/858/119 2616/859/120
f 2616/859/120 2608/858/119 2609/860/120
f 2616/859/120 2609/860/120 2615/861/121
f 2615/861/121 2609/860/120 2610/862/121
f 2615/861/121 2610/862/121 2614/863/122
f 2614/863/122 2610/862/121 2611/864/122
f 2614/863/122 2611/864/122 2613/865/123
f 2613/865/123 2611/864/122 2612/866/123
f 2626/9/124 2619/1/124 2625/867/125
f 2625/867/125 2619/1/124 2620/868/125
f 2625/867/125 2620/868/125 2624/869/126
f 2624/869/126 2620/868/125 2621/870/126
f 2624/869/126 2621/870/126 2623/871/127
f 2623/871/127 2621/870/126 2622/872/127
f 2627/1/9 2628/873/9 2630/3/9
f 2630/3/9 2628/873/9 2629/874/9
f 2642/9/1 2631/1/1 2641/500/149
f 2641/500/149 2631/1/1 2632/818/39
f 2641/500/149 2632/818/39 2640/502/40
f 2640/502/40 2632/818/39 2633/817/40
f 2640/502/40 2633/817/40 2639/504/41
f 2639/504/41 2633/817/40 2634/816/41
f 2639/504/41 2634/816/41 2638/506/85
f 2638/506/85 2634/816/41 2635/815/84
f 2638/506/85 2635/815/84 2637/508/9
f 2637/508/9 2635/815/84 2636/518/9
f 2643/1/1 2644/875/1 2646/3/1
f 2646/3/1 2644/875/1 2645/876/1
f 2720/1/10 2721/950/10 2723/3/10
f 2723/3/10 2721/950/10 2722/951/10
f 2735/9/9 2724/1/9 2734/500/94
f 2734/500/94 2724/1/9 2725/818/93
f 2734/500/94 2725/818/93 2733/502/69
f 2733/502/69 2725/818/93 2726/817/69
f 2733/502/69 2726/817/69 2732/504/66
f 2732/504/66 2726/817/69 2727/816/66
f 2732/504/66 2727/816/66 2731/506/63
f 2731/506/63 2727/816/66 2728/815/63
f 2731/506/63 2728/815/63 2730/508/10
f 2730/508/10 2728/815/63 2729/518/10
f 2736/1/9 2737/952/9 2739/3/9
f 2739/3/9 2737/952/9 2738/953/9
f 2751/9/1 2740/1/1 2750/500/39
f 2750/500/39 2740/1/1 2741/818/39
f 2750/500/39 2741/818/39 2749/502/40
f 2749/502/40 2741/818/39 2742/817/40
f 2749/502/40 2742/817/40 2748/504/41
f 2748/504/41 2742/817/40 2743/816/41
f 2748/504/41 2743/816/41 2747/506/84
f 2747/506/84 2743/816/41 2744/815/85
f 2747/506/84 2744/815/85 2746/508/9
f 2746/508/9 2744/815/85 2745/518/9
f 2752/1/1 2753/950/1 2755/3/1
f 2755/3/1 2753/950/1 2754/951/1
f 2767/9/11 2756/1/11 2766/500/160
f 2766/500/160 2756/1/11 2757/818/54
f 2766/500/160 2757/818/54 2765/502/35
f 2765/502/35 2757/818/54 2758/817/35
f 2765/502/35 2758/817/35 2764/504/190
f 2764/504/190 2758/817/35 2759/816/36
f 2764/504/190 2759/816/36 2763/506/191
f 2763/506/191 2759/816/36 2760/815/37
f 2763/506/191 2760/815/37 2762/508/1
f 2762/508/1 2760/815/37 2761/518/1
f 2768/1/11 2769/952/11 2771/3/11
f 2771/3/11 2769/952/11 2770/953/11
f 2783/9/10 2772/1/10 2782/500/61
f 2782/500/61 2772/1/10 2773/818/167
f 2782/500/61 2773/818/167 2781/502/60
f 2781/502/60 2773/818/167 2774/817/192
f 2781/502/60 2774/817/192 2780/504/58
f 2780/504/58 2774/817/192 2775/816/58
f 2780/504/58 2775/816/58 2779/506/57
f 2779/506/57 2775/816/58 2776/815/161
f 2779/506/57 2776/815/161 2778/508/11
f 2778/508/11 2776/815/161 2777/518/11
f 2819/785/10 2808/786/10 2818/787/10
f 2818/787/10 2808/786/10 2809/788/10
f 2818/787/10 2809/788/10 2817/789/10
f 2817/789/10 2809/788/10 2810/3/10
f 2817/789/10 2810/3/10 2814/790/10
f 2814/790/10 2810/3/10 2813/791/10
f 2813/791/10 2810/3/10 2811/792/10
f 2813/791/10 2811/792/10 2812/793/10
f 2815/794/10 2816/795/10 2814/790/10
f 2814/790/10 2816/795/10 2817/789/10
f 2820/796/10 2821/381/10 2831/797/61
f 2831/797/61 2821/381/10 2822/798/61
f 2831/797/61 2822/798/61 2830/799/60
f 2830/799/60 2822/798/61 2823/379/60
f 2830/799/60 2823/379/60 2829/800/58
f 2829/800/58 2823/379/60 2824/801/58
f 2829/800/58 2824/801/58 2828/802/88
f 2828/802/88 2824/801/58 2825/377/161
f 2828/802/88 2825/377/161 2827/803/11
f 2827/803/11 2825/377/161 2826/804/90
f 2833/805/11 2834/3/11 2832/806/11
f 2832/806/11 2834/3/11 2835/792/11
f 2836/796/50 2837/381/11 2847/797/91
f 2847/797/91 2837/381/11 2838/798/34
f 2847/797/91 2838/798/34 2846/799/35
f 2846/799/35 2838/798/34 2839/379/35
f 2846/799/35 2839/379/35 2845/800/36
f 2845/800/36 2839/379/35 2840/801/36
f 2845/800/36 2840/801/36 2844/802/37
f 2844/802/37 2840/801/36 2841/377/37
f 2844/802/37 2841/377/37 2843/803/1
f 2843/803/1 2841/377/37 2842/804/1
f 2859/807/1 2848/786/1 2858/808/1
f 2858/808/1 2848/786/1 2849/788/1
f 2858/808/1 2849/788/1 2857/809/1
f 2857/809/1 2849/788/1 2850/3/1
f 2857/809/1 2850/3/1 2854/810/1
f 2854/810/1 2850/3/1 2853/811/1
f 2853/811/1 2850/3/1 2851/792/1
f 2853/811/1 2851/792/1 2852/812/1
f 2855/813/1 2856/814/1 2854/810/1
f 2854/810/1 2856/814/1 2857/809/1
f 2860/796/1 2861/381/1 2871/797/39
f 2871/797/39 2861/381/1 2862/798/39
f 2871/797/39 2862/798/39 2870/799/40
f 2870/799/40 2862/798/39 2863/379/40
f 2870/799/40 2863/379/40 2869/800/41
f 2869/800/41 2863/379/40 2864/801/92
f 2869/800/41 2864/801/92 2868/802/85
f 2868/802/85 2864/801/92 2865/377/84
f 2868/802/85 2865/377/84 2867/803/9
f 2867/803/9 2865/377/84 2866/804/9
f 2873/805/9 2874/3/9 2872/806/9
f 2872/806/9 2874/3/9 2875/792/9
f 2876/796/9 2877/381/152 2887/797/93
f 2887/797/93 2877/381/152 2878/798/94
f 2887/797/93 2878/798/94 2886/799/95
f 2886/799/95 2878/798/94 2879/379/69
f 2886/799/95 2879/379/69 2885/800/66
f 2885/800/66 2879/379/69 2880/801/66
f 2885/800/66 2880/801/66 2884/802/63
f 2884/802/63 2880/801/66 2881/377/63
f 2884/802/63 2881/377/63 2883/803/10
f 2883/803/10 2881/377/63 2882/804/10
f 2899/804/9 2888/518/9 2898/377/42
f 2898/377/42 2888/518/9 2889/815/42
f 2898/377/42 2889/815/42 2897/801/41
f 2897/801/41 2889/815/42 2890/816/41
f 2897/801/41 2890/816/41 2896/379/40
f 2896/379/40 2890/816/41 2891/817/40
f 2896/379/40 2891/817/40 2895/798/39
f 2895/798/39 2891/817/40 2892/818/39
f 2895/798/39 2892/818/39 2894/381/1
f 2894/381/1 2892/818/39 2893/1/1
f 2900/1/9 2901/819/9 2903/3/9
f 2903/3/9 2901/819/9 2902/820/9
f 2915/804/10 2904/518/10 2914/377/63
f 2914/377/63 2904/518/10 2905/815/63
f 2914/377/63 2905/815/63 2913/801/66
f 2913/801/66 2905/815/63 2906/816/66
f 2913/801/66 2906/816/66 2912/379/69
f 2912/379/69 2906/816/66 2907/817/69
f 2912/379/69 2907/817/69 2911/798/96
f 2911/798/96 2907/817/69 2908/818/96
f 2911/798/96 2908/818/96 2910/381/9
f 2910/381/9 2908/818/96 2909/1/9
f 2916/1/10 2917/821/10 2919/3/10
f 2919/3/10 2917/821/10 2918/822/10
f 2931/9/9 2920/1/9 2930/500/96
f 2930/500/96 2920/1/9 2921/818/96
f 2930/500/96 2921/818/96 2929/502/69
f 2929/502/69 2921/818/96 2922/817/69
f 2929/502/69 2922/817/69 2928/504/66
f 2928/504/66 2922/817/69 2923/816/66
f 2928/504/66 2923/816/66 2927/506/63
f 2927/506/63 2923/816/66 2924/815/63
f 2927/506/63 2924/815/63 2926/508/10
f 2926/508/10 2924/815/63 2925/518/10
f 2932/1/9 2933/823/9 2935/3/9
f 2935/3/9 2933/823/9 2934/824/9
f 2943/9/156 2936/1/156 2942/825/98
f 2942/825/98 2936/1/156 2937/826/98
f 2942/825/98 2937/826/98 2941/827/99
f 2941/827/99 2937/826/98 2938/828/99
f 2941/827/99 2938/828/99 2940/829/101
f 2940/829/101 2938/828/99 2939/830/101
f 2955/9/102 2944/1/102 2954/831/103
f 2954/831/103 2944/1/102 2945/832/103
f 2954/831/103 2945/832/103 2953/833/104
f 2953/833/104 2945/832/103 2946/834/104
f 2953/833/104 2946/834/104 2952/835/105
f 2952/835/105 2946/834/104 2947/836/105
f 2952/835/105 2947/836/105 2951/837/106
f 2951/837/106 2947/836/105 2948/838/106
f 2951/837/106 2948/838/106 2950/839/107
f 2950/839/107 2948/838/106 2949/840/107
f 2963/9/108 2956/1/108 2962/841/109
f 2962/841/109 2956/1/108 2957/842/109
f 2962/841/109 2957/842/109 2961/843/110
f 2961/843/110 2957/842/109 2958/844/110
f 2961/843/110 2958/844/110 2960/845/112
f 2960/845/112 2958/844/110 2959/846/112
f 2964/1/11 2965/847/11 2967/3/11
f 2967/3/11 2965/847/11 2966/848/11
f 2977/9/113 2968/1/113 2976/849/114
f 2976/849/114 2968/1/113 2969/850/114
f 2976/849/114 2969/850/114 2975/851/115
f 2975/851/115 2969/850/114 2970/852/115
f 2975/851/115 2970/852/115 2974/853/116
f 2974/853/116 2970/852/115 2971/854/116
f 2974/853/116 2971/854/116 2973/855/117
f 2973/855/117 2971/854/116 2972/856/117
f 2989/9/118 2978/1/118 2988/857/119
f 2988/857/119 2978/1/118 2979/858/119
f 2988/857/119 2979/858/119 2987/859/120
f 2987/859/120 2979/858/119 2980/860/120
f 2987/859/120 2980/860/120 2986/861/121
f 2986/861/121 2980/860/120 2981/862/121
f 2986/861/121 2981/862/121 2985/863/122
f 2985/863/122 2981/862/121 2982/864/122
f 2985/863/122 2982/864/122 2984/865/123
f 2984/865/123 2982/864/122 2983/866/123
f 2997/9/124 2990/1/124 2996/867/125
f 2996/867/125 2990/1/124 2991/868/125
f 2996/867/125 2991/868/125 2995/869/126
f 2995/869/126 2991/868/125 2992/870/126
f 2995/869/126 2992/870/126 2994/871/127
f 2994/871/127 2992/870/126 2993/872/127
f 2998/1/9 2999/873/9 3001/3/9
f 3001/3/9 2999/873/9 3000/874/9
f 3013/9/1 3002/1/1 3012/500/39
f 3012/500/39 3002/1/1 3003/818/39
f 3012/500/39 3003/818/39 3011/502/40
f 3011/502/40 3003/818/39 3004/817/40
f 3011/502/40 3004/817/40 3010/504/41
f 3010/504/41 3004/817/40 3005/816/41
f 3010/504/41 3005/816/41 3009/506/42
f 3009/506/42 3005/816/41 3006/815/42
f 3009/506/42 3006/815/42 3008/508/9
f 3008/508/9 3006/815/42 3007/518/9
f 3014/1/1 3015/875/1 3017/3/1
f 3017/3/1 3015/875/1 3016/876/1
f 3091/1/10 3092/950/10 3094/3/10
f 3094/3/10 3092/950/10 3093/951/10
f 3106/9/9 3095/1/9 3105/500/96
f 3105/500/96 3095/1/9 3096/818/96
f 3105/500/96 3096/818/96 3104/502/69
f 3104/502/69 3096/818/96 3097/817/69
f 3104/502/69 3097/817/69 3103/504/66
f 3103/504/66 3097/817/69 3098/816/66
f 3103/504/66 3098/816/66 3102/506/63
f 3102/506/63 3098/816/66 3099/815/63
f 3102/506/63 3099/815/63 3101/508/10
f 3101/508/10 3099/815/63 3100/518/10
f 3107/1/9 3108/952/9 3110/3/9
f 3110/3/9 3108/952/9 3109/953/9
f 3122/9/1 3111/1/1 3121/500/39
f 3121/500/39 3111/1/1 3112/818/39
f 3121/500/39 3112/818/39 3120/502/40
f 3120/502/40 3112/818/39 3113/817/40
f 3120/502/40 3113/817/40 3119/504/41
f 3119/504/41 3113/817/40 3114/816/41
f 3119/504/41 3114/816/41 3118/506/42
f 3118/506/42 3114/816/41 3115/815/42
f 3118/506/42 3115/815/42 3117/508/9
f 3117/508/9 3115/815/42 3116/518/9
f 3123/1/1 3124/950/1 3126/3/1
f 3126/3/1 3124/950/1 3125/951/1
f 3138/9/11 3127/1/11 3137/500/34
f 3137/500/34 3127/1/11 3128/818/34
f 3137/500/34 3128/818/34 3136/502/35
f 3136/502/35 3128/818/34 3129/817/35
f 3136/502/35 3129/817/35 3135/504/36
f 3135/504/36 3129/817/35 3130/816/36
f 3135/504/36 3130/816/36 3134/506/37
f 3134/506/37 3130/816/36 3131/815/37
f 3134/506/37 3131/815/37 3133/508/1
f 3133/508/1 3131/815/37 3132/518/1
f 3139/1/11 3140/952/11 3142/3/11
f 3142/3/11 3140/952/11 3141/953/11
f 3154/9/10 3143/1/10 3153/500/61
f 3153/500/61 3143/1/10 3144/818/61
f 3153/500/61 3144/818/61 3152/502/60
f 3152/502/60 3144/818/61 3145/817/60
f 3152/502/60 3145/817/60 3151/504/58
f 3151/504/58 3145/817/60 3146/816/58
f 3151/504/58 3146/816/58 3150/506/88
f 3150/506/88 3146/816/58 3147/815/88
f 3150/506/88 3147/815/88 3149/508/11
f 3149/508/11 3147/815/88 3148/518/11
f 3190/978/10 3179/786/10 3189/979/10
f 3189/979/10 3179/786/10 3180/788/10
f 3189/979/10 3180/788/10 3188/980/10
f 3188/980/10 3180/788/10 3181/3/10
f 3188/980/10 3181/3/10 3185/981/10
f 3185/981/10 3181/3/10 3184/982/10
f 3184/982/10 3181/3/10 3182/792/10
f 3184/982/10 3182/792/10 3183/983/10
f 3186/984/10 3187/985/10 3185/981/10
f 3185/981/10 3187/985/10 3188/980/10
f 3191/796/10 3192/381/10 3202/797/61
f 3202/797/61 3192/381/10 3193/798/61
f 3202/797/61 3193/798/61 3201/799/60
f 3201/799/60 3193/798/61 3194/379/129
f 3201/799/60 3194/379/129 3200/800/58
f 3200/800/58 3194/379/129 3195/801/58
f 3200/800/58 3195/801/58 3199/802/161
f 3199/802/161 3195/801/58 3196/377/88
f 3199/802/161 3196/377/88 3198/803/90
f 3198/803/90 3196/377/88 3197/804/90
f 3210/1062/11 3203/806/11 3209/1063/11
f 3209/1063/11 3203/806/11 3204/805/11
f 3209/1063/11 3204/805/11 3208/1064/11
f 3208/1064/11 3204/805/11 3205/3/11
f 3208/1064/11 3205/3/11 3206/792/11
f 3206/792/11 3207/1065/11 3208/1064/11
f 3211/796/50 3212/381/11 3222/797/34
f 3222/797/34 3212/381/11 3213/798/91
f 3222/797/34 3213/798/91 3221/799/35
f 3221/799/35 3213/798/91 3214/379/35
f 3221/799/35 3214/379/35 3220/800/130
f 3220/800/130 3214/379/35 3215/801/36
f 3220/800/130 3215/801/36 3219/802/37
f 3219/802/37 3215/801/36 3216/377/37
f 3219/802/37 3216/377/37 3218/803/1
f 3218/803/1 3216/377/37 3217/804/1
f 3234/990/1 3223/786/1 3233/991/1
f 3233/991/1 3223/786/1 3224/788/1
f 3233/991/1 3224/788/1 3232/992/1
f 3232/992/1 3224/788/1 3229/993/1
f 3232/992/1 3229/993/1 3231/994/1
f 3231/994/1 3229/993/1 3230/995/1
f 3224/788/1 3225/3/1 3229/993/1
f 3229/993/1 3225/3/1 3228/996/1
f 3228/996/1 3225/3/1 3226/792/1
f 3228/996/1 3226/792/1 3227/997/1
f 3235/796/1 3236/381/1 3246/797/131
f 3246/797/131 3236/381/1 3237/798/39
f 3246/797/131 3237/798/39 3245/799/40
f 3245/799/40 3237/798/39 3238/379/40
f 3245/799/40 3238/379/40 3244/800/92
f 3244/800/92 3238/379/40 3239/801/41
f 3244/800/92 3239/801/41 3243/802/84
f 3243/802/84 3239/801/41 3240/377/132
f 3243/802/84 3240/377/132 3242/803/9
f 3242/803/9 3240/377/132 3241/804/9
f 3248/805/9 3249/3/9 3247/806/9
f 3247/806/9 3249/3/9 3250/792/9
f 3251/796/152 3252/381/152 3262/797/133
f 3262/797/133 3252/381/152 3253/798/93
f 3262/797/133 3253/798/93 3261/799/69
f 3261/799/69 3253/798/93 3254/379/95
f 3261/799/69 3254/379/95 3260/800/66
f 3260/800/66 3254/379/95 3255/801/66
f 3260/800/66 3255/801/66 3259/802/63
f 3259/802/63 3255/801/66 3256/377/134
f 3259/802/63 3256/377/134 3258/803/10
f 3258/803/10 3256/377/134 3257/804/10
f 3274/804/9 3263/518/9 3273/377/135
f 3273/377/135 3263/518/9 3264/815/42
f 3273/377/135 3264/815/42 3272/801/41
f 3272/801/41 3264/815/42 3265/816/41
f 3272/801/41 3265/816/41 3271/379/40
f 3271/379/40 3265/816/41 3266/817/40
f 3271/379/40 3266/817/40 3270/798/39
f 3270/798/39 3266/817/40 3267/818/39
f 3270/798/39 3267/818/39 3269/381/1
f 3269/381/1 3267/818/39 3268/1/1
f 3275/1/9 3276/819/9 3278/3/9
f 3278/3/9 3276/819/9 3277/820/9
f 3290/804/10 3279/518/10 3289/377/63
f 3289/377/63 3279/518/10 3280/815/63
f 3289/377/63 3280/815/63 3288/801/66
f 3288/801/66 3280/815/63 3281/816/66
f 3288/801/66 3281/816/66 3287/379/69
f 3287/379/69 3281/816/66 3282/817/69
f 3287/379/69 3282/817/69 3286/798/96
f 3286/798/96 3282/817/69 3283/818/136
f 3286/798/96 3283/818/136 3285/381/9
f 3285/381/9 3283/818/136 3284/1/9
f 3291/1/10 3292/821/10 3294/3/10
f 3294/3/10 3292/821/10 3293/822/10
f 3306/9/9 3295/1/9 3305/500/136
f 3305/500/136 3295/1/9 3296/818/96
f 3305/500/136 3296/818/96 3304/502/69
f 3304/502/69 3296/818/96 3297/817/137
f 3304/502/69 3297/817/137 3303/504/66
f 3303/504/66 3297/817/137 3298/816/66
f 3303/504/66 3298/816/66 3302/506/63
f 3302/506/63 3298/816/66 3299/815/63
f 3302/506/63 3299/815/63 3301/508/10
f 3301/508/10 3299/815/63 3300/518/10
f 3307/1/9 3308/823/9 3310/3/9
f 3310/3/9 3308/823/9 3309/824/9
f 3318/9/156 3311/1/193 3317/825/98
f 3317/825/98 3311/1/193 3312/826/98
f 3317/825/98 3312/826/98 3316/827/99
f 3316/827/99 3312/826/98 3313/828/99
f 3316/827/99 3313/828/99 3315/829/101
f 3315/829/101 3313/828/99 3314/830/101
f 3330/9/102 3319/1/102 3329/831/103
f 3329/831/103 3319/1/102 3320/832/103
f 3329/831/103 3320/832/103 3328/833/104
f 3328/833/104 3320/832/103 3321/834/104
f 3328/833/104 3321/834/104 3327/835/105
f 3327/835/105 3321/834/104 3322/836/105
f 3327/835/105 3322/836/105 3326/837/106
f 3326/837/106 3322/836/105 3323/838/106
f 3326/837/106 3323/838/106 3325/839/107
f 3325/839/107 3323/838/106 3324/840/107
f 3338/9/108 3331/1/108 3337/841/109
f 3337/841/109 3331/1/108 3332/842/109
f 3337/841/109 3332/842/109 3336/843/110
f 3336/843/110 3332/842/109 3333/844/110
f 3336/843/110 3333/844/110 3335/845/112
f 3335/845/112 3333/844/110 3334/846/112
f 3339/1/11 3340/847/11 3342/3/11
f 3342/3/11 3340/847/11 3341/848/11
f 3352/9/113 3343/1/113 3351/849/114
f 3351/849/114 3343/1/113 3344/850/114
f 3351/849/114 3344/850/114 3350/851/115
f 3350/851/115 3344/850/114 3345/852/115
f 3350/851/115 3345/852/115 3349/853/116
f 3349/853/116 3345/852/115 3346/854/116
f 3349/853/116 3346/854/116 3348/855/117
f 3348/855/117 3346/854/116 3347/856/117
f 3364/9/118 3353/1/118 3363/857/119
f 3363/857/119 3353/1/118 3354/858/119
f 3363/857/119 3354/858/119 3362/859/120
f 3362/859/120 3354/858/119 3355/860/120
f 3362/859/120 3355/860/120 3361/861/121
f 3361/861/121 3355/860/120 3356/862/121
f 3361/861/121 3356/862/121 3360/863/122
f 3360/863/122 3356/862/121 3357/864/122
f 3360/863/122 3357/864/122 3359/865/123
f 3359/865/123 3357/864/122 3358/866/123
f 3372/9/124 3365/1/124 3371/867/125
f 3371/867/125 3365/1/124 3366/868/125
f 3371/867/125 3366/868/125 3370/869/126
f 3370/869/126 3366/868/125 3367/870/126
f 3370/869/126 3367/870/126 3369/871/127
f 3369/871/127 3367/870/126 3368/872/127
f 3373/1/9 3374/873/9 3376/3/9
f 3376/3/9 3374/873/9 3375/874/9
f 3388/9/1 3377/1/1 3387/500/39
f 3387/500/39 3377/1/1 3378/818/39
f 3387/500/39 3378/818/39 3386/502/40
f 3386/502/40 3378/818/39 3379/817/40
f 3386/502/40 3379/817/40 3385/504/41
f 3385/504/41 3379/817/40 3380/816/41
f 3385/504/41 3380/816/41 3384/506/135
f 3384/506/135 3380/816/41 3381/815/42
f 3384/506/135 3381/815/42 3383/508/9
f 3383/508/9 3381/815/42 3382/518/9
f 3389/1/1 3390/875/1 3392/3/1
f 3392/3/1 3390/875/1 3391/876/1
f 3466/1/10 3467/950/10 3469/3/10
f 3469/3/10 3467/950/10 3468/951/10
f 3481/9/9 3470/1/9 3480/500/136
f 3480/500/136 3470/1/9 3471/818/96
f 3480/500/136 3471/818/96 3479/502/69
f 3479/502/69 3471/818/96 3472/817/69
f 3479/502/69 3472/817/69 3478/504/66
f 3478/504/66 3472/817/69 3473/816/66
f 3478/504/66 3473/816/66 3477/506/63
f 3477/506/63 3473/816/66 3474/815/134
f 3477/506/63 3474/815/134 3476/508/10
f 3476/508/10 3474/815/134 3475/518/10
f 3482/1/9 3483/952/9 3485/3/9
f 3485/3/9 3483/952/9 3484/953/9
f 3497/9/1 3486/1/1 3496/500/131
f 3496/500/131 3486/1/1 3487/818/39
f 3496/500/131 3487/818/39 3495/502/40
f 3495/502/40 3487/818/39 3488/817/40
f 3495/502/40 3488/817/40 3494/504/41
f 3494/504/41 3488/817/40 3489/816/41
f 3494/504/41 3489/816/41 3493/506/42
f 3493/506/42 3489/816/41 3490/815/135
f 3493/506/42 3490/815/135 3492/508/9
f 3492/508/9 3490/815/135 3491/518/9
f 3498/1/1 3499/950/1 3501/3/1
f 3501/3/1 3499/950/1 3500/951/1
f 3513/9/11 3502/1/11 3512/500/91
f 3512/500/91 3502/1/11 3503/818/34
f 3512/500/91 3503/818/34 3511/502/35
f 3511/502/35 3503/818/34 3504/817/35
f 3511/502/35 3504/817/35 3510/504/36
f 3510/504/36 3504/817/35 3505/816/36
f 3510/504/36 3505/816/36 3509/506/37
f 3509/506/37 3505/816/36 3506/815/37
f 3509/506/37 3506/815/37 3508/508/1
f 3508/508/1 3506/815/37 3507/518/1
f 3514/1/11 3515/952/11 3517/3/11
f 3517/3/11 3515/952/11 3516/953/11
f 3529/9/10 3518/1/10 3528/500/61
f 3528/500/61 3518/1/10 3519/818/61
f 3528/500/61 3519/818/61 3527/502/60
f 3527/502/60 3519/818/61 3520/817/60
f 3527/502/60 3520/817/60 3526/504/58
f 3526/504/58 3520/817/60 3521/816/58
f 3526/504/58 3521/816/58 3525/506/88
f 3525/506/88 3521/816/58 3522/815/89
f 3525/506/88 3522/815/89 3524/508/11
f 3524/508/11 3522/815/89 3523/518/11
f 3554/1066/8 3555/258/8 3557/1067/8
f 3557/1067/8 3555/258/8 3556/260/8
f 3559/1068/8 3560/1069/8 3558/263/8
f 3558/263/8 3560/1069/8 3561/1070/8
f 3558/263/8 3561/1070/8 3562/1071/8
f 3558/263/8 3562/1071/8 3585/99/8
f 3585/99/8 3562/1071/8 3563/1072/8
f 3585/99/8 3563/1072/8 3564/1073/8
f 3564/1073/8 3565/1074/8 3585/99/8
f 3585/99/8 3565/1074/8 3566/1075/8
f 3585/99/8 3566/1075/8 3574/119/8
f 3574/119/8 3566/1075/8 3567/1076/8
f 3574/119/8 3567/1076/8 3568/1077/8
f 3568/1077/8 3569/1078/8 3574/119/8
f 3574/119/8 3569/1078/8 3573/273/8
f 3573/273/8 3569/1078/8 3570/1079/8
f 3573/273/8 3570/1079/8 3571/288/8
f 3571/288/8 3572/1080/8 3573/273/8
f 3585/99/8 3574/119/8 3584/102/8
f 3584/102/8 3574/119/8 3575/117/8
f 3584/102/8 3575/117/8 3583/104/8
f 3583/104/8 3575/117/8 3576/116/8
f 3583/104/8 3576/116/8 3582/105/8
f 3582/105/8 3576/116/8 3577/114/8
f 3582/105/8 3577/114/8 3580/109/30
f 3580/109/30 3577/114/8 3579/111/31
f 3579/111/31 3577/114/8 3578/112/8
f 3580/109/30 3581/107/32 3582/105/8
f 3591/277/8 3586/1081/8 3590/279/8
f 3590/279/8 3586/1081/8 3587/290/8
f 3590/279/8 3587/290/8 3589/281/8
f 3589/281/8 3587/290/8 3588/143/8
f 3593/1082/8 3594/1083/8 3592/284/8
f 3592/284/8 3594/1083/8 3595/285/8
f 3592/284/8 3595/285/8 3596/132/8
f 3597/286/8 3598/287/30 3596/132/8
f 3596/132/8 3598/287/30 3592/284/8
f 3600/1084/8 3614/1085/8 3599/1086/8
f 3599/1086/8 3614/1085/8 3615/1087/8
f 3599/1086/8 3615/1087/8 3616/1088/8
f 3601/1089/33 3602/1090/31 3600/1084/8
f 3600/1084/8 3602/1090/31 3603/1091/30
f 3600/1084/8 3603/1091/30 3604/1092/31
f 3604/1092/31 3605/1093/8 3600/1084/8
f 3600/1084/8 3605/1093/8 3614/1085/8
f 3614/1085/8 3605/1093/8 3613/1094/8
f 3613/1094/8 3605/1093/8 3606/1095/8
f 3613/1094/8 3606/1095/8 3612/1096/8
f 3612/1096/8 3606/1095/8 3611/262/8
f 3611/262/8 3606/1095/8 3607/1097/8
f 3611/262/8 3607/1097/8 3608/1098/30
f 3608/1098/30 3609/1099/31 3611/262/8
f 3611/262/8 3609/1099/31 3610/1100/30
f 3617/1101/8 3618/1102/8 3616/1088/8
f 3616/1088/8 3618/1102/8 3599/1086/8
f 3619/368/10 3620/587/10 3624/3/10
f 3624/3/10 3620/587/10 3623/511/10
f 3623/511/10 3620/587/10 3622/588/10
f 3622/588/10 3620/587/10 3621/589/10
f 3625/590/1 3626/591/1 3630/1/1
f 3630/1/1 3626/591/1 3629/3/1
f 3629/3/1 3626/591/1 3628/384/1
f 3628/384/1 3626/591/1 3627/383/1
f 3631/368/11 3632/1103/11 3636/3/11
f 3636/3/11 3632/1103/11 3635/386/11
f 3635/386/11 3632/1103/11 3634/387/11
f 3634/387/11 3632/1103/11 3633/1104/11
f 3637/689/9 3638/690/9 3642/1/9
f 3642/1/9 3638/690/9 3641/391/9
f 3641/391/9 3638/690/9 3640/392/9
f 3640/392/9 3638/690/9 3639/393/9
f 3643/368/1 3644/394/1 3646/391/1
f 3646/391/1 3644/394/1 3645/395/1
f 3647/368/11 3648/687/11 3652/391/11
f 3652/391/11 3648/687/11 3651/392/11
f 3651/392/11 3648/687/11 3650/387/11
f 3650/387/11 3648/687/11 3649/688/11
f 3653/1105/38 3654/1106/38 3683/1107/38
f 3683/1107/38 3654/1106/38 3655/1108/38
f 3683/1107/38 3655/1108/38 3656/1109/38
f 3657/1110/38 3658/1111/38 3656/1109/38
f 3656/1109/38 3658/1111/38 3683/1107/38
f 3658/1111/38 3659/1112/38 3683/1107/38
f 3683/1107/38 3659/1112/38 3682/1113/38
f 3682/1113/38 3659/1112/38 3660/1114/38
f 3682/1113/38 3660/1114/38 3661/1115/38
f 3682/1113/38 3661/1115/38 3681/1116/38
f 3681/1116/38 3661/1115/38 3662/1117/38
f 3681/1116/38 3662/1117/38 3663/1118/38
f 3664/1119/38 3675/1120/38 3663/1118/38
f 3663/1118/38 3675/1120/38 3677/1121/38
f 3663/1118/38 3677/1121/38 3680/1122/38
f 3680/1122/38 3677/1121/38 3678/1123/38
f 3680/1122/38 3678/1123/38 3679/1124/38
f 3675/1120/38 3664/1119/38 3674/1125/38
f 3674/1125/38 3664/1119/38 3665/1126/38
f 3674/1125/38 3665/1126/38 3666/1127/38
f 3674/1125/38 3666/1127/38 3673/1128/38
f 3673/1128/38 3666/1127/38 3667/1129/38
f 3673/1128/38 3667/1129/38 3668/1130/38
f 3673/1128/38 3668/1130/38 3672/1131/38
f 3672/1131/38 3668/1130/38 3669/1132/38
f 3672/1131/38 3669/1132/38 3670/1133/38
f 3670/1133/38 3671/1134/38 3672/1131/38
f 3675/1120/38 3676/1135/38 3677/1121/38
f 3680/1122/38 3681/1116/38 3663/1118/38
f 3684/1136/38 3685/1137/38 3745/1138/38
f 3745/1138/38 3685/1137/38 3686/1139/38
f 3745/1138/38 3686/1139/38 3744/1140/51
f 3744/1140/51 3686/1139/38 3687/1141/38
f 3744/1140/51 3687/1141/38 3743/1142/38
f 3743/1142/38 3687/1141/38 3688/1143/38
f 3743/1142/38 3688/1143/38 3742/1144/38
f 3742/1144/38 3688/1143/38 3689/1145/38
f 3742/1144/38 3689/1145/38 3741/1146/38
f 3741/1146/38 3689/1145/38 3690/1147/38
f 3741/1146/38 3690/1147/38 3740/1148/38
f 3740/1148/38 3690/1147/38 3691/1149/38
f 3740/1148/38 3691/1149/38 3692/1150/38
f 3740/1148/38 3692/1150/38 3739/1151/38
f 3739/1151/38 3692/1150/38 3693/1152/38
f 3739/1151/38 3693/1152/38 3738/1153/38
f 3738/1153/38 3693/1152/38 3694/1154/38
f 3738/1153/38 3694/1154/38 3737/1155/38
f 3737/1155/38 3694/1154/38 3695/1156/38
f 3737/1155/38 3695/1156/38 3736/1157/38
f 3736/1157/38 3695/1156/38 3696/1158/38
f 3736/1157/38 3696/1158/38 3735/1159/38
f 3735/1159/38 3696/1158/38 3697/1160/38
f 3735/1159/38 3697/1160/38 3734/1161/38
f 3734/1161/38 3697/1160/38 3698/1162/38
f 3734/1161/38 3698/1162/38 3733/1163/38
f 3733/1163/38 3698/1162/38 3732/1164/82
f 3732/1164/82 3698/1162/38 3699/1165/38
f 3732/1164/82 3699/1165/38 3731/1166/38
f 3731/1166/38 3699/1165/38 3730/1167/82
f 3730/1167/82 3699/1165/38 3729/1168/38
f 3729/1168/38 3699/1165/38 3728/1169/38
f 3728/1169/38 3699/1165/38 3727/1170/38
f 3727/1170/38 3699/1165/38 3726/1171/38
f 3726/1171/38 3699/1165/38 3700/1172/38
f 3726/1171/38 3700/1172/38 3725/1173/38
f 3725/1173/38 3700/1172/38 3701/1174/38
f 3725/1173/38 3701/1174/38 3724/1175/38
f 3724/1175/38 3701/1174/38 3702/1176/38
f 3724/1175/38 3702/1176/38 3723/1177/38
f 3723/1177/38 3702/1176/38 3703/1178/38
f 3723/1177/38 3703/1178/38 3722/1179/38
f 3722/1179/38 3703/1178/38 3704/1180/38
f 3722/1179/38 3704/1180/38 3721/1181/38
f 3721/1181/38 3704/1180/38 3705/1182/38
f 3721/1181/38 3705/1182/38 3720/1183/38
f 3720/1183/38 3705/1182/38 3719/1184/38
f 3719/1184/38 3705/1182/38 3706/1185/38
f 3719/1184/38 3706/1185/38 3718/1186/38
f 3718/1186/38 3706/1185/38 3707/1187/38
f 3718/1186/38 3707/1187/38 3717/1188/38
f 3717/1188/38 3707/1187/38 3708/1189/38
f 3717/1188/38 3708/1189/38 3716/1190/38
f 3716/1190/38 3708/1189/38 3709/1191/38
f 3716/1190/38 3709/1191/38 3715/1192/38
f 3715/1192/38 3709/1191/38 3710/1193/38
f 3715/1192/38 3710/1193/38 3714/1194/38
f 3714/1194/38 3710/1193/38 3711/1195/38
f 3714/1194/38 3711/1195/38 3713/1196/38
f 3713/1196/38 3711/1195/38 3712/1197/38
f 3746/689/9 3747/690/9 3751/1/9
f 3751/1/9 3747/690/9 3750/3/9
f 3750/3/9 3747/690/9 3749/386/9
f 3749/386/9 3747/690/9 3748/393/9
f 3752/368/1 3753/424/1 3755/3/1
f 3755/3/1 3753/424/1 3754/425/1
f 3767/371/1 3756/372/1 3766/373/39
f 3766/373/39 3756/372/1 3757/374/39
f 3766/373/39 3757/374/39 3765/375/40
f 3765/375/40 3757/374/39 3758/376/40
f 3765/375/40 3758/376/40 3764/377/41
f 3764/377/41 3758/376/40 3759/378/41
f 3764/377/41 3759/378/41 3763/379/84
f 3763/379/84 3759/378/41 3760/380/85
f 3763/379/84 3760/380/85 3762/381/9
f 3762/381/9 3760/380/85 3761/382/9
f 3775/1029/10 3768/786/10 3774/1030/10
f 3774/1030/10 3768/786/10 3769/788/10
f 3774/1030/10 3769/788/10 3773/1031/10
f 3773/1031/10 3769/788/10 3770/3/10
f 3773/1031/10 3770/3/10 3771/792/10
f 3771/792/10 3772/1032/10 3773/1031/10
f 3776/796/10 3777/381/163 3791/1033/194
f 3791/1033/194 3777/381/163 3790/1034/195
f 3790/1034/195 3777/381/163 3788/1035/166
f 3790/1034/195 3788/1035/166 3789/1036/166
f 3777/381/163 3778/798/167 3788/1035/166
f 3788/1035/166 3778/798/167 3787/1037/196
f 3787/1037/196 3778/798/167 3779/379/169
f 3787/1037/196 3779/379/169 3786/1038/170
f 3786/1038/170 3779/379/169 3780/801/58
f 3786/1038/170 3780/801/58 3785/1039/171
f 3785/1039/171 3780/801/58 3781/377/56
f 3785/1039/171 3781/377/56 3784/1040/197
f 3784/1040/197 3781/377/56 3782/804/11
f 3784/1040/197 3782/804/11 3783/1041/11
f 3792/1042/11 3793/805/11 3801/1198/11
f 3801/1198/11 3793/805/11 3798/1199/11
f 3801/1198/11 3798/1199/11 3800/1200/11
f 3800/1200/11 3798/1199/11 3799/1201/11
f 3793/805/11 3794/3/11 3798/1199/11
f 3798/1199/11 3794/3/11 3797/1044/11
f 3797/1044/11 3794/3/11 3795/792/11
f 3797/1044/11 3795/792/11 3796/1046/11
f 3802/796/11 3803/381/11 3815/1049/173
f 3815/1049/173 3803/381/11 3804/798/160
f 3815/1049/173 3804/798/160 3814/1050/174
f 3814/1050/174 3804/798/160 3805/379/198
f 3814/1050/174 3805/379/198 3813/1051/176
f 3813/1051/176 3805/379/198 3812/1052/176
f 3812/1052/176 3805/379/198 3806/801/36
f 3812/1052/176 3806/801/36 3811/1053/178
f 3811/1053/178 3806/801/36 3807/377/37
f 3811/1053/178 3807/377/37 3810/1054/179
f 3810/1054/179 3807/377/37 3808/804/1
f 3810/1054/179 3808/804/1 3809/1041/148
f 3816/1055/1 3817/788/1 3825/1056/1
f 3825/1056/1 3817/788/1 3822/1057/1
f 3825/1056/1 3822/1057/1 3824/1058/1
f 3824/1058/1 3822/1057/1 3823/1059/1
f 3817/788/1 3818/3/1 3822/1057/1
f 3822/1057/1 3818/3/1 3821/1060/1
f 3821/1060/1 3818/3/1 3819/792/1
f 3821/1060/1 3819/792/1 3820/1061/1
f 3826/796/128 3827/381/1 3837/797/39
f 3837/797/39 3827/381/1 3828/798/39
f 3837/797/39 3828/798/39 3836/799/180
f 3836/799/180 3828/798/39 3829/379/181
f 3836/799/180 3829/379/181 3835/800/182
f 3835/800/182 3829/379/181 3830/801/183
f 3835/800/182 3830/801/183 3834/802/184
f 3834/802/184 3830/801/183 3831/377/85
f 3834/802/184 3831/377/85 3833/803/9
f 3833/803/9 3831/377/85 3832/804/9
f 3839/805/9 3840/3/9 3838/806/9
f 3838/806/9 3840/3/9 3841/792/9
f 3842/796/9 3843/381/9 3853/797/94
f 3853/797/94 3843/381/9 3844/798/185
f 3853/797/94 3844/798/185 3852/799/186
f 3852/799/186 3844/798/185 3845/379/187
f 3852/799/186 3845/379/187 3851/800/188
f 3851/800/188 3845/379/187 3846/801/189
f 3851/800/188 3846/801/189 3850/802/63
f 3850/802/63 3846/801/189 3847/377/63
f 3850/802/63 3847/377/63 3849/803/10
f 3849/803/10 3847/377/63 3848/804/155
f 3865/804/9 3854/518/9 3864/377/84
f 3864/377/84 3854/518/9 3855/815/85
f 3864/377/84 3855/815/85 3863/801/41
f 3863/801/41 3855/815/85 3856/816/41
f 3863/801/41 3856/816/41 3862/379/40
f 3862/379/40 3856/816/41 3857/817/40
f 3862/379/40 3857/817/40 3861/798/39
f 3861/798/39 3857/817/40 3858/818/39
f 3861/798/39 3858/818/39 3860/381/1
f 3860/381/1 3858/818/39 3859/1/1
f 3866/1/9 3867/819/9 3869/3/9
f 3869/3/9 3867/819/9 3868/820/9
f 3881/804/10 3870/518/10 3880/377/63
f 3880/377/63 3870/518/10 3871/815/63
f 3880/377/63 3871/815/63 3879/801/66
f 3879/801/66 3871/815/63 3872/816/66
f 3879/801/66 3872/816/66 3878/379/69
f 3878/379/69 3872/816/66 3873/817/69
f 3878/379/69 3873/817/69 3877/798/94
f 3877/798/94 3873/817/69 3874/818/93
f 3877/798/94 3874/818/93 3876/381/9
f 3876/381/9 3874/818/93 3875/1/9
f 3882/1/10 3883/821/10 3885/3/10
f 3885/3/10 3883/821/10 3884/822/10
f 3897/9/9 3886/1/9 3896/500/94
f 3896/500/94 3886/1/9 3887/818/93
f 3896/500/94 3887/818/93 3895/502/69
f 3895/502/69 3887/818/93 3888/817/69
f 3895/502/69 3888/817/69 3894/504/66
f 3894/504/66 3888/817/69 3889/816/66
f 3894/504/66 3889/816/66 3893/506/63
f 3893/506/63 3889/816/66 3890/815/63
f 3893/506/63 3890/815/63 3892/508/10
f 3892/508/10 3890/815/63 3891/518/10
f 3898/1/9 3899/823/9 3901/3/9
f 3901/3/9 3899/823/9 3900/824/9
f 3909/9/138 3902/1/138 3908/825/98
f 3908/825/98 3902/1/138 3903/826/157
f 3908/825/98 3903/826/157 3907/827/99
f 3907/827/99 3903/826/157 3904/828/99
f 3907/827/99 3904/828/99 3906/829/101
f 3906/829/101 3904/828/99 3905/830/101
f 3921/9/102 3910/1/102 3920/831/103
f 3920/831/103 3910/1/102 3911/832/103
f 3920/831/103 3911/832/103 3919/833/104
f 3919/833/104 3911/832/103 3912/834/104
f 3919/833/104 3912/834/104 3918/835/105
f 3918/835/105 3912/834/104 3913/836/105
f 3918/835/105 3913/836/105 3917/837/106
f 3917/837/106 3913/836/105 3914/838/106
f 3917/837/106 3914/838/106 3916/839/107
f 3916/839/107 3914/838/106 3915/840/107
f 3929/9/108 3922/1/108 3928/841/109
f 3928/841/109 3922/1/108 3923/842/109
f 3928/841/109 3923/842/109 3927/843/110
f 3927/843/110 3923/842/109 3924/844/110
f 3927/843/110 3924/844/110 3926/845/112
f 3926/845/112 3924/844/110 3925/846/112
f 3930/1/11 3931/847/11 3933/3/11
f 3933/3/11 3931/847/11 3932/848/11
f 3943/9/113 3934/1/113 3942/849/114
f 3942/849/114 3934/1/113 3935/850/114
f 3942/849/114 3935/850/114 3941/851/115
f 3941/851/115 3935/850/114 3936/852/115
f 3941/851/115 3936/852/115 3940/853/116
f 3940/853/116 3936/852/115 3937/854/116
f 3940/853/116 3937/854/116 3939/855/117
f 3939/855/117 3937/854/116 3938/856/117
f 3955/9/118 3944/1/118 3954/857/119
f 3954/857/119 3944/1/118 3945/858/119
f 3954/857/119 3945/858/119 3953/859/120
f 3953/859/120 3945/858/119 3946/860/120
f 3953/859/120 3946/860/120 3952/861/121
f 3952/861/121 3946/860/120 3947/862/121
f 3952/861/121 3947/862/121 3951/863/122
f 3951/863/122 3947/862/121 3948/864/122
f 3951/863/122 3948/864/122 3950/865/123
f 3950/865/123 3948/864/122 3949/866/123
f 3963/9/124 3956/1/199 3962/867/125
f 3962/867/125 3956/1/199 3957/868/125
f 3962/867/125 3957/868/125 3961/869/126
f 3961/869/126 3957/868/125 3958/870/126
f 3961/869/126 3958/870/126 3960/871/127
f 3960/871/127 3958/870/126 3959/872/127
f 3964/1/9 3965/873/9 3967/3/9
f 3967/3/9 3965/873/9 3966/874/9
f 3979/9/1 3968/1/1 3978/500/149
f 3978/500/149 3968/1/1 3969/818/39
f 3978/500/149 3969/818/39 3977/502/40
f 3977/502/40 3969/818/39 3970/817/40
f 3977/502/40 3970/817/40 3976/504/41
f 3976/504/41 3970/817/40 3971/816/41
f 3976/504/41 3971/816/41 3975/506/85
f 3975/506/85 3971/816/41 3972/815/84
f 3975/506/85 3972/815/84 3974/508/9
f 3974/508/9 3972/815/84 3973/518/9
f 3980/1/1 3981/875/1 3983/3/1
f 3983/3/1 3981/875/1 3982/876/1
f 4058/1202/8 4594/1203/8 4057/1204/8
f 4057/1204/8 4594/1203/8 4595/1205/8
f 4057/1204/8 4595/1205/8 4066/1206/8
f 4066/1206/8 4595/1205/8 4065/1207/8
f 4065/1207/8 4595/1205/8 4596/1208/8
f 4065/1207/8 4596/1208/8 4574/1209/8
f 4574/1209/8 4596/1208/8 4238/1210/8
f 4574/1209/8 4238/1210/8 4573/1211/8
f 4573/1211/8 4238/1210/8 4572/1212/8
f 4572/1212/8 4238/1210/8 4239/1213/8
f 4572/1212/8 4239/1213/8 4307/1214/8
f 4307/1214/8 4239/1213/8 4240/1215/8
f 4307/1214/8 4240/1215/8 4306/1216/8
f 4306/1216/8 4240/1215/8 4305/1217/8
f 4305/1217/8 4240/1215/8 4241/1218/8
f 4305/1217/8 4241/1218/8 4304/1219/8
f 4304/1219/8 4241/1218/8 4242/1220/8
f 4304/1219/8 4242/1220/8 4303/1221/8
f 4303/1221/8 4242/1220/8 4346/1222/8
f 4303/1221/8 4346/1222/8 4347/1223/8
f 4594/1203/8 4058/1202/8 4589/1224/8
f 4589/1224/8 4058/1202/8 4059/1225/8
f 4589/1224/8 4059/1225/8 4588/1226/8
f 4588/1226/8 4059/1225/8 4583/1227/8
f 4588/1226/8 4583/1227/8 4593/1228/8
f 4593/1228/8 4583/1227/8 4584/1229/8
f 4593/1228/8 4584/1229/8 4461/1230/8
f 4461/1230/8 4584/1229/8 4460/1231/8
f 4460/1231/8 4584/1229/8 4459/1232/8
f 4459/1232/8 4584/1229/8 4458/1233/8
f 4458/1233/8 4584/1229/8 4585/1234/8
f 4458/1233/8 4585/1234/8 4586/1235/8
f 4583/1227/8 4059/1225/8 4582/1236/8
f 4582/1236/8 4059/1225/8 4060/1237/8
f 4582/1236/8 4060/1237/8 4061/1238/8
f 4061/1238/8 4060/1237/8 4057/1204/8
f 4061/1238/8 4057/1204/8 4066/1206/8
f 4061/1238/8 4062/1239/8 4582/1236/8
f 4582/1236/8 4062/1239/8 4587/1240/8
f 4587/1240/8 4062/1239/8 4551/1241/8
f 4587/1240/8 4551/1241/8 4552/1242/8
f 4063/1243/8 4519/1244/8 4062/1239/8
f 4062/1239/8 4519/1244/8 4520/1245/8
f 4062/1239/8 4520/1245/8 4550/1246/8
f 4550/1246/8 4520/1245/8 4521/1247/8
f 4550/1246/8 4521/1247/8 4549/1248/8
f 4549/1248/8 4521/1247/8 4548/1249/8
f 4548/1249/8 4521/1247/8 4547/1250/8
f 4547/1250/8 4521/1247/8 4522/1251/8
f 4547/1250/8 4522/1251/8 4546/1252/8
f 4546/1252/8 4522/1251/8 4545/1253/8
f 4545/1253/8 4522/1251/8 4523/1254/8
f 4545/1253/8 4523/1254/8 4539/1255/8
f 4539/1255/8 4523/1254/8 4524/1256/8
f 4539/1255/8 4524/1256/8 4525/1257/8
f 4064/1258/8 4516/1259/8 4063/1243/8
f 4063/1243/8 4516/1259/8 4517/1260/8
f 4063/1243/8 4517/1260/8 4518/1261/8
f 4065/1207/8 4512/1262/8 4064/1258/8
f 4064/1258/8 4512/1262/8 4513/1263/8
f 4064/1258/8 4513/1263/8 4514/1264/8
f 4068/1265/8 4069/1266/8 4067/1267/8
f 4067/1267/8 4069/1266/8 4070/1268/8
f 4067/1267/8 4070/1268/8 4071/1269/8
f 4071/1269/8 4072/1270/8 4067/1267/8
f 4067/1267/8 4072/1270/8 4139/1271/8
f 4067/1267/8 4139/1271/8 4115/1272/8
f 4115/1272/8 4139/1271/8 4116/1273/8
f 4115/1272/8 4116/1273/8 4114/1274/8
f 4114/1274/8 4116/1273/8 4113/1275/8
f 4113/1275/8 4116/1273/8 4117/1276/8
f 4113/1275/8 4117/1276/8 4112/1277/8
f 4112/1277/8 4117/1276/8 4111/1278/8
f 4111/1278/8 4117/1276/8 4110/1279/8
f 4110/1279/8 4117/1276/8 4118/1280/8
f 4110/1279/8 4118/1280/8 4109/1281/8
f 4109/1281/8 4118/1280/8 4119/1282/30
f 4109/1281/8 4119/1282/30 4120/1283/8
f 4073/1284/8 4134/1285/8 4072/1270/8
f 4072/1270/8 4134/1285/8 4135/1286/8
f 4072/1270/8 4135/1286/8 4136/1287/8
f 4074/1288/8 4078/1289/8 4073/1284/8
f 4073/1284/8 4078/1289/8 4079/1290/8
f 4073/1284/8 4079/1290/8 4130/1291/8
f 4130/1291/8 4079/1290/8 4129/1292/8
f 4129/1292/8 4079/1290/8 4080/1293/8
f 4129/1292/8 4080/1293/8 4081/1294/8
f 4074/1288/8 4075/1295/8 4078/1289/8
f 4078/1289/8 4075/1295/8 4076/1296/8
f 4078/1289/8 4076/1296/8 4077/1297/8
f 4129/1292/8 4081/1294/8 4128/1298/8
f 4128/1298/8 4081/1294/8 4082/1299/8
f 4128/1298/8 4082/1299/8 4083/1300/8
f 4083/1300/8 4084/1301/8 4128/1298/8
f 4128/1298/8 4084/1301/8 4127/1302/8
f 4127/1302/8 4084/1301/8 4085/1303/8
f 4127/1302/8 4085/1303/8 4126/1304/30
f 4126/1304/30 4085/1303/8 4125/1305/8
f 4125/1305/8 4085/1303/8 4124/1306/8
f 4124/1306/8 4085/1303/8 4506/1307/8
f 4124/1306/8 4506/1307/8 4123/1308/8
f 4123/1308/8 4506/1307/8 4122/1309/8
f 4122/1309/8 4506/1307/8 4121/1310/8
f 4121/1310/8 4506/1307/8 4120/1283/8
f 4120/1283/8 4506/1307/8 4109/1281/8
f 4086/1311/8 4400/1312/8 4085/1303/8
f 4085/1303/8 4400/1312/8 4401/1313/8
f 4085/1303/8 4401/1313/8 4506/1307/8
f 4506/1307/8 4401/1313/8 4413/1314/8
f 4506/1307/8 4413/1314/8 4505/1/8
f 4505/1/8 4413/1314/8 4414/1315/31
f 4505/1/8 4414/1315/31 4415/1316/8
f 4086/1311/8 4087/1317/8 4400/1312/8
f 4400/1312/8 4087/1317/8 4399/1318/8
f 4399/1318/8 4087/1317/8 4088/1319/8
f 4399/1318/8 4088/1319/8 4398/1320/8
f 4398/1320/8 4088/1319/8 4397/1321/8
f 4397/1321/8 4088/1319/8 4089/1322/8
f 4397/1321/8 4089/1322/8 4396/1323/8
f 4396/1323/8 4089/1322/8 4090/1324/8
f 4396/1323/8 4090/1324/8 4395/1325/8
f 4395/1325/8 4090/1324/8 4091/1326/8
f 4395/1325/8 4091/1326/8 4394/1327/8
f 4394/1327/8 4091/1326/8 4092/1328/8
f 4394/1327/8 4092/1328/8 4393/1329/8
f 4393/1329/8 4092/1328/8 4093/1330/8
f 4393/1329/8 4093/1330/8 4471/1331/8
f 4471/1331/8 4093/1330/8 4161/1332/8
f 4471/1331/8 4161/1332/8 4470/1333/8
f 4470/1333/8 4161/1332/8 4162/1334/8
f 4470/1333/8 4162/1334/8 4469/1335/8
f 4469/1335/8 4162/1334/8 4163/1336/8
f 4469/1335/8 4163/1336/8 4468/1337/8
f 4468/1337/8 4163/1336/8 4164/1338/8
f 4468/1337/8 4164/1338/8 4467/1339/8
f 4467/1339/8 4164/1338/8 4165/1340/8
f 4467/1339/8 4165/1340/8 4466/1341/8
f 4466/1341/8 4165/1340/8 4166/1342/8
f 4466/1341/8 4166/1342/8 4234/1343/8
f 4234/1343/8 4166/1342/8 4167/1344/8
f 4234/1343/8 4167/1344/8 4233/1345/8
f 4233/1345/8 4167/1344/8 4232/1346/8
f 4232/1346/8 4167/1344/8 4168/1347/8
f 4232/1346/8 4168/1347/8 4231/1348/8
f 4231/1348/8 4168/1347/8 4169/1349/8
f 4231/1348/8 4169/1349/8 4230/1350/8
f 4230/1350/8 4169/1349/8 4273/1351/8
f 4230/1350/8 4273/1351/8 4274/1352/8
f 4093/1330/8 4094/1353/8 4161/1332/8
f 4161/1332/8 4094/1353/8 4160/1354/8
f 4160/1354/8 4094/1353/8 4159/1355/8
f 4159/1355/8 4094/1353/8 4095/1356/8
f 4159/1355/8 4095/1356/8 4158/1357/8
f 4158/1357/8 4095/1356/8 4096/1358/8
f 4158/1357/8 4096/1358/8 4157/1359/8
f 4157/1359/8 4096/1358/8 4200/1360/8
f 4157/1359/8 4200/1360/8 4201/1361/8
f 4097/1362/8 4196/1363/8 4096/1358/8
f 4096/1358/8 4196/1363/8 4197/1364/31
f 4096/1358/8 4197/1364/31 4198/1365/8
f 4098/1366/8 4182/1367/8 4097/1362/8
f 4097/1362/8 4182/1367/8 4183/1368/8
f 4097/1362/8 4183/1368/8 4191/1369/8
f 4191/1369/8 4183/1368/8 4190/1370/8
f 4190/1370/8 4183/1368/8 4184/1371/8
f 4190/1370/8 4184/1371/8 4185/1372/8
f 4182/1367/8 4098/1366/8 4181/1373/8
f 4181/1373/8 4098/1366/8 4099/1374/8
f 4181/1373/8 4099/1374/8 4180/1375/8
f 4180/1375/8 4099/1374/8 4100/1376/8
f 4180/1375/8 4100/1376/8 4179/1377/8
f 4179/1377/8 4100/1376/8 4101/1378/8
f 4179/1377/8 4101/1378/8 4102/1379/8
f 4179/1377/8 4102/1379/8 4178/1380/8
f 4178/1380/8 4102/1379/8 4103/1381/8
f 4178/1380/8 4103/1381/8 4177/1382/8
f 4177/1382/8 4103/1381/8 4506/1307/8
f 4177/1382/8 4506/1307/8 4176/1383/8
f 4176/1383/8 4506/1307/8 4507/1384/8
f 4176/1383/8 4507/1384/8 4250/1385/8
f 4250/1385/8 4507/1384/8 4249/1386/8
f 4249/1386/8 4507/1384/8 4323/1387/8
f 4249/1386/8 4323/1387/8 4324/1388/8
f 4103/1381/8 4104/1389/8 4506/1307/8
f 4506/1307/8 4104/1389/8 4105/1390/8
f 4506/1307/8 4105/1390/8 4106/1391/8
f 4106/1391/8 4107/1392/8 4506/1307/8
f 4506/1307/8 4107/1392/8 4108/1393/8
f 4506/1307/8 4108/1393/8 4109/1281/8
f 4130/1291/8 4131/1394/8 4073/1284/8
f 4073/1284/8 4131/1394/8 4132/1395/8
f 4073/1284/8 4132/1395/8 4133/1396/8
f 4133/1396/8 4134/1285/8 4073/1284/8
f 4136/1287/8 4137/1397/8 4072/1270/8
f 4072/1270/8 4137/1397/8 4138/1398/8
f 4072/1270/8 4138/1398/8 4139/1271/8
f 4141/1399/8 4142/1400/8 4140/1401/8
f 4140/1401/8 4142/1400/8 4143/1402/8
f 4140/1401/8 4143/1402/8 4144/1403/8
f 4144/1403/8 4145/1404/8 4140/1401/8
f 4140/1401/8 4145/1404/8 4212/1405/8
f 4140/1401/8 4212/1405/8 4188/1406/8
f 4188/1406/8 4212/1405/8 4189/1407/8
f 4188/1406/8 4189/1407/8 4187/1408/8
f 4187/1408/8 4189/1407/8 4186/1409/8
f 4186/1409/8 4189/1407/8 4190/1370/8
f 4186/1409/8 4190/1370/8 4185/1372/8
f 4146/1410/8 4207/1411/8 4145/1404/8
f 4145/1404/8 4207/1411/8 4208/1412/8
f 4145/1404/8 4208/1412/8 4209/1413/8
f 4147/1414/8 4151/1415/8 4146/1410/8
f 4146/1410/8 4151/1415/8 4152/1416/8
f 4146/1410/8 4152/1416/8 4203/1417/8
f 4203/1417/8 4152/1416/8 4202/1418/8
f 4202/1418/8 4152/1416/8 4153/1419/8
f 4202/1418/8 4153/1419/8 4154/1420/8
f 4147/1414/8 4148/1421/8 4151/1415/8
f 4151/1415/8 4148/1421/8 4149/1422/8
f 4151/1415/8 4149/1422/8 4150/1423/8
f 4202/1418/8 4154/1420/8 4201/1361/8
f 4201/1361/8 4154/1420/8 4155/1424/8
f 4201/1361/8 4155/1424/8 4156/1425/8
f 4156/1425/8 4157/1359/8 4201/1361/8
f 4170/1426/8 4269/1427/8 4169/1349/8
f 4169/1349/8 4269/1427/8 4270/1428/31
f 4169/1349/8 4270/1428/31 4271/1429/8
f 4171/1430/8 4255/1431/8 4170/1426/8
f 4170/1426/8 4255/1431/8 4256/1432/8
f 4170/1426/8 4256/1432/8 4264/1433/8
f 4264/1433/8 4256/1432/8 4263/1434/8
f 4263/1434/8 4256/1432/8 4257/1435/8
f 4263/1434/8 4257/1435/8 4258/1436/8
f 4255/1431/8 4171/1430/8 4254/1437/8
f 4254/1437/8 4171/1430/8 4172/1438/8
f 4254/1437/8 4172/1438/8 4253/1439/8
f 4253/1439/8 4172/1438/8 4173/1440/8
f 4253/1439/8 4173/1440/8 4252/1441/8
f 4252/1441/8 4173/1440/8 4174/1442/8
f 4252/1441/8 4174/1442/8 4175/1443/8
f 4252/1441/8 4175/1443/8 4251/1444/8
f 4251/1444/8 4175/1443/8 4176/1383/8
f 4251/1444/8 4176/1383/8 4250/1385/8
f 4191/1369/8 4192/1445/8 4097/1362/8
f 4097/1362/8 4192/1445/8 4193/1446/8
f 4097/1362/8 4193/1446/8 4194/1447/33
f 4194/1447/33 4195/1448/8 4097/1362/8
f 4097/1362/8 4195/1448/8 4196/1363/8
f 4198/1365/8 4199/1449/8 4096/1358/8
f 4096/1358/8 4199/1449/8 4200/1360/8
f 4203/1417/8 4204/1450/8 4146/1410/8
f 4146/1410/8 4204/1450/8 4205/1451/8
f 4146/1410/8 4205/1451/8 4206/1452/8
f 4206/1452/8 4207/1411/8 4146/1410/8
f 4209/1413/8 4210/1453/8 4145/1404/8
f 4145/1404/8 4210/1453/8 4211/1454/8
f 4145/1404/8 4211/1454/8 4212/1405/8
f 4214/1455/8 4215/1456/8 4213/1457/8
f 4213/1457/8 4215/1456/8 4216/1458/8
f 4213/1457/8 4216/1458/8 4217/1459/8
f 4217/1459/8 4218/1460/8 4213/1457/8
f 4213/1457/8 4218/1460/8 4285/1461/8
f 4213/1457/8 4285/1461/8 4261/1462/8
f 4261/1462/8 4285/1461/8 4262/1463/8
f 4261/1462/8 4262/1463/8 4260/1464/8
f 4260/1464/8 4262/1463/8 4259/1465/8
f 4259/1465/8 4262/1463/8 4263/1434/8
f 4259/1465/8 4263/1434/8 4258/1436/8
f 4219/1466/8 4280/1467/8 4218/1460/8
f 4218/1460/8 4280/1467/8 4281/1468/8
f 4218/1460/8 4281/1468/8 4282/1469/8
f 4220/1470/8 4224/1471/8 4219/1466/8
f 4219/1466/8 4224/1471/8 4225/1472/8
f 4219/1466/8 4225/1472/8 4276/1473/8
f 4276/1473/8 4225/1472/8 4275/1474/8
f 4275/1474/8 4225/1472/8 4226/1475/8
f 4275/1474/8 4226/1475/8 4227/1476/8
f 4220/1470/8 4221/1477/8 4224/1471/8
f 4224/1471/8 4221/1477/8 4222/1478/8
f 4224/1471/8 4222/1478/8 4223/1479/8
f 4275/1474/8 4227/1476/8 4274/1352/8
f 4274/1352/8 4227/1476/8 4228/1480/8
f 4274/1352/8 4228/1480/8 4229/1481/8
f 4229/1481/8 4230/1350/8 4274/1352/8
f 4466/1341/8 4234/1343/8 4465/1482/8
f 4465/1482/8 4234/1343/8 4235/1483/8
f 4465/1482/8 4235/1483/8 4599/1484/8
f 4599/1484/8 4235/1483/8 4598/1485/8
f 4598/1485/8 4235/1483/8 4236/1486/8
f 4598/1485/8 4236/1486/8 4597/1487/8
f 4597/1487/8 4236/1486/8 4237/1488/8
f 4597/1487/8 4237/1488/8 4596/1208/8
f 4596/1208/8 4237/1488/8 4238/1210/8
f 4243/1489/8 4342/1490/8 4242/1220/8
f 4242/1220/8 4342/1490/8 4343/1491/31
f 4242/1220/8 4343/1491/31 4344/1492/8
f 4244/1493/8 4328/1494/8 4243/1489/8
f 4243/1489/8 4328/1494/8 4329/1495/8
f 4243/1489/8 4329/1495/8 4337/1496/8
f 4337/1496/8 4329/1495/8 4336/1497/8
f 4336/1497/8 4329/1495/8 4330/1498/8
f 4336/1497/8 4330/1498/8 4331/1499/8
f 4328/1494/8 4244/1493/8 4327/1500/8
f 4327/1500/8 4244/1493/8 4245/1501/8
f 4327/1500/8 4245/1501/8 4326/1502/8
f 4326/1502/8 4245/1501/8 4246/1503/8
f 4326/1502/8 4246/1503/8 4325/1504/8
f 4325/1504/8 4246/1503/8 4247/1505/8
f 4325/1504/8 4247/1505/8 4248/1506/8
f 4325/1504/8 4248/1506/8 4324/1388/8
f 4324/1388/8 4248/1506/8 4249/1386/8
f 4264/1433/8 4265/1507/8 4170/1426/8
f 4170/1426/8 4265/1507/8 4266/1508/8
f 4170/1426/8 4266/1508/8 4267/1509/33
f 4267/1509/33 4268/1510/8 4170/1426/8
f 4170/1426/8 4268/1510/8 4269/1427/8
f 4271/1429/8 4272/1511/8 4169/1349/8
f 4169/1349/8 4272/1511/8 4273/1351/8
f 4276/1473/8 4277/1512/8 4219/1466/8
f 4219/1466/8 4277/1512/8 4278/1513/8
f 4219/1466/8 4278/1513/8 4279/1514/8
f 4279/1514/8 4280/1467/8 4219/1466/8
f 4282/1469/8 4283/1515/8 4218/1460/8
f 4218/1460/8 4283/1515/8 4284/1516/8
f 4218/1460/8 4284/1516/8 4285/1461/8
f 4287/1517/8 4288/1518/8 4286/1519/8
f 4286/1519/8 4288/1518/8 4289/1520/8
f 4286/1519/8 4289/1520/8 4290/1521/8
f 4290/1521/8 4291/1522/8 4286/1519/8
f 4286/1519/8 4291/1522/8 4358/1523/8
f 4286/1519/8 4358/1523/8 4334/1524/8
f 4334/1524/8 4358/1523/8 4335/1525/8
f 4334/1524/8 4335/1525/8 4333/1526/8
f 4333/1526/8 4335/1525/8 4332/1527/8
f 4332/1527/8 4335/1525/8 4336/1497/8
f 4332/1527/8 4336/1497/8 4331/1499/8
f 4292/1528/8 4353/1529/8 4291/1522/8
f 4291/1522/8 4353/1529/8 4354/1530/8
f 4291/1522/8 4354/1530/8 4355/1531/8
f 4293/1532/8 4297/1533/8 4292/1528/8
f 4292/1528/8 4297/1533/8 4298/1534/8
f 4292/1528/8 4298/1534/8 4349/1535/8
f 4349/1535/8 4298/1534/8 4348/1536/8
f 4348/1536/8 4298/1534/8 4299/1537/8
f 4348/1536/8 4299/1537/8 4300/1538/8
f 4293/1532/8 4294/1539/8 4297/1533/8
f 4297/1533/8 4294/1539/8 4295/1540/8
f 4297/1533/8 4295/1540/8 4296/1541/8
f 4348/1536/8 4300/1538/8 4347/1223/8
f 4347/1223/8 4300/1538/8 4301/1542/8
f 4347/1223/8 4301/1542/8 4302/1543/8
f 4302/1543/8 4303/1221/8 4347/1223/8
f 4572/1212/8 4307/1214/8 4571/1544/8
f 4571/1544/8 4307/1214/8 4308/1545/8
f 4571/1544/8 4308/1545/8 4570/1546/8
f 4570/1546/8 4308/1545/8 4309/1547/8
f 4570/1546/8 4309/1547/8 4569/1548/8
f 4569/1548/8 4309/1547/8 4310/1549/8
f 4569/1548/8 4310/1549/8 4568/1550/8
f 4568/1550/8 4310/1549/8 4311/1551/8
f 4568/1550/8 4311/1551/8 4567/1552/8
f 4567/1552/8 4311/1551/8 4312/1553/8
f 4567/1552/8 4312/1553/8 4566/1554/8
f 4566/1554/8 4312/1553/8 4313/1555/8
f 4566/1554/8 4313/1555/8 4565/1556/8
f 4565/1556/8 4313/1555/8 4314/1557/8
f 4565/1556/8 4314/1557/8 4564/1558/8
f 4564/1558/8 4314/1557/8 4315/1559/8
f 4564/1558/8 4315/1559/8 4563/1560/8
f 4563/1560/8 4315/1559/8 4507/1384/8
f 4563/1560/8 4507/1384/8 4508/1561/8
f 4315/1559/8 4316/1562/8 4507/1384/8
f 4507/1384/8 4316/1562/8 4317/1563/8
f 4507/1384/8 4317/1563/8 4318/1564/8
f 4318/1564/8 4319/1565/8 4507/1384/8
f 4507/1384/8 4319/1565/8 4320/1566/8
f 4507/1384/8 4320/1566/8 4321/1567/8
f 4321/1567/8 4322/1568/8 4507/1384/8
f 4507/1384/8 4322/1568/8 4323/1387/8
f 4337/1496/8 4338/1569/8 4243/1489/8
f 4243/1489/8 4338/1569/8 4339/1570/8
f 4243/1489/8 4339/1570/8 4340/1571/33
f 4340/1571/33 4341/1572/8 4243/1489/8
f 4243/1489/8 4341/1572/8 4342/1490/8
f 4344/1492/8 4345/1573/8 4242/1220/8
f 4242/1220/8 4345/1573/8 4346/1222/8
f 4349/1535/8 4350/1574/8 4292/1528/8
f 4292/1528/8 4350/1574/8 4351/1575/8
f 4292/1528/8 4351/1575/8 4352/1576/8
f 4352/1576/8 4353/1529/8 4292/1528/8
f 4355/1531/8 4356/1577/8 4291/1522/8
f 4291/1522/8 4356/1577/8 4357/1578/8
f 4291/1522/8 4357/1578/8 4358/1523/8
f 4360/1579/8 4361/1580/8 4359/1581/8
f 4359/1581/8 4361/1580/8 4362/1582/8
f 4359/1581/8 4362/1582/8 4363/1583/8
f 4363/1583/8 4364/1584/8 4359/1581/8
f 4359/1581/8 4364/1584/8 4431/1585/8
f 4359/1581/8 4431/1585/8 4407/1586/8
f 4407/1586/8 4431/1585/8 4408/1587/8
f 4407/1586/8 4408/1587/8 4406/1588/8
f 4406/1588/8 4408/1587/8 4405/1589/8
f 4405/1589/8 4408/1587/8 4409/1590/8
f 4405/1589/8 4409/1590/8 4404/1591/8
f 4404/1591/8 4409/1590/8 4403/1592/8
f 4403/1592/8 4409/1590/8 4402/1593/8
f 4402/1593/8 4409/1590/8 4410/1594/8
f 4402/1593/8 4410/1594/8 4401/1313/8
f 4401/1313/8 4410/1594/8 4411/1595/30
f 4401/1313/8 4411/1595/30 4412/1596/8
f 4365/1597/8 4426/1598/8 4364/1584/8
f 4364/1584/8 4426/1598/8 4427/1599/8
f 4364/1584/8 4427/1599/8 4428/1600/8
f 4366/1601/8 4370/1602/8 4365/1597/8
f 4365/1597/8 4370/1602/8 4371/1603/8
f 4365/1597/8 4371/1603/8 4422/1604/8
f 4422/1604/8 4371/1603/8 4421/1605/8
f 4421/1605/8 4371/1603/8 4372/1606/8
f 4421/1605/8 4372/1606/8 4373/1607/8
f 4366/1601/8 4367/1608/8 4370/1602/8
f 4370/1602/8 4367/1608/8 4368/1609/8
f 4370/1602/8 4368/1609/8 4369/1610/8
f 4421/1605/8 4373/1607/8 4420/1611/8
f 4420/1611/8 4373/1607/8 4374/1612/8
f 4420/1611/8 4374/1612/8 4375/1613/8
f 4375/1613/8 4376/1614/8 4420/1611/8
f 4420/1611/8 4376/1614/8 4419/1615/8
f 4419/1615/8 4376/1614/8 4377/1616/8
f 4419/1615/8 4377/1616/8 4418/1617/30
f 4418/1617/30 4377/1616/8 4417/1618/8
f 4417/1618/8 4377/1616/8 4505/1/8
f 4417/1618/8 4505/1/8 4416/1619/8
f 4416/1619/8 4505/1/8 4415/1316/8
f 4377/1616/8 4378/1620/8 4505/1/8
f 4505/1/8 4378/1620/8 4379/1621/8
f 4505/1/8 4379/1621/8 4380/1622/8
f 4380/1622/8 4381/1623/8 4505/1/8
f 4505/1/8 4381/1623/8 4382/1624/8
f 4505/1/8 4382/1624/8 4383/1625/8
f 4505/1/8 4383/1625/8 4455/1626/8
f 4455/1626/8 4383/1625/8 4384/1627/8
f 4455/1626/8 4384/1627/8 4454/1628/8
f 4454/1628/8 4384/1627/8 4385/1629/8
f 4454/1628/8 4385/1629/8 4453/1630/8
f 4453/1630/8 4385/1629/8 4386/1631/8
f 4453/1630/8 4386/1631/8 4452/1632/8
f 4452/1632/8 4386/1631/8 4451/1633/8
f 4451/1633/8 4386/1631/8 4387/1634/8
f 4451/1633/8 4387/1634/8 4450/1635/8
f 4450/1635/8 4387/1634/8 4388/1636/8
f 4450/1635/8 4388/1636/8 4449/1637/8
f 4449/1637/8 4388/1636/8 4492/1638/8
f 4449/1637/8 4492/1638/8 4493/1639/8
f 4389/1640/8 4488/1641/8 4388/1636/8
f 4388/1636/8 4488/1641/8 4489/1642/31
f 4388/1636/8 4489/1642/31 4490/1643/8
f 4390/1644/8 4474/1645/8 4389/1640/8
f 4389/1640/8 4474/1645/8 4475/1646/8
f 4389/1640/8 4475/1646/8 4483/1647/8
f 4483/1647/8 4475/1646/8 4482/1648/8
f 4482/1648/8 4475/1646/8 4476/1649/8
f 4482/1648/8 4476/1649/8 4477/1650/8
f 4474/1645/8 4390/1644/8 4473/1651/8
f 4473/1651/8 4390/1644/8 4391/1652/8
f 4473/1651/8 4391/1652/8 4472/1653/8
f 4472/1653/8 4391/1652/8 4392/1654/8
f 4472/1653/8 4392/1654/8 4471/1331/8
f 4471/1331/8 4392/1654/8 4393/1329/8
f 4412/1596/8 4413/1314/8 4401/1313/8
f 4422/1604/8 4423/1655/8 4365/1597/8
f 4365/1597/8 4423/1655/8 4424/1656/8
f 4365/1597/8 4424/1656/8 4425/1657/8
f 4425/1657/8 4426/1598/8 4365/1597/8
f 4428/1600/8 4429/1658/8 4364/1584/8
f 4364/1584/8 4429/1658/8 4430/1659/8
f 4364/1584/8 4430/1659/8 4431/1585/8
f 4433/1660/8 4434/1661/8 4432/1662/8
f 4432/1662/8 4434/1661/8 4435/1663/8
f 4432/1662/8 4435/1663/8 4436/1664/8
f 4436/1664/8 4437/1665/8 4432/1662/8
f 4432/1662/8 4437/1665/8 4504/1666/8
f 4432/1662/8 4504/1666/8 4480/1667/8
f 4480/1667/8 4504/1666/8 4481/1668/8
f 4480/1667/8 4481/1668/8 4479/1669/8
f 4479/1669/8 4481/1668/8 4478/1670/8
f 4478/1670/8 4481/1668/8 4482/1648/8
f 4478/1670/8 4482/1648/8 4477/1650/8
f 4438/1671/8 4499/1672/8 4437/1665/8
f 4437/1665/8 4499/1672/8 4500/1673/8
f 4437/1665/8 4500/1673/8 4501/1674/8
f 4439/1675/8 4443/1676/8 4438/1671/8
f 4438/1671/8 4443/1676/8 4444/1677/8
f 4438/1671/8 4444/1677/8 4495/1678/8
f 4495/1678/8 4444/1677/8 4494/1679/8
f 4494/1679/8 4444/1677/8 4445/1680/8
f 4494/1679/8 4445/1680/8 4446/1681/8
f 4439/1675/8 4440/1682/8 4443/1676/8
f 4443/1676/8 4440/1682/8 4441/1683/8
f 4443/1676/8 4441/1683/8 4442/1684/8
f 4494/1679/8 4446/1681/8 4493/1639/8
f 4493/1639/8 4446/1681/8 4447/1685/8
f 4493/1639/8 4447/1685/8 4448/1686/8
f 4448/1686/8 4449/1637/8 4493/1639/8
f 4455/1626/8 4456/1687/8 4505/1/8
f 4505/1/8 4456/1687/8 4508/1561/8
f 4508/1561/8 4456/1687/8 4457/1688/8
f 4508/1561/8 4457/1688/8 4555/1689/8
f 4555/1689/8 4457/1688/8 4554/1690/8
f 4554/1690/8 4457/1688/8 4458/1233/8
f 4554/1690/8 4458/1233/8 4586/1235/8
f 4593/1228/8 4461/1230/8 4592/1691/8
f 4592/1691/8 4461/1230/8 4462/1692/8
f 4592/1691/8 4462/1692/8 4591/1693/8
f 4591/1693/8 4462/1692/8 4590/1694/8
f 4590/1694/8 4462/1692/8 4599/1484/8
f 4590/1694/8 4599/1484/8 4594/1203/8
f 4462/1692/8 4463/1695/8 4599/1484/8
f 4599/1484/8 4463/1695/8 4464/1696/8
f 4599/1484/8 4464/1696/8 4465/1482/8
f 4483/1647/8 4484/1697/8 4389/1640/8
f 4389/1640/8 4484/1697/8 4485/1698/8
f 4389/1640/8 4485/1698/8 4486/1699/32
f 4486/1699/32 4487/1700/8 4389/1640/8
f 4389/1640/8 4487/1700/8 4488/1641/8
f 4490/1643/8 4491/1701/8 4388/1636/8
f 4388/1636/8 4491/1701/8 4492/1638/8
f 4495/1678/8 4496/1702/8 4438/1671/8
f 4438/1671/8 4496/1702/8 4497/1703/8
f 4438/1671/8 4497/1703/8 4498/1704/8
f 4498/1704/8 4499/1672/8 4438/1671/8
f 4501/1674/8 4502/1705/8 4437/1665/8
f 4437/1665/8 4502/1705/8 4503/1706/8
f 4437/1665/8 4503/1706/8 4504/1666/8
f 4510/1707/8 4579/1708/8 4509/1709/8
f 4509/1709/8 4579/1708/8 4580/1710/8
f 4509/1709/8 4580/1710/8 4581/1711/8
f 4511/1712/8 4576/1713/8 4510/1707/8
f 4510/1707/8 4576/1713/8 4577/1714/8
f 4510/1707/8 4577/1714/8 4578/1715/8
f 4576/1713/8 4511/1712/8 4065/1207/8
f 4065/1207/8 4511/1712/8 4512/1262/8
f 4514/1264/8 4515/1716/8 4064/1258/8
f 4064/1258/8 4515/1716/8 4516/1259/8
f 4518/1261/8 4519/1244/8 4063/1243/8
f 4525/1257/8 4526/1717/8 4539/1255/8
f 4539/1255/8 4526/1717/8 4527/1718/8
f 4539/1255/8 4527/1718/8 4538/1719/8
f 4538/1719/8 4527/1718/8 4528/1720/8
f 4538/1719/8 4528/1720/8 4529/1721/8
f 4529/1721/8 4530/1722/8 4538/1719/8
f 4538/1719/8 4530/1722/8 4531/1723/8
f 4538/1719/8 4531/1723/8 4532/1724/8
f 4509/1709/8 4581/1711/8 4532/1724/8
f 4532/1724/8 4581/1711/8 4533/1725/8
f 4532/1724/8 4533/1725/8 4538/1719/8
f 4538/1719/8 4533/1725/8 4537/1726/8
f 4537/1726/8 4533/1725/8 4536/1727/8
f 4536/1727/8 4533/1725/8 4535/1728/8
f 4535/1728/8 4533/1725/8 4534/1729/8
f 4545/1253/8 4539/1255/8 4544/1730/8
f 4544/1730/8 4539/1255/8 4540/1731/8
f 4544/1730/8 4540/1731/8 4541/1732/8
f 4541/1732/8 4542/1733/8 4544/1730/8
f 4544/1730/8 4542/1733/8 4543/1734/8
f 4550/1246/8 4551/1241/8 4062/1239/8
f 4552/1242/8 4553/1735/8 4587/1240/8
f 4587/1240/8 4553/1735/8 4554/1690/8
f 4587/1240/8 4554/1690/8 4586/1235/8
f 4555/1689/8 4556/1736/8 4508/1561/8
f 4508/1561/8 4556/1736/8 4557/1737/8
f 4508/1561/8 4557/1737/8 4558/1738/8
f 4558/1738/8 4559/1739/8 4508/1561/8
f 4508/1561/8 4559/1739/8 4560/1740/8
f 4508/1561/8 4560/1740/8 4561/1741/8
f 4561/1741/8 4562/1742/8 4508/1561/8
f 4508/1561/8 4562/1742/8 4563/1560/8
f 4574/1209/8 4575/1743/8 4065/1207/8
f 4065/1207/8 4575/1743/8 4576/1713/8
f 4578/1715/8 4579/1708/8 4510/1707/8
f 4589/1224/8 4590/1694/8 4594/1203/8
f 4600/1/10 4601/950/10 4603/3/10
f 4603/3/10 4601/950/10 4602/951/10
f 4615/9/9 4604/1/9 4614/500/94
f 4614/500/94 4604/1/9 4605/818/93
f 4614/500/94 4605/818/93 4613/502/69
f 4613/502/69 4605/818/93 4606/817/69
f 4613/502/69 4606/817/69 4612/504/66
f 4612/504/66 4606/817/69 4607/816/66
f 4612/504/66 4607/816/66 4611/506/63
f 4611/506/63 4607/816/66 4608/815/63
f 4611/506/63 4608/815/63 4610/508/10
f 4610/508/10 4608/815/63 4609/518/10
f 4616/1/9 4617/952/9 4619/3/9
f 4619/3/9 4617/952/9 4618/953/9
f 4631/9/1 4620/1/1 4630/500/39
f 4630/500/39 4620/1/1 4621/818/39
f 4630/500/39 4621/818/39 4629/502/40
f 4629/502/40 4621/818/39 4622/817/40
f 4629/502/40 4622/817/40 4628/504/41
f 4628/504/41 4622/817/40 4623/816/41
f 4628/504/41 4623/816/41 4627/506/84
f 4627/506/84 4623/816/41 4624/815/85
f 4627/506/84 4624/815/85 4626/508/9
f 4626/508/9 4624/815/85 4625/518/9
f 4632/1/1 4633/950/1 4635/3/1
f 4635/3/1 4633/950/1 4634/951/1
f 4647/9/11 4636/1/11 4646/500/160
f 4646/500/160 4636/1/11 4637/818/54
f 4646/500/160 4637/818/54 4645/502/35
f 4645/502/35 4637/818/54 4638/817/35
f 4645/502/35 4638/817/35 4644/504/190
f 4644/504/190 4638/817/35 4639/816/36
f 4644/504/190 4639/816/36 4643/506/191
f 4643/506/191 4639/816/36 4640/815/37
f 4643/506/191 4640/815/37 4642/508/1
f 4642/508/1 4640/815/37 4641/518/1
f 4648/1/11 4649/952/11 4651/3/11
f 4651/3/11 4649/952/11 4650/953/11
f 4663/9/10 4652/1/10 4662/500/61
f 4662/500/61 4652/1/10 4653/818/167
f 4662/500/61 4653/818/167 4661/502/60
f 4661/502/60 4653/818/167 4654/817/192
f 4661/502/60 4654/817/192 4660/504/58
f 4660/504/58 4654/817/192 4655/816/58
f 4660/504/58 4655/816/58 4659/506/57
f 4659/506/57 4655/816/58 4656/815/161
f 4659/506/57 4656/815/161 4658/508/11
f 4658/508/11 4656/815/161 4657/518/11
f 4688/1/11 4689/1744/11 4691/1745/11
f 4691/1745/11 4689/1744/11 4690/1746/11
f 4699/1747/200 4692/1/200 4698/1748/201
f 4698/1748/201 4692/1/200 4693/1749/201
f 4698/1748/201 4693/1749/201 4694/1750/202
f 4695/1751/203 4696/1752/203 4694/1750/202
f 4694/1750/202 4696/1752/203 4697/1753/202
f 4694/1750/202 4697/1753/202 4698/1748/201
f 4707/1747/204 4700/1/204 4706/1748/205
f 4706/1748/205 4700/1/204 4701/1749/205
f 4706/1748/205 4701/1749/205 4702/1750/206
f 4703/1751/207 4704/1752/207 4702/1750/206
f 4702/1750/206 4704/1752/207 4705/1753/206
f 4702/1750/206 4705/1753/206 4706/1748/205
f 4715/1/11 4716/1761/11 4718/1745/11
f 4718/1745/11 4716/1761/11 4717/1762/11
f 4719/1/208 4720/1763/208 4722/1745/208
f 4722/1745/208 4720/1763/208 4721/1764/208
f 4723/1/9 4724/1765/9 4726/1745/9
f 4726/1745/9 4724/1765/9 4725/1766/9
f 4727/1/209 4728/1763/209 4730/1745/209
f 4730/1745/209 4728/1763/209 4729/1764/209
f 4731/1/11 4732/1767/11 4734/1745/11
f 4734/1745/11 4732/1767/11 4733/1768/11
f 4735/1/210 4736/1769/210 4738/1745/210
f 4738/1745/210 4736/1769/210 4737/1770/210
f 4746/1747/211 4739/1/211 4745/1771/212
f 4745/1771/212 4739/1/211 4740/1772/212
f 4745/1771/212 4740/1772/212 4744/1773/213
f 4744/1773/213 4740/1772/212 4741/1774/213
f 4744/1773/213 4741/1774/213 4743/1775/214
f 4743/1775/214 4741/1774/213 4742/1776/214
f 4754/1747/215 4747/1/215 4753/1771/216
f 4753/1771/216 4747/1/215 4748/1772/216
f 4753/1771/216 4748/1772/216 4752/1773/217
f 4752/1773/217 4748/1772/216 4749/1774/217
f 4752/1773/217 4749/1774/217 4751/1775/218
f 4751/1775/218 4749/1774/217 4750/1776/218
f 4755/1/219 4756/1769/219 4758/1745/219
f 4758/1745/219 4756/1769/219 4757/1770/219
f 4773/1790/38 4824/1791/38 4772/1792/38
f 4772/1792/38 4824/1791/38 4825/1793/38
f 4772/1792/38 4825/1793/38 4826/1794/38
f 4824/1791/38 4773/1790/38 4823/1795/38
f 4823/1795/38 4773/1790/38 4774/1796/38
f 4823/1795/38 4774/1796/38 4822/1797/38
f 4822/1797/38 4774/1796/38 4775/1798/38
f 4822/1797/38 4775/1798/38 4821/1799/38
f 4821/1799/38 4775/1798/38 4776/1800/38
f 4821/1799/38 4776/1800/38 4820/1801/38
f 4820/1801/38 4776/1800/38 4777/1802/38
f 4820/1801/38 4777/1802/38 4819/1803/38
f 4819/1803/38 4777/1802/38 4818/1804/38
f 4818/1804/38 4777/1802/38 4817/1805/38
f 4817/1805/38 4777/1802/38 4816/1806/38
f 4816/1806/38 4777/1802/38 4833/1807/38
f 4816/1806/38 4833/1807/38 4815/1808/38
f 4815/1808/38 4833/1807/38 4834/1809/38
f 4815/1808/38 4834/1809/38 4814/1810/38
f 4814/1810/38 4834/1809/38 4835/1811/38
f 4814/1810/38 4835/1811/38 4813/1812/38
f 4813/1812/38 4835/1811/38 4836/1813/38
f 4813/1812/38 4836/1813/38 4837/1814/38
f 4833/1807/38 4777/1802/38 4832/1815/38
f 4832/1815/38 4777/1802/38 4778/1816/38
f 4832/1815/38 4778/1816/38 4794/1817/38
f 4794/1817/38 4778/1816/38 4772/1792/38
f 4794/1817/38 4772/1792/38 4793/1818/38
f 4793/1818/38 4772/1792/38 4826/1794/38
f 4793/1818/38 4826/1794/38 4827/1819/38
f 4780/1820/38 4831/1821/38 4779/1822/38
f 4779/1822/38 4831/1821/38 4786/1823/38
f 4779/1822/38 4786/1823/38 4785/1824/38
f 4785/1824/38 4786/1823/38 4787/1825/38
f 4785/1824/38 4787/1825/38 4800/1826/38
f 4800/1826/38 4787/1825/38 4799/1827/38
f 4799/1827/38 4787/1825/38 4798/1828/38
f 4798/1828/38 4787/1825/38 4788/1829/38
f 4798/1828/38 4788/1829/38 4797/1830/38
f 4797/1830/38 4788/1829/38 4789/1831/38
f 4797/1830/38 4789/1831/38 4796/1832/38
f 4796/1832/38 4789/1831/38 4790/1833/38
f 4796/1832/38 4790/1833/38 4795/1834/38
f 4795/1834/38 4790/1833/38 4830/1835/38
f 4830/1835/38 4790/1833/38 4791/1836/38
f 4830/1835/38 4791/1836/38 4829/1837/38
f 4829/1837/38 4791/1836/38 4792/1838/38
f 4829/1837/38 4792/1838/38 4828/1839/38
f 4828/1839/38 4792/1838/38 4793/1818/38
f 4828/1839/38 4793/1818/38 4827/1819/38
f 4781/1840/38 4806/1841/38 4780/1820/38
f 4780/1820/38 4806/1841/38 4807/1842/38
f 4780/1820/38 4807/1842/38 4808/1843/38
f 4806/1841/38 4781/1840/38 4805/1844/38
f 4805/1844/38 4781/1840/38 4782/1845/38
f 4805/1844/38 4782/1845/38 4804/1846/38
f 4804/1846/38 4782/1845/38 4783/1847/38
f 4804/1846/38 4783/1847/38 4803/1848/38
f 4803/1848/38 4783/1847/38 4784/1849/38
f 4803/1848/38 4784/1849/38 4802/1850/38
f 4802/1850/38 4784/1849/38 4785/1824/38
f 4802/1850/38 4785/1824/38 4801/1851/38
f 4801/1851/38 4785/1824/38 4800/1826/38
f 4794/1817/38 4786/1823/38 4832/1815/38
f 4832/1815/38 4786/1823/38 4831/1821/38
f 4808/1843/38 4809/1852/38 4780/1820/38
f 4780/1820/38 4809/1852/38 4810/1853/38
f 4780/1820/38 4810/1853/38 4839/1854/38
f 4839/1854/38 4810/1853/38 4811/1855/38
f 4839/1854/38 4811/1855/38 4838/1856/38
f 4838/1856/38 4811/1855/38 4812/1857/38
f 4838/1856/38 4812/1857/38 4837/1814/38
f 4837/1814/38 4812/1857/38 4813/1812/38
f 4839/1854/38 4831/1821/38 4780/1820/38
f 4847/1858/220 4840/1859/220 4846/1860/221
f 4846/1860/221 4840/1859/220 4841/1861/221
f 4846/1860/221 4841/1861/221 4845/1862/222
f 4845/1862/222 4841/1861/221 4842/1863/222
f 4845/1862/222 4842/1863/222 4844/1864/223
f 4844/1864/223 4842/1863/222 4843/1865/223
f 4857/1866/224 4848/1867/224 4856/1868/225
f 4856/1868/225 4848/1867/224 4849/1869/225
f 4856/1868/225 4849/1869/225 4855/1870/226
f 4855/1870/226 4849/1869/225 4850/1871/226
f 4855/1870/226 4850/1871/226 4854/1872/227
f 4854/1872/227 4850/1871/226 4851/1873/227
f 4854/1872/227 4851/1873/227 4853/1874/228
f 4853/1874/228 4851/1873/227 4852/1875/228
f 4867/1876/229 4858/1877/229 4866/1878/230
f 4866/1878/230 4858/1877/229 4859/1879/230
f 4866/1878/230 4859/1879/230 4865/1880/231
f 4865/1880/231 4859/1879/230 4860/1881/231
f 4865/1880/231 4860/1881/231 4864/1882/232
f 4864/1882/232 4860/1881/231 4861/1883/232
f 4864/1882/232 4861/1883/232 4863/1884/233
f 4863/1884/233 4861/1883/232 4862/1/233
f 4877/1885/234 4868/1886/234 4876/1887/235
f 4876/1887/235 4868/1886/234 4869/1888/235
f 4876/1887/235 4869/1888/235 4870/1889/236
f 4876/1887/235 4870/1889/236 4875/1890/236
f 4875/1890/236 4870/1889/236 4871/1891/237
f 4875/1890/236 4871/1891/237 4874/1892/237
f 4874/1892/237 4871/1891/237 4873/1884/238
f 4873/1884/238 4871/1891/237 4872/1/238
f 4885/1893/239 4878/1894/239 4884/1895/240
f 4884/1895/240 4878/1894/239 4879/1896/240
f 4884/1895/240 4879/1896/240 4880/1897/241
f 4881/1/242 4882/1884/242 4880/1897/241
f 4880/1897/241 4882/1884/242 4883/1898/241
f 4880/1897/241 4883/1898/241 4884/1895/240
f 4893/1893/243 4886/1894/243 4892/1895/244
f 4892/1895/244 4886/1894/243 4887/1896/244
f 4892/1895/244 4887/1896/244 4888/1897/245
f 4889/1/246 4890/1884/246 4888/1897/245
f 4888/1897/245 4890/1884/246 4891/1898/245
f 4888/1897/245 4891/1898/245 4892/1895/244
f 4903/1885/247 4894/1886/247 4902/1887/248
f 4902/1887/248 4894/1886/247 4895/1888/248
f 4902/1887/248 4895/1888/248 4896/1889/249
f 4902/1887/248 4896/1889/249 4901/1890/249
f 4901/1890/249 4896/1889/249 4897/1891/250
f 4901/1890/249 4897/1891/250 4900/1892/250
f 4900/1892/250 4897/1891/250 4899/1899/251
f 4899/1899/251 4897/1891/250 4898/1900/251
f 4913/1876/252 4904/1877/252 4912/1878/253
f 4912/1878/253 4904/1877/252 4905/1879/253
f 4912/1878/253 4905/1879/253 4911/1880/254
f 4911/1880/254 4905/1879/253 4906/1881/254
f 4911/1880/254 4906/1881/254 4910/1882/255
f 4910/1882/255 4906/1881/254 4907/1883/255
f 4910/1882/255 4907/1883/255 4909/1884/256
f 4909/1884/256 4907/1883/255 4908/1/256
f 4923/1866/257 4914/1867/257 4922/1868/258
f 4922/1868/258 4914/1867/257 4915/1869/258
f 4922/1868/258 4915/1869/258 4921/1870/259
f 4921/1870/259 4915/1869/258 4916/1871/259
f 4921/1870/259 4916/1871/259 4920/1872/260
f 4920/1872/260 4916/1871/259 4917/1873/260
f 4920/1872/260 4917/1873/260 4919/1884/261
f 4919/1884/261 4917/1873/260 4918/1/261
f 4931/1858/262 4924/1859/262 4930/1860/263
f 4930/1860/263 4924/1859/262 4925/1861/263
f 4930/1860/263 4925/1861/263 4929/1862/264
f 4929/1862/264 4925/1861/263 4926/1863/264
f 4929/1862/264 4926/1863/264 4928/1884/265
f 4928/1884/265 4926/1863/264 4927/1/265
f 4932/1/10 4933/1901/10 4935/1745/10
f 4935/1745/10 4933/1901/10 4934/1902/10
f 4936/1/11 4937/1903/11 4939/1745/11
f 4939/1745/11 4937/1903/11 4938/1904/11
f 4940/1/1 4941/1901/1 4943/1745/1
f 4943/1745/1 4941/1901/1 4942/1902/1
f 4944/1/9 4945/1903/9 4947/1745/9
f 4947/1745/9 4945/1903/9 4946/1904/9
f 4989/1945/38 4992/1946/38 4988/1947/38
f 4988/1947/38 4992/1946/38 4993/1948/38
f 4988/1947/38 4993/1948/38 4991/1949/38
f 4991/1949/38 4993/1948/38 4994/1950/38
f 4991/1949/38 4994/1950/38 4990/1951/38
f 4990/1951/38 4994/1950/38 4989/1945/38
f 4989/1945/38 4994/1950/38 4995/1952/38
f 4989/1945/38 4995/1952/38 4992/1946/38
f 4996/1/11 4997/1953/11 4999/1745/11
f 4999/1745/11 4997/1953/11 4998/1954/11
f 5000/1/266 5001/1955/266 5003/1745/266
f 5003/1745/266 5001/1955/266 5002/1956/266
f 5004/1/9 5005/1957/9 5007/1745/9
f 5007/1745/9 5005/1957/9 5006/1958/9
f 5008/1/267 5009/1955/267 5011/1745/267
f 5011/1745/267 5009/1955/267 5010/1956/267
f 5012/1/268 5013/1959/268 5015/1745/268
f 5015/1745/268 5013/1959/268 5014/1960/268
f 5016/1/11 5017/1961/11 5019/1745/11
f 5019/1745/11 5017/1961/11 5018/1962/11
f 5020/1/269 5021/1959/269 5023/1745/269
f 5023/1745/269 5021/1959/269 5022/1960/269
f 5024/1/9 5025/1963/9 5027/1745/9
f 5027/1745/9 5025/1963/9 5026/1964/9
f 5047/1977/270 5040/1978/270 5046/1979/271
f 5046/1979/271 5040/1978/270 5041/1980/271
f 5046/1979/271 5041/1980/271 5042/1981/272
f 5043/1/273 5044/1884/273 5042/1981/272
f 5042/1981/272 5044/1884/273 5045/1982/272
f 5042/1981/272 5045/1982/272 5046/1979/271
f 5055/1977/274 5048/1978/274 5054/1979/275
f 5054/1979/275 5048/1978/274 5049/1980/275
f 5054/1979/275 5049/1980/275 5050/1981/276
f 5051/1/277 5052/1884/277 5050/1981/276
f 5050/1981/276 5052/1884/277 5053/1982/276
f 5050/1981/276 5053/1982/276 5054/1979/275
f 5063/1747/278 5056/1/278 5062/1983/279
f 5062/1983/279 5056/1/278 5057/1984/279
f 5062/1983/279 5057/1984/279 5061/1985/280
f 5061/1985/280 5057/1984/279 5058/1986/280
f 5061/1985/280 5058/1986/280 5060/1987/281
f 5060/1987/281 5058/1986/280 5059/1988/281
f 5071/1747/282 5064/1/282 5070/1983/283
f 5070/1983/283 5064/1/282 5065/1984/283
f 5070/1983/283 5065/1984/283 5069/1985/284
f 5069/1985/284 5065/1984/283 5066/1986/284
f 5069/1985/284 5066/1986/284 5068/1987/285
f 5068/1987/285 5066/1986/284 5067/1988/286
f 5095/1747/287 5084/1/287 5094/2001/288
f 5094/2001/288 5084/1/287 5085/2002/288
f 5094/2001/288 5085/2002/288 5093/2003/289
f 5093/2003/289 5085/2002/288 5086/2004/289
f 5093/2003/289 5086/2004/289 5092/2005/290
f 5092/2005/290 5086/2004/289 5087/2006/290
f 5092/2005/290 5087/2006/290 5091/2007/291
f 5091/2007/291 5087/2006/290 5088/2008/291
f 5091/2007/291 5088/2008/291 5090/2009/292
f 5090/2009/292 5088/2008/291 5089/2010/292
f 5096/1/293 5097/2011/293 5099/1745/293
f 5099/1745/293 5097/2011/293 5098/2012/293
f 5100/1/294 5101/2013/294 5103/1745/294
f 5103/1745/294 5101/2013/294 5102/2014/294
f 5118/2022/295 5111/2023/295 5117/2024/296
f 5117/2024/296 5111/2023/295 5112/2025/296
f 5117/2024/296 5112/2025/296 5116/2026/297
f 5116/2026/297 5112/2025/296 5113/2027/297
f 5116/2026/297 5113/2027/297 5115/1884/298
f 5115/1884/298 5113/2027/297 5114/1/298
f 5126/2022/299 5119/2023/299 5125/2024/300
f 5125/2024/300 5119/2023/299 5120/2025/300
f 5125/2024/300 5120/2025/300 5124/2026/301
f 5124/2026/301 5120/2025/300 5121/2027/301
f 5124/2026/301 5121/2027/301 5123/1884/302
f 5123/1884/302 5121/2027/301 5122/1/302
f 5134/2028/303 5127/2029/303 5133/2030/304
f 5133/2030/304 5127/2029/303 5128/2031/304
f 5133/2030/304 5128/2031/304 5129/2032/305
f 5130/1/306 5131/1884/306 5129/2032/305
f 5129/2032/305 5131/1884/306 5132/2033/305
f 5129/2032/305 5132/2033/305 5133/2030/304
f 5135/1/9 5136/2034/9 5138/1745/9
f 5138/1745/9 5136/2034/9 5137/2035/9
f 5146/2028/307 5139/2029/307 5145/2030/308
f 5145/2030/308 5139/2029/307 5140/2031/308
f 5145/2030/308 5140/2031/308 5141/2032/309
f 5142/1/310 5143/1884/310 5141/2032/309
f 5141/2032/309 5143/1884/310 5144/2033/309
f 5141/2032/309 5144/2033/309 5145/2030/308
f 5147/1/311 5148/2036/311 5150/1745/311
f 5150/1745/311 5148/2036/311 5149/2037/311
f 5158/2038/312 5151/2039/312 5157/2040/313
f 5157/2040/313 5151/2039/312 5152/2041/313
f 5157/2040/313 5152/2041/313 5156/2042/314
f 5156/2042/314 5152/2041/313 5153/2043/314
f 5156/2042/314 5153/2043/314 5155/2044/315
f 5155/2044/315 5153/2043/314 5154/2045/315
f 5166/1747/316 5159/1/316 5165/2040/317
f 5165/2040/317 5159/1/316 5160/2041/317
f 5165/2040/317 5160/2041/317 5164/2042/318
f 5164/2042/318 5160/2041/317 5161/2043/318
f 5164/2042/318 5161/2043/318 5163/2044/319
f 5163/2044/319 5161/2043/318 5162/2045/319
f 5167/1/320 5168/2036/320 5170/1745/320
f 5170/1745/320 5168/2036/320 5169/2037/320
f 5171/1/9 5172/1767/9 5174/1745/9
f 5174/1745/9 5172/1767/9 5173/1768/9
f 5198/2068/38 5226/2069/38 5197/2070/38
f 5197/2070/38 5226/2069/38 5227/2071/38
f 5197/2070/38 5227/2071/38 5204/2072/38
f 5204/2072/38 5227/2071/38 5228/2073/38
f 5204/2072/38 5228/2073/38 5215/2074/38
f 5215/2074/38 5228/2073/38 5216/2075/38
f 5215/2074/38 5216/2075/38 5217/2076/38
f 5199/2077/38 5210/2078/38 5198/2068/38
f 5198/2068/38 5210/2078/38 5224/2079/38
f 5198/2068/38 5224/2079/38 5225/2080/38
f 5210/2078/38 5199/2077/38 5209/2081/38
f 5209/2081/38 5199/2077/38 5200/2082/38
f 5209/2081/38 5200/2082/38 5208/2083/38
f 5208/2083/38 5200/2082/38 5201/2084/38
f 5208/2083/38 5201/2084/38 5207/2085/38
f 5207/2085/38 5201/2084/38 5206/2086/38
f 5206/2086/38 5201/2084/38 5202/2087/38
f 5206/2086/38 5202/2087/38 5205/2088/38
f 5205/2088/38 5202/2087/38 5203/2089/38
f 5205/2088/38 5203/2089/38 5204/2072/38
f 5204/2072/38 5203/2089/38 5197/2070/38
f 5224/2079/38 5210/2078/38 5223/2090/38
f 5223/2090/38 5210/2078/38 5211/2091/38
f 5223/2090/38 5211/2091/38 5222/2092/38
f 5222/2092/38 5211/2091/38 5221/2093/38
f 5221/2093/38 5211/2091/38 5212/2094/38
f 5221/2093/38 5212/2094/38 5220/2095/38
f 5220/2095/38 5212/2094/38 5213/2096/38
f 5220/2095/38 5213/2096/38 5219/2097/38
f 5219/2097/38 5213/2096/38 5218/2098/38
f 5218/2098/38 5213/2096/38 5214/2099/38
f 5218/2098/38 5214/2099/38 5217/2076/38
f 5217/2076/38 5214/2099/38 5215/2074/38
f 5225/2080/38 5226/2069/38 5198/2068/38
f 5229/1/321 5230/2011/321 5232/1745/321
f 5232/1745/321 5230/2011/321 5231/2012/321
f 5244/1747/322 5233/1/322 5243/2001/323
f 5243/2001/323 5233/1/322 5234/2002/323
f 5243/2001/323 5234/2002/323 5242/2003/324
f 5242/2003/324 5234/2002/323 5235/2004/324
f 5242/2003/324 5235/2004/324 5241/2005/325
f 5241/2005/325 5235/2004/324 5236/2006/325
f 5241/2005/325 5236/2006/325 5240/2007/326
f 5240/2007/326 5236/2006/325 5237/2008/326
f 5240/2007/326 5237/2008/326 5239/2009/327
f 5239/2009/327 5237/2008/326 5238/2010/327
f 5245/1/328 5246/2013/328 5248/1745/328
f 5248/1745/328 5246/2013/328 5247/2014/328
f 5256/368/1 5257/2107/1 5259/3/1
f 5259/3/1 5257/2107/1 5258/2108/1
f 5271/2109/329 5260/2110/329 5270/2111/330
f 5270/2111/330 5260/2110/329 5261/2112/330
f 5270/2111/330 5261/2112/330 5269/2113/331
f 5269/2113/331 5261/2112/330 5262/2114/331
f 5269/2113/331 5262/2114/331 5268/2115/332
f 5268/2115/332 5262/2114/331 5263/2116/332
f 5268/2115/332 5263/2116/332 5267/2117/333
f 5267/2117/333 5263/2116/332 5264/2118/333
f 5267/2117/333 5264/2118/333 5266/381/334
f 5266/381/334 5264/2118/333 5265/382/334
f 5273/2119/1 5274/2120/1 5272/591/1
f 5272/591/1 5274/2120/1 5275/3/1
f 5272/591/1 5275/3/1 5276/1/1
f 5276/1/1 5277/590/1 5272/591/1
f 5289/9/9 5278/1/9 5288/500/85
f 5288/500/85 5278/1/9 5279/818/85
f 5288/500/85 5279/818/85 5287/502/41
f 5287/502/41 5279/818/85 5280/817/92
f 5287/502/41 5280/817/92 5286/504/40
f 5286/504/40 5280/817/92 5281/816/335
f 5286/504/40 5281/816/335 5285/506/39
f 5285/506/39 5281/816/335 5282/815/39
f 5285/506/39 5282/815/39 5284/508/1
f 5284/508/1 5282/815/39 5283/518/1
f 5290/1/9 5291/2121/9 5293/3/9
f 5293/3/9 5291/2121/9 5292/370/9
f 5305/9/10 5294/1/10 5304/500/63
f 5304/500/63 5294/1/10 5295/818/63
f 5304/500/63 5295/818/63 5303/502/336
f 5303/502/336 5295/818/63 5296/817/66
f 5303/502/336 5296/817/66 5302/504/95
f 5302/504/95 5296/817/66 5297/816/69
f 5302/504/95 5297/816/69 5301/506/94
f 5301/506/94 5297/816/69 5298/815/94
f 5301/506/94 5298/815/94 5300/508/152
f 5300/508/152 5298/815/94 5299/518/152
f 5317/9/11 5306/499/11 5316/500/88
f 5316/500/88 5306/499/11 5307/501/56
f 5316/500/88 5307/501/56 5315/502/59
f 5315/502/59 5307/501/56 5308/503/58
f 5315/502/59 5308/503/58 5314/504/192
f 5314/504/192 5308/503/58 5309/505/60
f 5314/504/192 5309/505/60 5313/506/337
f 5313/506/337 5309/505/60 5310/507/167
f 5313/506/337 5310/507/167 5312/508/10
f 5312/508/10 5310/507/167 5311/509/10
f 5318/368/11 5319/369/11 5321/3/11
f 5321/3/11 5319/369/11 5320/370/11
f 5333/9/1 5322/499/148 5332/500/191
f 5332/500/191 5322/499/148 5323/501/338
f 5332/500/191 5323/501/338 5331/502/36
f 5331/502/36 5323/501/338 5324/503/36
f 5331/502/36 5324/503/36 5330/504/35
f 5330/504/35 5324/503/36 5325/505/147
f 5330/504/35 5325/505/147 5329/506/55
f 5329/506/55 5325/505/147 5326/507/34
f 5329/506/55 5326/507/34 5328/508/50
f 5328/508/50 5326/507/34 5327/509/11
f 5364/368/1 5365/2107/1 5367/3/1
f 5367/3/1 5365/2107/1 5366/2108/1
f 5379/2109/339 5368/2110/339 5378/2111/330
f 5378/2111/330 5368/2110/339 5369/2112/330
f 5378/2111/330 5369/2112/330 5377/2113/331
f 5377/2113/331 5369/2112/330 5370/2114/331
f 5377/2113/331 5370/2114/331 5376/2115/332
f 5376/2115/332 5370/2114/331 5371/2116/332
f 5376/2115/332 5371/2116/332 5375/2117/333
f 5375/2117/333 5371/2116/332 5372/2118/333
f 5375/2117/333 5372/2118/333 5374/381/334
f 5374/381/334 5372/2118/333 5373/382/340
f 5380/368/1 5381/2119/1 5383/3/1
f 5383/3/1 5381/2119/1 5382/2120/1
f 5385/2152/341 5389/506/39 5384/2153/342
f 5384/2153/342 5389/506/39 5390/504/40
f 5384/2153/342 5390/504/40 5397/2154/343
f 5397/2154/343 5390/504/40 5396/2155/344
f 5396/2155/344 5390/504/40 5391/502/41
f 5396/2155/344 5391/502/41 5395/2156/345
f 5395/2156/345 5391/502/41 5392/500/346
f 5395/2156/345 5392/500/346 5394/1/151
f 5394/1/151 5392/500/346 5393/9/9
f 5385/2152/341 5386/2157/347 5389/506/39
f 5389/506/39 5386/2157/347 5388/508/1
f 5388/508/1 5386/2157/347 5387/509/1
f 5398/1/9 5399/2121/9 5401/3/9
f 5401/3/9 5399/2121/9 5400/370/9
f 5443/2158/10 5432/1/10 5442/2159/63
f 5442/2159/63 5432/1/10 5433/818/63
f 5442/2159/63 5433/818/63 5441/2160/66
f 5441/2160/66 5433/818/63 5434/817/66
f 5441/2160/66 5434/817/66 5440/2161/69
f 5440/2161/69 5434/817/66 5435/816/69
f 5440/2161/69 5435/816/69 5439/2162/96
f 5439/2162/96 5435/816/69 5436/815/96
f 5439/2162/96 5436/815/96 5438/2163/9
f 5438/2163/9 5436/815/96 5437/518/9
f 5444/1/10 5445/2164/10 5447/391/10
f 5447/391/10 5445/2164/10 5446/2165/10
f 5459/2158/11 5448/1/11 5458/2159/88
f 5458/2159/88 5448/1/11 5449/818/88
f 5458/2159/88 5449/818/88 5457/2160/58
f 5457/2160/58 5449/818/88 5450/817/58
f 5457/2160/58 5450/817/58 5456/2161/60
f 5456/2161/60 5450/817/58 5451/816/60
f 5456/2161/60 5451/816/60 5455/2162/348
f 5455/2162/348 5451/816/60 5452/815/61
f 5455/2162/348 5452/815/61 5454/2163/349
f 5454/2163/349 5452/815/61 5453/518/10
f 5474/368/10 5475/2180/10 5477/391/10
f 5477/391/10 5475/2180/10 5476/2181/10
f 5479/2182/11 5480/2183/11 5478/2184/11
f 5478/2184/11 5480/2183/11 5481/391/11
f 5478/2184/11 5481/391/11 5482/1/11
f 5482/1/11 5483/2185/11 5478/2184/11
f 5493/2158/350 5484/1/350 5492/2186/351
f 5492/2186/351 5484/1/350 5485/2187/351
f 5492/2186/351 5485/2187/351 5491/2188/352
f 5491/2188/352 5485/2187/351 5486/2189/352
f 5491/2188/352 5486/2189/352 5490/2190/353
f 5490/2190/353 5486/2189/352 5487/2191/353
f 5490/2190/353 5487/2191/353 5489/2192/354
f 5489/2192/354 5487/2191/353 5488/2193/11
f 5503/2158/355 5494/1/355 5502/2194/356
f 5502/2194/356 5494/1/355 5495/2195/356
f 5502/2194/356 5495/2195/356 5501/2196/357
f 5501/2196/357 5495/2195/356 5496/2197/357
f 5501/2196/357 5496/2197/357 5500/2198/358
f 5500/2198/358 5496/2197/357 5497/2199/358
f 5500/2198/358 5497/2199/358 5499/2200/359
f 5499/2200/359 5497/2199/358 5498/2201/359
f 5513/2158/9 5504/1/9 5512/2202/360
f 5512/2202/360 5504/1/9 5505/2203/361
f 5512/2202/360 5505/2203/361 5511/2204/362
f 5511/2204/362 5505/2203/361 5506/2205/363
f 5511/2204/362 5506/2205/363 5510/2206/364
f 5510/2206/364 5506/2205/363 5507/2207/364
f 5510/2206/364 5507/2207/364 5509/2208/365
f 5509/2208/365 5507/2207/364 5508/2209/355
f 5515/2210/9 5516/2211/9 5514/2212/9
f 5514/2212/9 5516/2211/9 5517/2213/9
f 5514/2212/9 5517/2213/9 5518/391/9
f 5518/391/9 5519/368/9 5514/2212/9
f 5546/2158/155 5535/1/366 5545/2159/63
f 5545/2159/63 5535/1/366 5536/818/63
f 5545/2159/63 5536/818/63 5544/2160/66
f 5544/2160/66 5536/818/63 5537/817/66
f 5544/2160/66 5537/817/66 5543/2161/137
f 5543/2161/137 5537/817/66 5538/816/69
f 5543/2161/137 5538/816/69 5542/2162/96
f 5542/2162/96 5538/816/69 5539/815/96
f 5542/2162/96 5539/815/96 5541/2163/9
f 5541/2163/9 5539/815/96 5540/518/9
f 5547/1/10 5548/2164/10 5550/391/10
f 5550/391/10 5548/2164/10 5549/2165/10
f 5562/2158/11 5551/1/11 5561/2159/88
f 5561/2159/88 5551/1/11 5552/818/88
f 5561/2159/88 5552/818/88 5560/2160/59
f 5560/2160/59 5552/818/88 5553/817/367
f 5560/2160/59 5553/817/367 5559/2161/60
f 5559/2161/60 5553/817/367 5554/816/60
f 5559/2161/60 5554/816/60 5558/2162/167
f 5558/2162/167 5554/816/60 5555/815/61
f 5558/2162/167 5555/815/61 5557/2163/163
f 5557/2163/163 5555/815/61 5556/518/163
f 5577/368/10 5578/2180/10 5580/391/10
f 5580/391/10 5578/2180/10 5579/2181/10
f 5582/2182/11 5583/2183/11 5581/2184/11
f 5581/2184/11 5583/2183/11 5584/391/11
f 5581/2184/11 5584/391/11 5585/1/11
f 5585/1/11 5586/2185/11 5581/2184/11
f 5596/2158/359 5587/1/359 5595/2186/368
f 5595/2186/368 5587/1/359 5588/2187/369
f 5595/2186/368 5588/2187/369 5594/2188/370
f 5594/2188/370 5588/2187/369 5589/2189/352
f 5594/2188/370 5589/2189/352 5593/2190/353
f 5593/2190/353 5589/2189/352 5590/2191/371
f 5593/2190/353 5590/2191/371 5592/2192/11
f 5592/2192/11 5590/2191/371 5591/2193/11
f 5606/2158/355 5597/1/355 5605/2194/356
f 5605/2194/356 5597/1/355 5598/2195/356
f 5605/2194/356 5598/2195/356 5604/2196/357
f 5604/2196/357 5598/2195/356 5599/2197/357
f 5604/2196/357 5599/2197/357 5603/2198/358
f 5603/2198/358 5599/2197/357 5600/2199/358
f 5603/2198/358 5600/2199/358 5602/2200/359
f 5602/2200/359 5600/2199/358 5601/2201/359
f 5616/2158/9 5607/1/9 5615/2202/361
f 5615/2202/361 5607/1/9 5608/2203/361
f 5615/2202/361 5608/2203/361 5614/2204/363
f 5614/2204/363 5608/2203/361 5609/2205/362
f 5614/2204/363 5609/2205/362 5613/2206/364
f 5613/2206/364 5609/2205/362 5610/2207/364
f 5613/2206/364 5610/2207/364 5612/2208/372
f 5612/2208/372 5610/2207/364 5611/2209/355
f 5618/2210/9 5619/2211/9 5617/2212/9
f 5617/2212/9 5619/2211/9 5620/2213/9
f 5617/2212/9 5620/2213/9 5621/391/9
f 5621/391/9 5622/368/9 5617/2212/9
f 5649/2158/155 5638/1/155 5648/2159/154
f 5648/2159/154 5638/1/155 5639/818/63
f 5648/2159/154 5639/818/63 5647/2160/66
f 5647/2160/66 5639/818/63 5640/817/189
f 5647/2160/66 5640/817/189 5646/2161/69
f 5646/2161/69 5640/817/189 5641/816/95
f 5646/2161/69 5641/816/95 5645/2162/96
f 5645/2162/96 5641/816/95 5642/815/93
f 5645/2162/96 5642/815/93 5644/2163/9
f 5644/2163/9 5642/815/93 5643/518/9
f 5650/1/10 5651/2164/10 5653/391/10
f 5653/391/10 5651/2164/10 5652/2165/10
f 5665/2158/11 5654/1/90 5664/2159/88
f 5664/2159/88 5654/1/90 5655/818/373
f 5664/2159/88 5655/818/373 5663/2160/58
f 5663/2160/58 5655/818/373 5656/817/59
f 5663/2160/58 5656/817/59 5662/2161/60
f 5662/2161/60 5656/817/59 5657/816/60
f 5662/2161/60 5657/816/60 5661/2162/167
f 5661/2162/167 5657/816/60 5658/815/337
f 5661/2162/167 5658/815/337 5660/2163/163
f 5660/2163/163 5658/815/337 5659/518/10
f 5680/368/10 5681/2180/10 5683/391/10
f 5683/391/10 5681/2180/10 5682/2181/10
f 5685/2182/11 5686/2183/11 5684/2184/11
f 5684/2184/11 5686/2183/11 5687/391/11
f 5684/2184/11 5687/391/11 5688/1/11
f 5688/1/11 5689/2185/11 5684/2184/11
f 5699/2158/359 5690/1/359 5698/2186/368
f 5698/2186/368 5690/1/359 5691/2187/369
f 5698/2186/368 5691/2187/369 5697/2188/370
f 5697/2188/370 5691/2187/369 5692/2189/352
f 5697/2188/370 5692/2189/352 5696/2190/353
f 5696/2190/353 5692/2189/352 5693/2191/374
f 5696/2190/353 5693/2191/374 5695/2192/11
f 5695/2192/11 5693/2191/374 5694/2193/11
f 5709/2158/355 5700/1/355 5708/2194/356
f 5708/2194/356 5700/1/355 5701/2195/356
f 5708/2194/356 5701/2195/356 5707/2196/357
f 5707/2196/357 5701/2195/356 5702/2197/357
f 5707/2196/357 5702/2197/357 5706/2198/358
f 5706/2198/358 5702/2197/357 5703/2199/358
f 5706/2198/358 5703/2199/358 5705/2200/359
f 5705/2200/359 5703/2199/358 5704/2201/359
f 5719/2158/9 5710/1/9 5718/2202/375
f 5718/2202/375 5710/1/9 5711/2203/376
f 5718/2202/375 5711/2203/376 5717/2204/363
f 5717/2204/363 5711/2203/376 5712/2205/363
f 5717/2204/363 5712/2205/363 5716/2206/377
f 5716/2206/377 5712/2205/363 5713/2207/378
f 5716/2206/377 5713/2207/378 5715/2208/355
f 5715/2208/355 5713/2207/378 5714/2209/355
f 5721/2229/9 5722/2211/9 5720/2230/9
f 5720/2230/9 5722/2211/9 5723/2213/9
f 5720/2230/9 5723/2213/9 5724/391/9
f 5724/391/9 5725/368/9 5720/2230/9
f 5752/2158/10 5741/1/10 5751/2159/63
f 5751/2159/63 5741/1/10 5742/818/63
f 5751/2159/63 5742/818/63 5750/2160/66
f 5750/2160/66 5742/818/63 5743/817/66
f 5750/2160/66 5743/817/66 5749/2161/69
f 5749/2161/69 5743/817/66 5744/816/69
f 5749/2161/69 5744/816/69 5748/2162/96
f 5748/2162/96 5744/816/69 5745/815/96
f 5748/2162/96 5745/815/96 5747/2163/9
f 5747/2163/9 5745/815/96 5746/518/9
f 5753/1/10 5754/2164/10 5756/391/10
f 5756/391/10 5754/2164/10 5755/2165/10
f 5768/2158/11 5757/1/11 5767/2159/88
f 5767/2159/88 5757/1/11 5758/818/88
f 5767/2159/88 5758/818/88 5766/2160/58
f 5766/2160/58 5758/818/88 5759/817/58
f 5766/2160/58 5759/817/58 5765/2161/60
f 5765/2161/60 5759/817/58 5760/816/60
f 5765/2161/60 5760/816/60 5764/2162/348
f 5764/2162/348 5760/816/60 5761/815/61
f 5764/2162/348 5761/815/61 5763/2163/10
f 5763/2163/10 5761/815/61 5762/518/10
f 5783/368/10 5784/2180/10 5786/391/10
f 5786/391/10 5784/2180/10 5785/2181/10
f 5788/2182/11 5789/2183/11 5787/2231/11
f 5787/2231/11 5789/2183/11 5790/391/11
f 5787/2231/11 5790/391/11 5791/1/11
f 5791/1/11 5792/2232/11 5787/2231/11
f 5802/2158/350 5793/1/379 5801/2186/351
f 5801/2186/351 5793/1/379 5794/2187/351
f 5801/2186/351 5794/2187/351 5800/2188/352
f 5800/2188/352 5794/2187/351 5795/2189/352
f 5800/2188/352 5795/2189/352 5799/2190/353
f 5799/2190/353 5795/2189/352 5796/2191/353
f 5799/2190/353 5796/2191/353 5798/2192/11
f 5798/2192/11 5796/2191/353 5797/2193/11
f 5812/2158/355 5803/1/355 5811/2194/356
f 5811/2194/356 5803/1/355 5804/2195/356
f 5811/2194/356 5804/2195/356 5810/2196/357
f 5810/2196/357 5804/2195/356 5805/2197/357
f 5810/2196/357 5805/2197/357 5809/2198/358
f 5809/2198/358 5805/2197/357 5806/2199/358
f 5809/2198/358 5806/2199/358 5808/2200/359
f 5808/2200/359 5806/2199/358 5807/2201/359
f 5822/2158/9 5813/1/9 5821/2202/360
f 5821/2202/360 5813/1/9 5814/2203/361
f 5821/2202/360 5814/2203/361 5820/2204/362
f 5820/2204/362 5814/2203/361 5815/2205/363
f 5820/2204/362 5815/2205/363 5819/2206/364
f 5819/2206/364 5815/2205/363 5816/2207/364
f 5819/2206/364 5816/2207/364 5818/2208/355
f 5818/2208/355 5816/2207/364 5817/2209/355
f 5824/2233/9 5825/2211/9 5823/2234/9
f 5823/2234/9 5825/2211/9 5826/2213/9
f 5823/2234/9 5826/2213/9 5827/391/9
f 5827/391/9 5828/368/9 5823/2234/9
f 5855/2158/10 5844/1/10 5854/2159/63
f 5854/2159/63 5844/1/10 5845/818/63
f 5854/2159/63 5845/818/63 5853/2160/66
f 5853/2160/66 5845/818/63 5846/817/66
f 5853/2160/66 5846/817/66 5852/2161/137
f 5852/2161/137 5846/817/66 5847/816/69
f 5852/2161/137 5847/816/69 5851/2162/96
f 5851/2162/96 5847/816/69 5848/815/96
f 5851/2162/96 5848/815/96 5850/2163/9
f 5850/2163/9 5848/815/96 5849/518/9
f 5856/1/10 5857/2164/10 5859/391/10
f 5859/391/10 5857/2164/10 5858/2165/10
f 5871/2158/11 5860/1/11 5870/2159/88
f 5870/2159/88 5860/1/11 5861/818/88
f 5870/2159/88 5861/818/88 5869/2160/59
f 5869/2160/59 5861/818/88 5862/817/367
f 5869/2160/59 5862/817/367 5868/2161/60
f 5868/2161/60 5862/817/367 5863/816/60
f 5868/2161/60 5863/816/60 5867/2162/167
f 5867/2162/167 5863/816/60 5864/815/61
f 5867/2162/167 5864/815/61 5866/2163/10
f 5866/2163/10 5864/815/61 5865/518/10
f 5886/368/10 5887/2180/10 5889/391/10
f 5889/391/10 5887/2180/10 5888/2181/10
f 5891/2182/11 5892/2183/11 5890/2231/11
f 5890/2231/11 5892/2183/11 5893/391/11
f 5890/2231/11 5893/391/11 5894/1/11
f 5894/1/11 5895/2232/11 5890/2231/11
f 5905/2158/350 5896/1/350 5904/2186/368
f 5904/2186/368 5896/1/350 5897/2187/369
f 5904/2186/368 5897/2187/369 5903/2188/370
f 5903/2188/370 5897/2187/369 5898/2189/352
f 5903/2188/370 5898/2189/352 5902/2190/353
f 5902/2190/353 5898/2189/352 5899/2191/371
f 5902/2190/353 5899/2191/371 5901/2192/11
f 5901/2192/11 5899/2191/371 5900/2193/11
f 5915/2158/355 5906/1/355 5914/2194/356
f 5914/2194/356 5906/1/355 5907/2195/356
f 5914/2194/356 5907/2195/356 5913/2196/357
f 5913/2196/357 5907/2195/356 5908/2197/357
f 5913/2196/357 5908/2197/357 5912/2198/358
f 5912/2198/358 5908/2197/357 5909/2199/358
f 5912/2198/358 5909/2199/358 5911/2200/359
f 5911/2200/359 5909/2199/358 5910/2201/359
f 5925/2158/9 5916/1/9 5924/2202/361
f 5924/2202/361 5916/1/9 5917/2203/361
f 5924/2202/361 5917/2203/361 5923/2204/363
f 5923/2204/363 5917/2203/361 5918/2205/362
f 5923/2204/363 5918/2205/362 5922/2206/364
f 5922/2206/364 5918/2205/362 5919/2207/364
f 5922/2206/364 5919/2207/364 5921/2208/372
f 5921/2208/372 5919/2207/364 5920/2209/355
f 5927/2233/9 5928/2211/9 5926/2234/9
f 5926/2234/9 5928/2211/9 5929/2213/9
f 5926/2234/9 5929/2213/9 5930/391/9
f 5930/391/9 5931/368/9 5926/2234/9
f 5958/2158/10 5947/1/10 5957/2159/63
f 5957/2159/63 5947/1/10 5948/818/154
f 5957/2159/63 5948/818/154 5956/2160/66
f 5956/2160/66 5948/818/154 5949/817/66
f 5956/2160/66 5949/817/66 5955/2161/95
f 5955/2161/95 5949/817/66 5950/816/380
f 5955/2161/95 5950/816/380 5954/2162/96
f 5954/2162/96 5950/816/380 5951/815/96
f 5954/2162/96 5951/815/96 5953/2163/152
f 5953/2163/152 5951/815/96 5952/518/9
f 5959/1/10 5960/2164/10 5962/391/10
f 5962/391/10 5960/2164/10 5961/2165/10
f 5974/2158/11 5963/1/11 5973/2159/57
f 5973/2159/57 5963/1/11 5964/818/88
f 5973/2159/57 5964/818/88 5972/2160/59
f 5972/2160/59 5964/818/88 5965/817/58
f 5972/2160/59 5965/817/58 5971/2161/381
f 5971/2161/381 5965/817/58 5966/816/60
f 5971/2161/381 5966/816/60 5970/2162/61
f 5970/2162/61 5966/816/60 5967/815/167
f 5970/2162/61 5967/815/167 5969/2163/10
f 5969/2163/10 5967/815/167 5968/518/10
f 5989/368/10 5990/2180/10 5992/391/10
f 5992/391/10 5990/2180/10 5991/2181/10
f 5994/2182/11 5995/2183/11 5993/2231/11
f 5993/2231/11 5995/2183/11 5996/391/11
f 5993/2231/11 5996/391/11 5997/1/11
f 5997/1/11 5998/2232/11 5993/2231/11
f 6008/2158/350 5999/1/382 6007/2186/351
f 6007/2186/351 5999/1/382 6000/2187/351
f 6007/2186/351 6000/2187/351 6006/2188/370
f 6006/2188/370 6000/2187/351 6001/2189/383
f 6006/2188/370 6001/2189/383 6005/2190/353
f 6005/2190/353 6001/2189/383 6002/2191/374
f 6005/2190/353 6002/2191/374 6004/2192/11
f 6004/2192/11 6002/2191/374 6003/2193/11
f 6018/2158/355 6009/1/355 6017/2194/356
f 6017/2194/356 6009/1/355 6010/2195/356
f 6017/2194/356 6010/2195/356 6016/2196/357
f 6016/2196/357 6010/2195/356 6011/2197/357
f 6016/2196/357 6011/2197/357 6015/2198/358
f 6015/2198/358 6011/2197/357 6012/2199/358
f 6015/2198/358 6012/2199/358 6014/2200/359
f 6014/2200/359 6012/2199/358 6013/2201/359
f 6028/2158/9 6019/1/9 6027/2202/384
f 6027/2202/384 6019/1/9 6020/2203/360
f 6027/2202/384 6020/2203/360 6026/2204/363
f 6026/2204/363 6020/2203/360 6021/2205/363
f 6026/2204/363 6021/2205/363 6025/2206/364
f 6025/2206/364 6021/2205/363 6022/2207/364
f 6025/2206/364 6022/2207/364 6024/2208/372
f 6024/2208/372 6022/2207/364 6023/2209/355
f 6030/2233/9 6031/2211/9 6029/2234/9
f 6029/2234/9 6031/2211/9 6032/2213/9
f 6029/2234/9 6032/2213/9 6033/391/9
f 6033/391/9 6034/368/9 6029/2234/9
f 6050/368/9 6051/369/9 6053/3/9
f 6053/3/9 6051/369/9 6052/370/9
f 6065/371/1 6054/432/1 6064/373/39
f 6064/373/39 6054/432/1 6055/2235/39
f 6064/373/39 6055/2235/39 6063/375/40
f 6063/375/40 6055/2235/39 6056/2236/40
f 6063/375/40 6056/2236/40 6062/377/41
f 6062/377/41 6056/2236/40 6057/815/41
f 6062/377/41 6057/815/41 6061/379/42
f 6061/379/42 6057/815/41 6058/817/42
f 6061/379/42 6058/817/42 6060/381/9
f 6060/381/9 6058/817/42 6059/1/9
f 6066/1/1 6067/2164/1 6069/3/1
f 6069/3/1 6067/2164/1 6068/2237/1
f 6081/371/11 6070/432/11 6080/373/34
f 6080/373/34 6070/432/11 6071/2235/34
f 6080/373/34 6071/2235/34 6079/375/35
f 6079/375/35 6071/2235/34 6072/2236/35
f 6079/375/35 6072/2236/35 6078/377/36
f 6078/377/36 6072/2236/35 6073/815/36
f 6078/377/36 6073/815/36 6077/379/37
f 6077/379/37 6073/815/36 6074/817/37
f 6077/379/37 6074/817/37 6076/381/1
f 6076/381/1 6074/817/37 6075/1/1
f 6093/371/10 6082/372/10 6092/373/61
f 6092/373/61 6082/372/10 6083/374/61
f 6092/373/61 6083/374/61 6091/375/60
f 6091/375/60 6083/374/61 6084/376/60
f 6091/375/60 6084/376/60 6090/377/58
f 6090/377/58 6084/376/60 6085/378/58
f 6090/377/58 6085/378/58 6089/379/88
f 6089/379/88 6085/378/58 6086/380/88
f 6089/379/88 6086/380/88 6088/381/11
f 6088/381/11 6086/380/88 6087/382/11
f 6094/368/10 6095/2238/10 6097/3/10
f 6097/3/10 6095/2238/10 6096/2239/10
f 6099/2240/11 6100/2241/11 6098/2242/11
f 6098/2242/11 6100/2241/11 6101/3/11
f 6098/2242/11 6101/3/11 6102/1/11
f 6102/1/11 6103/2243/11 6098/2242/11
f 6113/2244/385 6104/2245/385 6112/2246/386
f 6112/2246/386 6104/2245/385 6105/2247/386
f 6112/2246/386 6105/2247/386 6111/2248/387
f 6111/2248/387 6105/2247/386 6106/2209/387
f 6111/2248/387 6106/2209/387 6110/2249/388
f 6110/2249/388 6106/2209/387 6107/2205/388
f 6110/2249/388 6107/2205/388 6109/381/11
f 6109/381/11 6107/2205/388 6108/1/11
f 6123/2250/389 6114/2251/389 6122/2252/390
f 6122/2252/390 6114/2251/389 6115/2253/390
f 6122/2252/390 6115/2253/390 6121/2254/391
f 6121/2254/391 6115/2253/390 6116/2255/391
f 6121/2254/391 6116/2255/391 6120/2256/392
f 6120/2256/392 6116/2255/391 6117/2257/392
f 6120/2256/392 6117/2257/392 6119/381/385
f 6119/381/385 6117/2257/392 6118/1/385
f 6133/2258/9 6124/2259/9 6132/2260/393
f 6132/2260/393 6124/2259/9 6125/2261/393
f 6132/2260/393 6125/2261/393 6131/2262/394
f 6131/2262/394 6125/2261/393 6126/2193/394
f 6131/2262/394 6126/2193/394 6130/2263/395
f 6130/2263/395 6126/2193/394 6127/2189/395
f 6130/2263/395 6127/2189/395 6129/381/396
f 6129/381/396 6127/2189/395 6128/1/396
f 6135/2210/9 6136/2264/9 6134/2212/9
f 6134/2212/9 6136/2264/9 6137/2265/9
f 6134/2212/9 6137/2265/9 6138/3/9
f 6138/3/9 6139/368/9 6134/2212/9
f 6140/368/10 6141/2266/10 6143/3/10
f 6143/3/10 6141/2266/10 6142/2267/10
f 6155/371/9 6144/372/9 6154/373/96
f 6154/373/96 6144/372/9 6145/374/96
f 6154/373/96 6145/374/96 6153/375/69
f 6153/375/69 6145/374/96 6146/376/69
f 6153/375/69 6146/376/69 6152/377/66
f 6152/377/66 6146/376/69 6147/378/66
f 6152/377/66 6147/378/66 6151/379/63
f 6151/379/63 6147/378/66 6148/380/63
f 6151/379/63 6148/380/63 6150/381/10
f 6150/381/10 6148/380/63 6149/382/10
f 6156/1/11 6157/2268/11 6159/3/11
f 6159/3/11 6157/2268/11 6158/2269/11
f 6171/9/1 6160/1/1 6170/500/37
f 6170/500/37 6160/1/1 6161/818/37
f 6170/500/37 6161/818/37 6169/502/36
f 6169/502/36 6161/818/37 6162/817/36
f 6169/502/36 6162/817/36 6168/504/35
f 6168/504/35 6162/817/36 6163/816/35
f 6168/504/35 6163/816/35 6167/506/34
f 6167/506/34 6163/816/35 6164/815/34
f 6167/506/34 6164/815/34 6166/508/11
f 6166/508/11 6164/815/34 6165/518/11
f 6172/1/1 6173/2270/1 6175/3/1
f 6175/3/1 6173/2270/1 6174/2271/1
f 6187/9/9 6176/1/9 6186/500/42
f 6186/500/42 6176/1/9 6177/818/42
f 6186/500/42 6177/818/42 6185/502/41
f 6185/502/41 6177/818/42 6178/817/41
f 6185/502/41 6178/817/41 6184/504/40
f 6184/504/40 6178/817/41 6179/816/40
f 6184/504/40 6179/816/40 6183/506/39
f 6183/506/39 6179/816/40 6180/815/39
f 6183/506/39 6180/815/39 6182/508/1
f 6182/508/1 6180/815/39 6181/518/1
f 6188/1/9 6189/2268/9 6191/3/9
f 6191/3/9 6189/2268/9 6190/2269/9
f 6203/9/10 6192/1/10 6202/500/63
f 6202/500/63 6192/1/10 6193/818/63
f 6202/500/63 6193/818/63 6201/502/66
f 6201/502/66 6193/818/63 6194/817/66
f 6201/502/66 6194/817/66 6200/504/69
f 6200/504/69 6194/817/66 6195/816/69
f 6200/504/69 6195/816/69 6199/506/96
f 6199/506/96 6195/816/69 6196/815/96
f 6199/506/96 6196/815/96 6198/508/397
f 6198/508/397 6196/815/96 6197/518/9
f 6204/1/10 6205/2270/10 6207/3/10
f 6207/3/10 6205/2270/10 6206/2271/10
f 6219/9/11 6208/1/398 6218/500/88
f 6218/500/88 6208/1/398 6209/818/89
f 6218/500/88 6209/818/89 6217/502/58
f 6217/502/58 6209/818/89 6210/817/58
f 6217/502/58 6210/817/58 6216/504/60
f 6216/504/60 6210/817/58 6211/816/60
f 6216/504/60 6211/816/60 6215/506/61
f 6215/506/61 6211/816/60 6212/815/61
f 6215/506/61 6212/815/61 6214/508/10
f 6214/508/10 6212/815/61 6213/518/10
f 6297/368/9 6298/369/9 6300/3/9
f 6300/3/9 6298/369/9 6299/370/9
f 6312/371/1 6301/432/1 6311/373/39
f 6311/373/39 6301/432/1 6302/2235/39
f 6311/373/39 6302/2235/39 6310/375/40
f 6310/375/40 6302/2235/39 6303/2236/40
f 6310/375/40 6303/2236/40 6309/377/399
f 6309/377/399 6303/2236/40 6304/815/41
f 6309/377/399 6304/815/41 6308/379/42
f 6308/379/42 6304/815/41 6305/817/135
f 6308/379/42 6305/817/135 6307/381/9
f 6307/381/9 6305/817/135 6306/1/9
f 6313/1/1 6314/2164/1 6316/3/1
f 6316/3/1 6314/2164/1 6315/2237/1
f 6328/371/11 6317/432/11 6327/373/34
f 6327/373/34 6317/432/11 6318/2235/34
f 6327/373/34 6318/2235/34 6326/375/35
f 6326/375/35 6318/2235/34 6319/2236/35
f 6326/375/35 6319/2236/35 6325/377/36
f 6325/377/36 6319/2236/35 6320/815/36
f 6325/377/36 6320/815/36 6324/379/37
f 6324/379/37 6320/815/36 6321/817/37
f 6324/379/37 6321/817/37 6323/381/1
f 6323/381/1 6321/817/37 6322/1/1
f 6329/1/11 6330/2121/11 6332/3/11
f 6332/3/11 6330/2121/11 6331/370/11
f 6334/2349/400 6340/377/58 6333/2350/400
f 6333/2350/400 6340/377/58 6341/375/60
f 6333/2350/400 6341/375/60 6346/2351/401
f 6346/2351/401 6341/375/60 6342/373/61
f 6346/2351/401 6342/373/61 6345/2352/402
f 6345/2352/402 6342/373/61 6343/371/10
f 6345/2352/402 6343/371/10 6344/372/163
f 6334/2349/400 6335/2353/403 6340/377/58
f 6340/377/58 6335/2353/403 6339/379/404
f 6339/379/404 6335/2353/403 6336/2354/405
f 6339/379/404 6336/2354/405 6338/381/406
f 6338/381/406 6336/2354/405 6337/1/90
f 6347/368/10 6348/2238/10 6350/3/10
f 6350/3/10 6348/2238/10 6349/2239/10
f 6352/2240/11 6353/2241/11 6351/2242/11
f 6351/2242/11 6353/2241/11 6354/3/11
f 6351/2242/11 6354/3/11 6355/1/11
f 6355/1/11 6356/2243/11 6351/2242/11
f 6366/2244/385 6357/2245/385 6365/2246/386
f 6365/2246/386 6357/2245/385 6358/2247/386
f 6365/2246/386 6358/2247/386 6364/2248/387
f 6364/2248/387 6358/2247/386 6359/2209/387
f 6364/2248/387 6359/2209/387 6363/2249/388
f 6363/2249/388 6359/2209/387 6360/2205/407
f 6363/2249/388 6360/2205/407 6362/381/11
f 6362/381/11 6360/2205/407 6361/1/11
f 6376/2250/389 6367/2251/389 6375/2252/390
f 6375/2252/390 6367/2251/389 6368/2253/390
f 6375/2252/390 6368/2253/390 6374/2254/391
f 6374/2254/391 6368/2253/390 6369/2255/391
f 6374/2254/391 6369/2255/391 6373/2256/392
f 6373/2256/392 6369/2255/391 6370/2257/392
f 6373/2256/392 6370/2257/392 6372/381/385
f 6372/381/385 6370/2257/392 6371/1/385
f 6386/2258/9 6377/2259/9 6385/2260/393
f 6385/2260/393 6377/2259/9 6378/2261/393
f 6385/2260/393 6378/2261/393 6384/2262/394
f 6384/2262/394 6378/2261/393 6379/2193/394
f 6384/2262/394 6379/2193/394 6383/2263/395
f 6383/2263/395 6379/2193/394 6380/2189/395
f 6383/2263/395 6380/2189/395 6382/381/389
f 6382/381/389 6380/2189/395 6381/1/396
f 6388/2210/9 6389/2264/9 6387/2212/9
f 6387/2212/9 6389/2264/9 6390/2265/9
f 6387/2212/9 6390/2265/9 6391/3/9
f 6391/3/9 6392/368/9 6387/2212/9
f 6393/368/10 6394/2266/10 6396/3/10
f 6396/3/10 6394/2266/10 6395/2267/10
f 6408/371/9 6397/372/9 6407/373/96
f 6407/373/96 6397/372/9 6398/374/96
f 6407/373/96 6398/374/96 6406/375/69
f 6406/375/69 6398/374/96 6399/376/69
f 6406/375/69 6399/376/69 6405/377/66
f 6405/377/66 6399/376/69 6400/378/66
f 6405/377/66 6400/378/66 6404/379/63
f 6404/379/63 6400/378/66 6401/380/63
f 6404/379/63 6401/380/63 6403/381/10
f 6403/381/10 6401/380/63 6402/382/10
f 6409/1/11 6410/2268/11 6412/3/11
f 6412/3/11 6410/2268/11 6411/2269/11
f 6424/9/1 6413/1/1 6423/500/37
f 6423/500/37 6413/1/1 6414/818/37
f 6423/500/37 6414/818/37 6422/502/36
f 6422/502/36 6414/818/37 6415/817/36
f 6422/502/36 6415/817/36 6421/504/35
f 6421/504/35 6415/817/36 6416/816/408
f 6421/504/35 6416/816/408 6420/506/34
f 6420/506/34 6416/816/408 6417/815/160
f 6420/506/34 6417/815/160 6419/508/11
f 6419/508/11 6417/815/160 6418/518/11
f 6425/1/1 6426/2270/1 6428/3/1
f 6428/3/1 6426/2270/1 6427/2271/1
f 6440/9/9 6429/1/9 6439/500/42
f 6439/500/42 6429/1/9 6430/818/42
f 6439/500/42 6430/818/42 6438/502/41
f 6438/502/41 6430/818/42 6431/817/41
f 6438/502/41 6431/817/41 6437/504/40
f 6437/504/40 6431/817/41 6432/816/40
f 6437/504/40 6432/816/40 6436/506/39
f 6436/506/39 6432/816/40 6433/815/39
f 6436/506/39 6433/815/39 6435/508/1
f 6435/508/1 6433/815/39 6434/518/1
f 6441/1/9 6442/2268/9 6444/3/9
f 6444/3/9 6442/2268/9 6443/2269/9
f 6456/9/10 6445/1/10 6455/500/63
f 6455/500/63 6445/1/10 6446/818/63
f 6455/500/63 6446/818/63 6454/502/66
f 6454/502/66 6446/818/63 6447/817/66
f 6454/502/66 6447/817/66 6453/504/69
f 6453/504/69 6447/817/66 6448/816/69
f 6453/504/69 6448/816/69 6452/506/96
f 6452/506/96 6448/816/69 6449/815/136
f 6452/506/96 6449/815/136 6451/508/397
f 6451/508/397 6449/815/136 6450/518/9
f 6457/1/10 6458/2270/10 6460/3/10
f 6460/3/10 6458/2270/10 6459/2271/10
f 6472/9/11 6461/1/90 6471/500/161
f 6471/500/161 6461/1/90 6462/818/88
f 6471/500/161 6462/818/88 6470/502/58
f 6470/502/58 6462/818/88 6463/817/58
f 6470/502/58 6463/817/58 6469/504/60
f 6469/504/60 6463/817/58 6464/816/60
f 6469/504/60 6464/816/60 6468/506/61
f 6468/506/61 6464/816/60 6465/815/61
f 6468/506/61 6465/815/61 6467/508/10
f 6467/508/10 6465/815/61 6466/518/10
f 6550/368/9 6551/369/9 6553/3/9
f 6553/3/9 6551/369/9 6552/370/9
f 6565/371/1 6554/432/1 6564/373/39
f 6564/373/39 6554/432/1 6555/2235/39
f 6564/373/39 6555/2235/39 6563/375/40
f 6563/375/40 6555/2235/39 6556/2236/40
f 6563/375/40 6556/2236/40 6562/377/41
f 6562/377/41 6556/2236/40 6557/815/41
f 6562/377/41 6557/815/41 6561/379/85
f 6561/379/85 6557/815/41 6558/817/42
f 6561/379/85 6558/817/42 6560/381/9
f 6560/381/9 6558/817/42 6559/1/151
f 6566/1/1 6567/2164/1 6569/3/1
f 6569/3/1 6567/2164/1 6568/2237/1
f 6581/371/50 6570/432/11 6580/373/34
f 6580/373/34 6570/432/11 6571/2235/34
f 6580/373/34 6571/2235/34 6579/375/35
f 6579/375/35 6571/2235/34 6572/2236/147
f 6579/375/35 6572/2236/147 6578/377/36
f 6578/377/36 6572/2236/147 6573/815/36
f 6578/377/36 6573/815/36 6577/379/37
f 6577/379/37 6573/815/36 6574/817/37
f 6577/379/37 6574/817/37 6576/381/1
f 6576/381/1 6574/817/37 6575/1/1
f 6593/371/50 6582/432/11 6592/373/34
f 6592/373/34 6582/432/11 6583/2235/160
f 6592/373/34 6583/2235/160 6591/375/35
f 6591/375/35 6583/2235/160 6584/2236/35
f 6591/375/35 6584/2236/35 6590/377/36
f 6590/377/36 6584/2236/35 6585/815/36
f 6590/377/36 6585/815/36 6589/379/37
f 6589/379/37 6585/815/36 6586/817/37
f 6589/379/37 6586/817/37 6588/381/1
f 6588/381/1 6586/817/37 6587/1/1
f 6594/1/11 6595/2121/11 6597/3/11
f 6597/3/11 6595/2121/11 6596/370/11
f 6609/371/10 6598/432/10 6608/373/61
f 6608/373/61 6598/432/10 6599/2235/61
f 6608/373/61 6599/2235/61 6607/375/60
f 6607/375/60 6599/2235/61 6600/2236/60
f 6607/375/60 6600/2236/60 6606/377/58
f 6606/377/58 6600/2236/60 6601/815/58
f 6606/377/58 6601/815/58 6605/379/161
f 6605/379/161 6601/815/58 6602/817/88
f 6605/379/161 6602/817/88 6604/381/11
f 6604/381/11 6602/817/88 6603/1/90
f 6610/1/10 6611/2356/10 6613/3/10
f 6613/3/10 6611/2356/10 6612/2239/10
f 6614/1/11 6615/2211/11 6617/3/11
f 6617/3/11 6615/2211/11 6616/2241/11
f 6627/2244/385 6618/2245/385 6626/2246/386
f 6626/2246/386 6618/2245/385 6619/2247/386
f 6626/2246/386 6619/2247/386 6625/2248/409
f 6625/2248/409 6619/2247/386 6620/2209/387
f 6625/2248/409 6620/2209/387 6624/2249/388
f 6624/2249/388 6620/2209/387 6621/2205/407
f 6624/2249/388 6621/2205/407 6623/381/90
f 6623/381/90 6621/2205/407 6622/1/90
f 6637/2250/389 6628/2251/389 6636/2252/390
f 6636/2252/390 6628/2251/389 6629/2253/390
f 6636/2252/390 6629/2253/390 6635/2254/391
f 6635/2254/391 6629/2253/390 6630/2255/391
f 6635/2254/391 6630/2255/391 6634/2256/392
f 6634/2256/392 6630/2255/391 6631/2257/392
f 6634/2256/392 6631/2257/392 6633/381/385
f 6633/381/385 6631/2257/392 6632/1/385
f 6647/2258/9 6638/2259/9 6646/2260/393
f 6646/2260/393 6638/2259/9 6639/2261/410
f 6646/2260/393 6639/2261/410 6645/2262/394
f 6645/2262/394 6639/2261/410 6640/2193/411
f 6645/2262/394 6640/2193/411 6644/2263/395
f 6644/2263/395 6640/2193/411 6641/2189/412
f 6644/2263/395 6641/2189/412 6643/381/396
f 6643/381/396 6641/2189/412 6642/1/396
f 6649/2210/9 6650/2264/9 6648/2212/9
f 6648/2212/9 6650/2264/9 6651/2265/9
f 6648/2212/9 6651/2265/9 6652/3/9
f 6652/3/9 6653/368/9 6648/2212/9
f 6654/368/10 6655/2266/10 6657/3/10
f 6657/3/10 6655/2266/10 6656/2267/10
f 6669/371/9 6658/372/9 6668/373/94
f 6668/373/94 6658/372/9 6659/374/93
f 6668/373/94 6659/374/93 6667/375/69
f 6667/375/69 6659/374/93 6660/376/69
f 6667/375/69 6660/376/69 6666/377/66
f 6666/377/66 6660/376/69 6661/378/66
f 6666/377/66 6661/378/66 6665/379/63
f 6665/379/63 6661/378/66 6662/380/63
f 6665/379/63 6662/380/63 6664/381/10
f 6664/381/10 6662/380/63 6663/382/10
f 6670/1/11 6671/2268/11 6673/3/11
f 6673/3/11 6671/2268/11 6672/2269/11
f 6685/9/1 6674/1/1 6684/500/191
f 6684/500/191 6674/1/1 6675/818/37
f 6684/500/191 6675/818/37 6683/502/36
f 6683/502/36 6675/818/37 6676/817/36
f 6683/502/36 6676/817/36 6682/504/35
f 6682/504/35 6676/817/36 6677/816/35
f 6682/504/35 6677/816/35 6681/506/160
f 6681/506/160 6677/816/35 6678/815/54
f 6681/506/160 6678/815/54 6680/508/11
f 6680/508/11 6678/815/54 6679/518/11
f 6686/1/1 6687/2270/1 6689/3/1
f 6689/3/1 6687/2270/1 6688/2271/1
f 6701/9/9 6690/1/9 6700/500/84
f 6700/500/84 6690/1/9 6691/818/85
f 6700/500/84 6691/818/85 6699/502/41
f 6699/502/41 6691/818/85 6692/817/41
f 6699/502/41 6692/817/41 6698/504/40
f 6698/504/40 6692/817/41 6693/816/40
f 6698/504/40 6693/816/40 6697/506/39
f 6697/506/39 6693/816/40 6694/815/39
f 6697/506/39 6694/815/39 6696/508/1
f 6696/508/1 6694/815/39 6695/518/1
f 6702/1/9 6703/2268/9 6705/3/9
f 6705/3/9 6703/2268/9 6704/2269/9
f 6717/9/10 6706/1/10 6716/500/63
f 6716/500/63 6706/1/10 6707/818/63
f 6716/500/63 6707/818/63 6715/502/66
f 6715/502/66 6707/818/63 6708/817/66
f 6715/502/66 6708/817/66 6714/504/69
f 6714/504/69 6708/817/66 6709/816/69
f 6714/504/69 6709/816/69 6713/506/94
f 6713/506/94 6709/816/69 6710/815/93
f 6713/506/94 6710/815/93 6712/508/9
f 6712/508/9 6710/815/93 6711/518/9
f 6718/1/10 6719/2270/10 6721/3/10
f 6721/3/10 6719/2270/10 6720/2271/10
f 6733/9/11 6722/1/11 6732/500/57
f 6732/500/57 6722/1/11 6723/818/161
f 6732/500/57 6723/818/161 6731/502/58
f 6731/502/58 6723/818/161 6724/817/58
f 6731/502/58 6724/817/58 6730/504/60
f 6730/504/60 6724/817/58 6725/816/60
f 6730/504/60 6725/816/60 6729/506/61
f 6729/506/61 6725/816/60 6726/815/167
f 6729/506/61 6726/815/167 6728/508/10
f 6728/508/10 6726/815/167 6727/518/10
f 6811/368/9 6812/369/9 6814/3/9
f 6814/3/9 6812/369/9 6813/370/9
f 6826/371/1 6815/432/1 6825/373/39
f 6825/373/39 6815/432/1 6816/2235/39
f 6825/373/39 6816/2235/39 6824/375/40
f 6824/375/40 6816/2235/39 6817/2236/40
f 6824/375/40 6817/2236/40 6823/377/41
f 6823/377/41 6817/2236/40 6818/815/41
f 6823/377/41 6818/815/41 6822/379/42
f 6822/379/42 6818/815/41 6819/817/42
f 6822/379/42 6819/817/42 6821/381/9
f 6821/381/9 6819/817/42 6820/1/9
f 6827/1/1 6828/2164/1 6830/3/1
f 6830/3/1 6828/2164/1 6829/2237/1
f 6842/371/11 6831/432/11 6841/373/34
f 6841/373/34 6831/432/11 6832/2235/34
f 6841/373/34 6832/2235/34 6840/375/35
f 6840/375/35 6832/2235/34 6833/2236/35
f 6840/375/35 6833/2236/35 6839/377/36
f 6839/377/36 6833/2236/35 6834/815/36
f 6839/377/36 6834/815/36 6838/379/37
f 6838/379/37 6834/815/36 6835/817/37
f 6838/379/37 6835/817/37 6837/381/1
f 6837/381/1 6835/817/37 6836/1/1
f 6854/371/10 6843/372/10 6853/373/61
f 6853/373/61 6843/372/10 6844/374/61
f 6853/373/61 6844/374/61 6852/375/60
f 6852/375/60 6844/374/61 6845/376/60
f 6852/375/60 6845/376/60 6851/377/58
f 6851/377/58 6845/376/60 6846/378/58
f 6851/377/58 6846/378/58 6850/379/88
f 6850/379/88 6846/378/58 6847/380/88
f 6850/379/88 6847/380/88 6849/381/11
f 6849/381/11 6847/380/88 6848/382/11
f 6855/368/10 6856/2238/10 6858/3/10
f 6858/3/10 6856/2238/10 6857/2239/10
f 6860/2240/11 6861/2241/11 6859/2357/11
f 6859/2357/11 6861/2241/11 6862/3/11
f 6859/2357/11 6862/3/11 6863/1/11
f 6863/1/11 6864/2358/11 6859/2357/11
f 6874/2244/413 6865/2245/413 6873/2246/386
f 6873/2246/386 6865/2245/413 6866/2247/386
f 6873/2246/386 6866/2247/386 6872/2248/387
f 6872/2248/387 6866/2247/386 6867/2209/387
f 6872/2248/387 6867/2209/387 6871/2249/388
f 6871/2249/388 6867/2209/387 6868/2205/388
f 6871/2249/388 6868/2205/388 6870/381/90
f 6870/381/90 6868/2205/388 6869/1/90
f 6884/2250/389 6875/2251/389 6883/2252/390
f 6883/2252/390 6875/2251/389 6876/2253/390
f 6883/2252/390 6876/2253/390 6882/2254/391
f 6882/2254/391 6876/2253/390 6877/2255/391
f 6882/2254/391 6877/2255/391 6881/2256/392
f 6881/2256/392 6877/2255/391 6878/2257/392
f 6881/2256/392 6878/2257/392 6880/381/385
f 6880/381/385 6878/2257/392 6879/1/385
f 6894/2258/9 6885/2259/9 6893/2260/393
f 6893/2260/393 6885/2259/9 6886/2261/393
f 6893/2260/393 6886/2261/393 6892/2262/394
f 6892/2262/394 6886/2261/393 6887/2193/394
f 6892/2262/394 6887/2193/394 6891/2263/395
f 6891/2263/395 6887/2193/394 6888/2189/395
f 6891/2263/395 6888/2189/395 6890/381/396
f 6890/381/396 6888/2189/395 6889/1/396
f 6896/2233/9 6897/2264/9 6895/2234/9
f 6895/2234/9 6897/2264/9 6898/2265/9
f 6895/2234/9 6898/2265/9 6899/3/9
f 6899/3/9 6900/368/9 6895/2234/9
f 6901/368/10 6902/2266/10 6904/3/10
f 6904/3/10 6902/2266/10 6903/2267/10
f 6916/371/9 6905/372/9 6915/373/96
f 6915/373/96 6905/372/9 6906/374/96
f 6915/373/96 6906/374/96 6914/375/69
f 6914/375/69 6906/374/96 6907/376/69
f 6914/375/69 6907/376/69 6913/377/66
f 6913/377/66 6907/376/69 6908/378/66
f 6913/377/66 6908/378/66 6912/379/63
f 6912/379/63 6908/378/66 6909/380/63
f 6912/379/63 6909/380/63 6911/381/10
f 6911/381/10 6909/380/63 6910/382/10
f 6917/1/11 6918/2268/11 6920/3/11
f 6920/3/11 6918/2268/11 6919/2269/11
f 6932/9/1 6921/1/1 6931/500/37
f 6931/500/37 6921/1/1 6922/818/37
f 6931/500/37 6922/818/37 6930/502/36
f 6930/502/36 6922/818/37 6923/817/36
f 6930/502/36 6923/817/36 6929/504/35
f 6929/504/35 6923/817/36 6924/816/35
f 6929/504/35 6924/816/35 6928/506/91
f 6928/506/91 6924/816/35 6925/815/34
f 6928/506/91 6925/815/34 6927/508/354
f 6927/508/354 6925/815/34 6926/518/11
f 6933/1/1 6934/2270/1 6936/3/1
f 6936/3/1 6934/2270/1 6935/2271/1
f 6948/9/9 6937/1/9 6947/500/42
f 6947/500/42 6937/1/9 6938/818/42
f 6947/500/42 6938/818/42 6946/502/41
f 6946/502/41 6938/818/42 6939/817/41
f 6946/502/41 6939/817/41 6945/504/40
f 6945/504/40 6939/817/41 6940/816/40
f 6945/504/40 6940/816/40 6944/506/39
f 6944/506/39 6940/816/40 6941/815/39
f 6944/506/39 6941/815/39 6943/508/1
f 6943/508/1 6941/815/39 6942/518/1
f 6949/1/9 6950/2268/9 6952/3/9
f 6952/3/9 6950/2268/9 6951/2269/9
f 6964/9/10 6953/1/10 6963/500/63
f 6963/500/63 6953/1/10 6954/818/63
f 6963/500/63 6954/818/63 6962/502/66
f 6962/502/66 6954/818/63 6955/817/66
f 6962/502/66 6955/817/66 6961/504/69
f 6961/504/69 6955/817/66 6956/816/69
f 6961/504/69 6956/816/69 6960/506/96
f 6960/506/96 6956/816/69 6957/815/96
f 6960/506/96 6957/815/96 6959/508/9
f 6959/508/9 6957/815/96 6958/518/9
f 6965/1/10 6966/2270/10 6968/3/10
f 6968/3/10 6966/2270/10 6967/2271/10
f 6980/9/11 6969/1/11 6979/500/88
f 6979/500/88 6969/1/11 6970/818/89
f 6979/500/88 6970/818/89 6978/502/58
f 6978/502/58 6970/818/89 6971/817/58
f 6978/502/58 6971/817/58 6977/504/60
f 6977/504/60 6971/817/58 6972/816/60
f 6977/504/60 6972/816/60 6976/506/61
f 6976/506/61 6972/816/60 6973/815/61
f 6976/506/61 6973/815/61 6975/508/10
f 6975/508/10 6973/815/61 6974/518/10
f 7058/368/9 7059/369/9 7061/3/9
f 7061/3/9 7059/369/9 7060/370/9
f 7073/371/1 7062/432/1 7072/373/39
f 7072/373/39 7062/432/1 7063/2235/39
f 7072/373/39 7063/2235/39 7071/375/40
f 7071/375/40 7063/2235/39 7064/2236/40
f 7071/375/40 7064/2236/40 7070/377/399
f 7070/377/399 7064/2236/40 7065/815/41
f 7070/377/399 7065/815/41 7069/379/42
f 7069/379/42 7065/815/41 7066/817/135
f 7069/379/42 7066/817/135 7068/381/9
f 7068/381/9 7066/817/135 7067/1/9
f 7074/1/1 7075/2164/1 7077/3/1
f 7077/3/1 7075/2164/1 7076/2237/1
f 7089/371/11 7078/432/11 7088/373/34
f 7088/373/34 7078/432/11 7079/2235/34
f 7088/373/34 7079/2235/34 7087/375/35
f 7087/375/35 7079/2235/34 7080/2236/35
f 7087/375/35 7080/2236/35 7086/377/36
f 7086/377/36 7080/2236/35 7081/815/36
f 7086/377/36 7081/815/36 7085/379/37
f 7085/379/37 7081/815/36 7082/817/37
f 7085/379/37 7082/817/37 7084/381/1
f 7084/381/1 7082/817/37 7083/1/1
f 7090/1/11 7091/2121/11 7093/3/11
f 7093/3/11 7091/2121/11 7092/370/11
f 7095/2349/414 7101/377/58 7094/2350/400
f 7094/2350/400 7101/377/58 7102/375/60
f 7094/2350/400 7102/375/60 7107/2351/401
f 7107/2351/401 7102/375/60 7103/373/61
f 7107/2351/401 7103/373/61 7106/2352/402
f 7106/2352/402 7103/373/61 7104/371/10
f 7106/2352/402 7104/371/10 7105/372/10
f 7095/2349/414 7096/2353/403 7101/377/58
f 7101/377/58 7096/2353/403 7100/379/404
f 7100/379/404 7096/2353/403 7097/2354/405
f 7100/379/404 7097/2354/405 7099/381/406
f 7099/381/406 7097/2354/405 7098/1/11
f 7108/368/10 7109/2238/10 7111/3/10
f 7111/3/10 7109/2238/10 7110/2239/10
f 7113/2240/11 7114/2241/11 7112/2357/11
f 7112/2357/11 7114/2241/11 7115/3/11
f 7112/2357/11 7115/3/11 7116/1/11
f 7116/1/11 7117/2358/11 7112/2357/11
f 7127/2244/385 7118/2245/385 7126/2246/386
f 7126/2246/386 7118/2245/385 7119/2247/386
f 7126/2246/386 7119/2247/386 7125/2248/387
f 7125/2248/387 7119/2247/386 7120/2209/387
f 7125/2248/387 7120/2209/387 7124/2249/388
f 7124/2249/388 7120/2209/387 7121/2205/407
f 7124/2249/388 7121/2205/407 7123/381/90
f 7123/381/90 7121/2205/407 7122/1/90
f 7137/2250/389 7128/2251/389 7136/2252/390
f 7136/2252/390 7128/2251/389 7129/2253/390
f 7136/2252/390 7129/2253/390 7135/2254/391
f 7135/2254/391 7129/2253/390 7130/2255/391
f 7135/2254/391 7130/2255/391 7134/2256/392
f 7134/2256/392 7130/2255/391 7131/2257/392
f 7134/2256/392 7131/2257/392 7133/381/385
f 7133/381/385 7131/2257/392 7132/1/385
f 7147/2258/9 7138/2259/9 7146/2260/393
f 7146/2260/393 7138/2259/9 7139/2261/393
f 7146/2260/393 7139/2261/393 7145/2262/394
f 7145/2262/394 7139/2261/393 7140/2193/394
f 7145/2262/394 7140/2193/394 7144/2263/395
f 7144/2263/395 7140/2193/394 7141/2189/395
f 7144/2263/395 7141/2189/395 7143/381/389
f 7143/381/389 7141/2189/395 7142/1/396
f 7149/2233/9 7150/2264/9 7148/2234/9
f 7148/2234/9 7150/2264/9 7151/2265/9
f 7148/2234/9 7151/2265/9 7152/3/9
f 7152/3/9 7153/368/9 7148/2234/9
f 7154/368/10 7155/2266/10 7157/3/10
f 7157/3/10 7155/2266/10 7156/2267/10
f 7169/371/9 7158/372/9 7168/373/96
f 7168/373/96 7158/372/9 7159/374/96
f 7168/373/96 7159/374/96 7167/375/69
f 7167/375/69 7159/374/96 7160/376/69
f 7167/375/69 7160/376/69 7166/377/66
f 7166/377/66 7160/376/69 7161/378/66
f 7166/377/66 7161/378/66 7165/379/63
f 7165/379/63 7161/378/66 7162/380/63
f 7165/379/63 7162/380/63 7164/381/10
f 7164/381/10 7162/380/63 7163/382/10
f 7170/1/11 7171/2268/11 7173/3/11
f 7173/3/11 7171/2268/11 7172/2269/11
f 7185/9/1 7174/1/1 7184/500/37
f 7184/500/37 7174/1/1 7175/818/37
f 7184/500/37 7175/818/37 7183/502/36
f 7183/502/36 7175/818/37 7176/817/36
f 7183/502/36 7176/817/36 7182/504/35
f 7182/504/35 7176/817/36 7177/816/35
f 7182/504/35 7177/816/35 7181/506/34
f 7181/506/34 7177/816/35 7178/815/160
f 7181/506/34 7178/815/160 7180/508/50
f 7180/508/50 7178/815/160 7179/518/11
f 7186/1/1 7187/2270/1 7189/3/1
f 7189/3/1 7187/2270/1 7188/2271/1
f 7201/9/9 7190/1/9 7200/500/135
f 7200/500/135 7190/1/9 7191/818/42
f 7200/500/135 7191/818/42 7199/502/41
f 7199/502/41 7191/818/42 7192/817/41
f 7199/502/41 7192/817/41 7198/504/40
f 7198/504/40 7192/817/41 7193/816/40
f 7198/504/40 7193/816/40 7197/506/39
f 7197/506/39 7193/816/40 7194/815/39
f 7197/506/39 7194/815/39 7196/508/1
f 7196/508/1 7194/815/39 7195/518/1
f 7202/1/9 7203/2268/9 7205/3/9
f 7205/3/9 7203/2268/9 7204/2269/9
f 7217/9/10 7206/1/10 7216/500/63
f 7216/500/63 7206/1/10 7207/818/63
f 7216/500/63 7207/818/63 7215/502/66
f 7215/502/66 7207/818/63 7208/817/66
f 7215/502/66 7208/817/66 7214/504/69
f 7214/504/69 7208/817/66 7209/816/69
f 7214/504/69 7209/816/69 7213/506/96
f 7213/506/96 7209/816/69 7210/815/136
f 7213/506/96 7210/815/136 7212/508/9
f 7212/508/9 7210/815/136 7211/518/9
f 7218/1/10 7219/2270/10 7221/3/10
f 7221/3/10 7219/2270/10 7220/2271/10
f 7233/9/90 7222/1/162 7232/500/161
f 7232/500/161 7222/1/162 7223/818/88
f 7232/500/161 7223/818/88 7231/502/58
f 7231/502/58 7223/818/88 7224/817/58
f 7231/502/58 7224/817/58 7230/504/60
f 7230/504/60 7224/817/58 7225/816/60
f 7230/504/60 7225/816/60 7229/506/61
f 7229/506/61 7225/816/60 7226/815/61
f 7229/506/61 7226/815/61 7228/508/10
f 7228/508/10 7226/815/61 7227/518/10
f 7311/368/9 7312/369/9 7314/3/9
f 7314/3/9 7312/369/9 7313/370/9
f 7326/371/1 7315/432/1 7325/373/39
f 7325/373/39 7315/432/1 7316/2235/39
f 7325/373/39 7316/2235/39 7324/375/40
f 7324/375/40 7316/2235/39 7317/2236/40
f 7324/375/40 7317/2236/40 7323/377/41
f 7323/377/41 7317/2236/40 7318/815/41
f 7323/377/41 7318/815/41 7322/379/85
f 7322/379/85 7318/815/41 7319/817/42
f 7322/379/85 7319/817/42 7321/381/9
f 7321/381/9 7319/817/42 7320/1/151
f 7327/1/1 7328/2164/1 7330/3/1
f 7330/3/1 7328/2164/1 7329/2237/1
f 7342/371/11 7331/432/11 7341/373/91
f 7341/373/91 7331/432/11 7332/2235/34
f 7341/373/91 7332/2235/34 7340/375/35
f 7340/375/35 7332/2235/34 7333/2236/35
f 7340/375/35 7333/2236/35 7339/377/36
f 7339/377/36 7333/2236/35 7334/815/36
f 7339/377/36 7334/815/36 7338/379/37
f 7338/379/37 7334/815/36 7335/817/37
f 7338/379/37 7335/817/37 7337/381/1
f 7337/381/1 7335/817/37 7336/1/1
f 7343/1/11 7344/2121/11 7346/3/11
f 7346/3/11 7344/2121/11 7345/370/11
f 7361/2359/415 7347/2360/416 7357/373/61
f 7357/373/61 7347/2360/416 7348/2361/416
f 7357/373/61 7348/2361/416 7349/2362/417
f 7357/373/61 7349/2362/417 7356/375/60
f 7356/375/60 7349/2362/417 7350/2363/418
f 7356/375/60 7350/2363/418 7355/377/419
f 7355/377/419 7350/2363/418 7351/2364/420
f 7355/377/419 7351/2364/420 7354/379/421
f 7354/379/421 7351/2364/420 7352/1/11
f 7354/379/421 7352/1/11 7353/381/11
f 7357/373/61 7358/371/10 7361/2359/415
f 7361/2359/415 7358/371/10 7360/2365/422
f 7360/2365/422 7358/371/10 7359/372/10
f 7362/368/10 7363/2238/10 7365/3/10
f 7365/3/10 7363/2238/10 7364/2239/10
f 7367/2240/11 7368/2241/11 7366/2366/11
f 7366/2366/11 7368/2241/11 7369/3/11
f 7366/2366/11 7369/3/11 7370/1/11
f 7370/1/11 7371/2367/11 7366/2366/11
f 7381/2244/413 7372/2245/413 7380/2246/386
f 7380/2246/386 7372/2245/413 7373/2247/386
f 7380/2246/386 7373/2247/386 7379/2248/387
f 7379/2248/387 7373/2247/386 7374/2209/409
f 7379/2248/387 7374/2209/409 7378/2249/407
f 7378/2249/407 7374/2209/409 7375/2205/388
f 7378/2249/407 7375/2205/388 7377/381/90
f 7377/381/90 7375/2205/388 7376/1/90
f 7391/2250/389 7382/2251/389 7390/2252/390
f 7390/2252/390 7382/2251/389 7383/2253/390
f 7390/2252/390 7383/2253/390 7389/2254/391
f 7389/2254/391 7383/2253/390 7384/2255/391
f 7389/2254/391 7384/2255/391 7388/2256/392
f 7388/2256/392 7384/2255/391 7385/2257/392
f 7388/2256/392 7385/2257/392 7387/381/385
f 7387/381/385 7385/2257/392 7386/1/385
f 7401/2258/152 7392/2259/152 7400/2260/410
f 7400/2260/410 7392/2259/152 7393/2261/393
f 7400/2260/410 7393/2261/393 7399/2262/423
f 7399/2262/423 7393/2261/393 7394/2193/394
f 7399/2262/423 7394/2193/394 7398/2263/395
f 7398/2263/395 7394/2193/394 7395/2189/395
f 7398/2263/395 7395/2189/395 7397/381/396
f 7397/381/396 7395/2189/395 7396/1/396
f 7403/2233/9 7404/2264/9 7402/2234/9
f 7402/2234/9 7404/2264/9 7405/2265/9
f 7402/2234/9 7405/2265/9 7406/3/9
f 7406/3/9 7407/368/9 7402/2234/9
f 7408/368/10 7409/2266/10 7411/3/10
f 7411/3/10 7409/2266/10 7410/2267/10
f 7423/371/9 7412/372/9 7422/373/93
f 7422/373/93 7412/372/9 7413/374/96
f 7422/373/93 7413/374/96 7421/375/69
f 7421/375/69 7413/374/96 7414/376/153
f 7421/375/69 7414/376/153 7420/377/66
f 7420/377/66 7414/376/153 7415/378/66
f 7420/377/66 7415/378/66 7419/379/63
f 7419/379/63 7415/378/66 7416/380/63
f 7419/379/63 7416/380/63 7418/381/10
f 7418/381/10 7416/380/63 7417/382/10
f 7424/1/11 7425/2268/11 7427/3/11
f 7427/3/11 7425/2268/11 7426/2269/11
f 7439/9/1 7428/1/424 7438/500/37
f 7438/500/37 7428/1/424 7429/818/37
f 7438/500/37 7429/818/37 7437/502/36
f 7437/502/36 7429/818/37 7430/817/425
f 7437/502/36 7430/817/425 7436/504/35
f 7436/504/35 7430/817/425 7431/816/147
f 7436/504/35 7431/816/147 7435/506/160
f 7435/506/160 7431/816/147 7432/815/160
f 7435/506/160 7432/815/160 7434/508/50
f 7434/508/50 7432/815/160 7433/518/50
f 7440/1/1 7441/2270/1 7443/3/1
f 7443/3/1 7441/2270/1 7442/2271/1
f 7455/9/151 7444/1/151 7454/500/85
f 7454/500/85 7444/1/151 7445/818/42
f 7454/500/85 7445/818/42 7453/502/41
f 7453/502/41 7445/818/42 7446/817/92
f 7453/502/41 7446/817/92 7452/504/40
f 7452/504/40 7446/817/92 7447/816/40
f 7452/504/40 7447/816/40 7451/506/39
f 7451/506/39 7447/816/40 7448/815/39
f 7451/506/39 7448/815/39 7450/508/1
f 7450/508/1 7448/815/39 7449/518/128
f 7456/1/9 7457/2268/9 7459/3/9
f 7459/3/9 7457/2268/9 7458/2269/9
f 7471/9/155 7460/1/10 7470/500/63
f 7470/500/63 7460/1/10 7461/818/63
f 7470/500/63 7461/818/63 7469/502/66
f 7469/502/66 7461/818/63 7462/817/66
f 7469/502/66 7462/817/66 7468/504/137
f 7468/504/137 7462/817/66 7463/816/69
f 7468/504/137 7463/816/69 7467/506/96
f 7467/506/96 7463/816/69 7464/815/94
f 7467/506/96 7464/815/94 7466/508/9
f 7466/508/9 7464/815/94 7465/518/9
f 7472/1/10 7473/2270/10 7475/3/10
f 7475/3/10 7473/2270/10 7474/2271/10
f 7487/9/11 7476/1/11 7486/500/161
f 7486/500/161 7476/1/11 7477/818/161
f 7486/500/161 7477/818/161 7485/502/59
f 7485/502/59 7477/818/161 7478/817/58
f 7485/502/59 7478/817/58 7484/504/169
f 7484/504/169 7478/817/58 7479/816/60
f 7484/504/169 7479/816/60 7483/506/61
f 7483/506/61 7479/816/60 7480/815/61
f 7483/506/61 7480/815/61 7482/508/10
f 7482/508/10 7480/815/61 7481/518/10
f 7566/2368/38 7567/2369/38 7565/2370/38
f 7565/2370/38 7567/2369/38 7582/2371/38
f 7582/2371/38 7567/2369/38 7568/2372/38
f 7582/2371/38 7568/2372/38 7569/2373/87
f 7569/2373/87 7570/2374/82 7582/2371/38
f 7582/2371/38 7570/2374/82 7575/2375/38
f 7582/2371/38 7575/2375/38 7581/2376/38
f 7581/2376/38 7575/2375/38 7576/2377/38
f 7581/2376/38 7576/2377/38 7580/2378/38
f 7580/2378/38 7576/2377/38 7577/2379/38
f 7580/2378/38 7577/2379/38 7579/2380/38
f 7579/2380/38 7577/2379/38 7578/2381/38
f 7570/2374/82 7571/2382/82 7575/2375/38
f 7575/2375/38 7571/2382/82 7572/2383/38
f 7575/2375/38 7572/2383/38 7574/2384/38
f 7574/2384/38 7572/2383/38 7573/2385/38
f 7583/2386/38 7584/2387/38 7612/2388/38
f 7612/2388/38 7584/2387/38 7585/2389/38
f 7612/2388/38 7585/2389/38 7611/2390/38
f 7611/2390/38 7585/2389/38 7586/2391/38
f 7611/2390/38 7586/2391/38 7610/2392/38
f 7610/2392/38 7586/2391/38 7609/2393/38
f 7609/2393/38 7586/2391/38 7587/2394/38
f 7609/2393/38 7587/2394/38 7608/2395/38
f 7608/2395/38 7587/2394/38 7588/2396/38
f 7608/2395/38 7588/2396/38 7589/2397/38
f 7608/2395/38 7589/2397/38 7607/2398/38
f 7607/2398/38 7589/2397/38 7590/2399/38
f 7607/2398/38 7590/2399/38 7606/2400/38
f 7606/2400/38 7590/2399/38 7591/2401/38
f 7606/2400/38 7591/2401/38 7592/2402/38
f 7606/2400/38 7592/2402/38 7605/2403/38
f 7605/2403/38 7592/2402/38 7593/2404/38
f 7605/2403/38 7593/2404/38 7604/2405/38
f 7604/2405/38 7593/2404/38 7594/2406/38
f 7604/2405/38 7594/2406/38 7595/2407/38
f 7604/2405/38 7595/2407/38 7603/2408/38
f 7603/2408/38 7595/2407/38 7596/2409/38
f 7603/2408/38 7596/2409/38 7602/2410/38
f 7602/2410/38 7596/2409/38 7601/2411/38
f 7601/2411/38 7596/2409/38 7597/2412/38
f 7601/2411/38 7597/2412/38 7600/2413/38
f 7600/2413/38 7597/2412/38 7599/2414/38
f 7599/2414/38 7597/2412/38 7598/2415/38
f 7613/2416/38 7614/2417/38 7642/2418/38
f 7642/2418/38 7614/2417/38 7615/2419/38
f 7642/2418/38 7615/2419/38 7641/2420/38
f 7641/2420/38 7615/2419/38 7616/2421/38
f 7641/2420/38 7616/2421/38 7640/2422/38
f 7640/2422/38 7616/2421/38 7639/2423/38
f 7639/2423/38 7616/2421/38 7617/2424/38
f 7639/2423/38 7617/2424/38 7638/2425/38
f 7638/2425/38 7617/2424/38 7618/2426/38
f 7638/2425/38 7618/2426/38 7619/2427/38
f 7638/2425/38 7619/2427/38 7637/2428/38
f 7637/2428/38 7619/2427/38 7620/2429/38
f 7637/2428/38 7620/2429/38 7636/2430/38
f 7636/2430/38 7620/2429/38 7621/2431/38
f 7636/2430/38 7621/2431/38 7622/2432/38
f 7636/2430/38 7622/2432/38 7635/2433/38
f 7635/2433/38 7622/2432/38 7623/2434/38
f 7635/2433/38 7623/2434/38 7634/2435/38
f 7634/2435/38 7623/2434/38 7624/2436/38
f 7634/2435/38 7624/2436/38 7625/2437/38
f 7634/2435/38 7625/2437/38 7633/2438/38
f 7633/2438/38 7625/2437/38 7626/2439/38
f 7633/2438/38 7626/2439/38 7632/2440/38
f 7632/2440/38 7626/2439/38 7631/2441/38
f 7631/2441/38 7626/2439/38 7627/2442/38
f 7631/2441/38 7627/2442/38 7630/2443/38
f 7630/2443/38 7627/2442/38 7629/2444/38
f 7629/2444/38 7627/2442/38 7628/2445/38
f 7643/368/1 7644/2107/1 7646/3/1
f 7646/3/1 7644/2107/1 7645/2108/1
f 7658/2109/329 7647/2110/329 7657/2111/330
f 7657/2111/330 7647/2110/329 7648/2112/330
f 7657/2111/330 7648/2112/330 7656/2113/331
f 7656/2113/331 7648/2112/330 7649/2114/331
f 7656/2113/331 7649/2114/331 7655/2115/332
f 7655/2115/332 7649/2114/331 7650/2116/332
f 7655/2115/332 7650/2116/332 7654/2117/333
f 7654/2117/333 7650/2116/332 7651/2118/333
f 7654/2117/333 7651/2118/333 7653/381/334
f 7653/381/334 7651/2118/333 7652/382/334
f 7660/2119/1 7661/2120/1 7659/591/1
f 7659/591/1 7661/2120/1 7662/3/1
f 7659/591/1 7662/3/1 7663/1/1
f 7663/1/1 7664/590/1 7659/591/1
f 7676/9/151 7665/1/151 7675/500/85
f 7675/500/85 7665/1/151 7666/818/85
f 7675/500/85 7666/818/85 7674/502/41
f 7674/502/41 7666/818/85 7667/817/92
f 7674/502/41 7667/817/92 7673/504/40
f 7673/504/40 7667/817/92 7668/816/335
f 7673/504/40 7668/816/335 7672/506/39
f 7672/506/39 7668/816/335 7669/815/39
f 7672/506/39 7669/815/39 7671/508/128
f 7671/508/128 7669/815/39 7670/518/128
f 7677/1/9 7678/2121/9 7680/3/9
f 7680/3/9 7678/2121/9 7679/370/9
f 7692/9/10 7681/1/10 7691/500/63
f 7691/500/63 7681/1/10 7682/818/63
f 7691/500/63 7682/818/63 7690/502/336
f 7690/502/336 7682/818/63 7683/817/66
f 7690/502/336 7683/817/66 7689/504/95
f 7689/504/95 7683/817/66 7684/816/69
f 7689/504/95 7684/816/69 7688/506/94
f 7688/506/94 7684/816/69 7685/815/94
f 7688/506/94 7685/815/94 7687/508/9
f 7687/508/9 7685/815/94 7686/518/9
f 7704/9/11 7693/499/90 7703/500/88
f 7703/500/88 7693/499/90 7694/501/56
f 7703/500/88 7694/501/56 7702/502/59
f 7702/502/59 7694/501/56 7695/503/58
f 7702/502/59 7695/503/58 7701/504/192
f 7701/504/192 7695/503/58 7696/505/60
f 7701/504/192 7696/505/60 7700/506/337
f 7700/506/337 7696/505/60 7697/507/167
f 7700/506/337 7697/507/167 7699/508/10
f 7699/508/10 7697/507/167 7698/509/10
f 7705/368/11 7706/369/11 7708/3/11
f 7708/3/11 7706/369/11 7707/370/11
f 7720/9/148 7709/499/1 7719/500/191
f 7719/500/191 7709/499/1 7710/501/338
f 7719/500/191 7710/501/338 7718/502/36
f 7718/502/36 7710/501/338 7711/503/36
f 7718/502/36 7711/503/36 7717/504/35
f 7717/504/35 7711/503/36 7712/505/147
f 7717/504/35 7712/505/147 7716/506/55
f 7716/506/55 7712/505/147 7713/507/34
f 7716/506/55 7713/507/34 7715/508/11
f 7715/508/11 7713/507/34 7714/509/11
f 7751/368/10 7752/2180/10 7754/391/10
f 7754/391/10 7752/2180/10 7753/2181/10
f 7756/2182/11 7757/2183/11 7755/2231/11
f 7755/2231/11 7757/2183/11 7758/391/11
f 7755/2231/11 7758/391/11 7759/1/11
f 7759/1/11 7760/2232/11 7755/2231/11
f 7770/2158/350 7761/1/350 7769/2186/368
f 7769/2186/368 7761/1/350 7762/2187/369
f 7769/2186/368 7762/2187/369 7768/2188/370
f 7768/2188/370 7762/2187/369 7763/2189/352
f 7768/2188/370 7763/2189/352 7767/2190/353
f 7767/2190/353 7763/2189/352 7764/2191/426
f 7767/2190/353 7764/2191/426 7766/2192/11
f 7766/2192/11 7764/2191/426 7765/2193/11
f 7780/2158/355 7771/1/355 7779/2194/356
f 7779/2194/356 7771/1/355 7772/2195/356
f 7779/2194/356 7772/2195/356 7778/2196/357
f 7778/2196/357 7772/2195/356 7773/2197/357
f 7778/2196/357 7773/2197/357 7777/2198/358
f 7777/2198/358 7773/2197/357 7774/2199/358
f 7777/2198/358 7774/2199/358 7776/2200/359
f 7776/2200/359 7774/2199/358 7775/2201/359
f 7790/2158/9 7781/1/9 7789/2202/375
f 7789/2202/375 7781/1/9 7782/2203/376
f 7789/2202/375 7782/2203/376 7788/2204/363
f 7788/2204/363 7782/2203/376 7783/2205/427
f 7788/2204/363 7783/2205/427 7787/2206/377
f 7787/2206/377 7783/2205/427 7784/2207/428
f 7787/2206/377 7784/2207/428 7786/2208/355
f 7786/2208/355 7784/2207/428 7785/2209/355
f 7792/2446/9 7793/2211/9 7791/2447/9
f 7791/2447/9 7793/2211/9 7794/2213/9
f 7791/2447/9 7794/2213/9 7795/391/9
f 7795/391/9 7796/368/9 7791/2447/9
f 7823/2158/10 7812/1/10 7822/2159/154
f 7822/2159/154 7812/1/10 7813/818/63
f 7822/2159/154 7813/818/63 7821/2160/66
f 7821/2160/66 7813/818/63 7814/817/189
f 7821/2160/66 7814/817/189 7820/2161/69
f 7820/2161/69 7814/817/189 7815/816/95
f 7820/2161/69 7815/816/95 7819/2162/96
f 7819/2162/96 7815/816/95 7816/815/93
f 7819/2162/96 7816/815/93 7818/2163/9
f 7818/2163/9 7816/815/93 7817/518/9
f 7824/1/10 7825/2164/10 7827/391/10
f 7827/391/10 7825/2164/10 7826/2165/10
f 7839/2158/11 7828/1/90 7838/2159/88
f 7838/2159/88 7828/1/90 7829/818/373
f 7838/2159/88 7829/818/373 7837/2160/58
f 7837/2160/58 7829/818/373 7830/817/59
f 7837/2160/58 7830/817/59 7836/2161/60
f 7836/2161/60 7830/817/59 7831/816/60
f 7836/2161/60 7831/816/60 7835/2162/348
f 7835/2162/348 7831/816/60 7832/815/337
f 7835/2162/348 7832/815/337 7834/2163/10
f 7834/2163/10 7832/815/337 7833/518/10
f 7854/368/9 7855/369/9 7857/3/9
f 7857/3/9 7855/369/9 7856/370/9
f 7869/371/1 7858/432/128 7868/373/39
f 7868/373/39 7858/432/128 7859/2235/39
f 7868/373/39 7859/2235/39 7867/375/40
f 7867/375/40 7859/2235/39 7860/2236/40
f 7867/375/40 7860/2236/40 7866/377/41
f 7866/377/41 7860/2236/40 7861/815/41
f 7866/377/41 7861/815/41 7865/379/85
f 7865/379/85 7861/815/41 7862/817/42
f 7865/379/85 7862/817/42 7864/381/9
f 7864/381/9 7862/817/42 7863/1/151
f 7870/1/1 7871/2164/1 7873/3/1
f 7873/3/1 7871/2164/1 7872/2237/1
f 7885/371/50 7874/432/11 7884/373/34
f 7884/373/34 7874/432/11 7875/2235/34
f 7884/373/34 7875/2235/34 7883/375/35
f 7883/375/35 7875/2235/34 7876/2236/147
f 7883/375/35 7876/2236/147 7882/377/36
f 7882/377/36 7876/2236/147 7877/815/36
f 7882/377/36 7877/815/36 7881/379/37
f 7881/379/37 7877/815/36 7878/817/37
f 7881/379/37 7878/817/37 7880/381/1
f 7880/381/1 7878/817/37 7879/1/1
f 7897/371/50 7886/432/11 7896/373/34
f 7896/373/34 7886/432/11 7887/2235/160
f 7896/373/34 7887/2235/160 7895/375/35
f 7895/375/35 7887/2235/160 7888/2236/35
f 7895/375/35 7888/2236/35 7894/377/36
f 7894/377/36 7888/2236/35 7889/815/36
f 7894/377/36 7889/815/36 7893/379/37
f 7893/379/37 7889/815/36 7890/817/37
f 7893/379/37 7890/817/37 7892/381/1
f 7892/381/1 7890/817/37 7891/1/1
f 7898/1/11 7899/2121/11 7901/3/11
f 7901/3/11 7899/2121/11 7900/370/11
f 7913/371/10 7902/432/10 7912/373/61
f 7912/373/61 7902/432/10 7903/2235/61
f 7912/373/61 7903/2235/61 7911/375/60
f 7911/375/60 7903/2235/61 7904/2236/60
f 7911/375/60 7904/2236/60 7910/377/58
f 7910/377/58 7904/2236/60 7905/815/58
f 7910/377/58 7905/815/58 7909/379/161
f 7909/379/161 7905/815/58 7906/817/88
f 7909/379/161 7906/817/88 7908/381/11
f 7908/381/11 7906/817/88 7907/1/90
f 7914/1/10 7915/2356/10 7917/3/10
f 7917/3/10 7915/2356/10 7916/2239/10
f 7918/1/11 7919/2211/11 7921/3/11
f 7921/3/11 7919/2211/11 7920/2241/11
f 7931/2244/413 7922/2245/413 7930/2246/386
f 7930/2246/386 7922/2245/413 7923/2247/386
f 7930/2246/386 7923/2247/386 7929/2248/409
f 7929/2248/409 7923/2247/386 7924/2209/387
f 7929/2248/409 7924/2209/387 7928/2249/388
f 7928/2249/388 7924/2209/387 7925/2205/407
f 7928/2249/388 7925/2205/407 7927/381/90
f 7927/381/90 7925/2205/407 7926/1/90
f 7941/2250/389 7932/2251/389 7940/2252/390
f 7940/2252/390 7932/2251/389 7933/2253/390
f 7940/2252/390 7933/2253/390 7939/2254/391
f 7939/2254/391 7933/2253/390 7934/2255/391
f 7939/2254/391 7934/2255/391 7938/2256/392
f 7938/2256/392 7934/2255/391 7935/2257/392
f 7938/2256/392 7935/2257/392 7937/381/385
f 7937/381/385 7935/2257/392 7936/1/385
f 7951/2258/9 7942/2259/9 7950/2260/393
f 7950/2260/393 7942/2259/9 7943/2261/410
f 7950/2260/393 7943/2261/410 7949/2262/394
f 7949/2262/394 7943/2261/410 7944/2193/394
f 7949/2262/394 7944/2193/394 7948/2263/395
f 7948/2263/395 7944/2193/394 7945/2189/412
f 7948/2263/395 7945/2189/412 7947/381/396
f 7947/381/396 7945/2189/412 7946/1/396
f 7953/2233/9 7954/2264/9 7952/2234/9
f 7952/2234/9 7954/2264/9 7955/2265/9
f 7952/2234/9 7955/2265/9 7956/3/9
f 7956/3/9 7957/368/9 7952/2234/9
f 7958/368/10 7959/2266/10 7961/3/10
f 7961/3/10 7959/2266/10 7960/2267/10
f 7973/371/9 7962/372/9 7972/373/94
f 7972/373/94 7962/372/9 7963/374/93
f 7972/373/94 7963/374/93 7971/375/69
f 7971/375/69 7963/374/93 7964/376/69
f 7971/375/69 7964/376/69 7970/377/66
f 7970/377/66 7964/376/69 7965/378/66
f 7970/377/66 7965/378/66 7969/379/63
f 7969/379/63 7965/378/66 7966/380/63
f 7969/379/63 7966/380/63 7968/381/10
f 7968/381/10 7966/380/63 7967/382/155
f 7974/1/11 7975/2268/11 7977/3/11
f 7977/3/11 7975/2268/11 7976/2269/11
f 7989/9/1 7978/1/424 7988/500/191
f 7988/500/191 7978/1/424 7979/818/37
f 7988/500/191 7979/818/37 7987/502/36
f 7987/502/36 7979/818/37 7980/817/36
f 7987/502/36 7980/817/36 7986/504/35
f 7986/504/35 7980/817/36 7981/816/35
f 7986/504/35 7981/816/35 7985/506/160
f 7985/506/160 7981/816/35 7982/815/54
f 7985/506/160 7982/815/54 7984/508/11
f 7984/508/11 7982/815/54 7983/518/11
f 7990/1/1 7991/2270/1 7993/3/1
f 7993/3/1 7991/2270/1 7992/2271/1
f 8005/9/9 7994/1/9 8004/500/84
f 8004/500/84 7994/1/9 7995/818/85
f 8004/500/84 7995/818/85 8003/502/41
f 8003/502/41 7995/818/85 7996/817/41
f 8003/502/41 7996/817/41 8002/504/40
f 8002/504/40 7996/817/41 7997/816/40
f 8002/504/40 7997/816/40 8001/506/39
f 8001/506/39 7997/816/40 7998/815/39
f 8001/506/39 7998/815/39 8000/508/1
f 8000/508/1 7998/815/39 7999/518/1
f 8006/1/9 8007/2268/9 8009/3/9
f 8009/3/9 8007/2268/9 8008/2269/9
f 8021/9/10 8010/1/10 8020/500/63
f 8020/500/63 8010/1/10 8011/818/63
f 8020/500/63 8011/818/63 8019/502/66
f 8019/502/66 8011/818/63 8012/817/66
f 8019/502/66 8012/817/66 8018/504/69
f 8018/504/69 8012/817/66 8013/816/69
f 8018/504/69 8013/816/69 8017/506/94
f 8017/506/94 8013/816/69 8014/815/93
f 8017/506/94 8014/815/93 8016/508/9
f 8016/508/9 8014/815/93 8015/518/9
f 8022/1/10 8023/2270/10 8025/3/10
f 8025/3/10 8023/2270/10 8024/2271/10
f 8037/9/11 8026/1/11 8036/500/57
f 8036/500/57 8026/1/11 8027/818/161
f 8036/500/57 8027/818/161 8035/502/58
f 8035/502/58 8027/818/161 8028/817/58
f 8035/502/58 8028/817/58 8034/504/60
f 8034/504/60 8028/817/58 8029/816/60
f 8034/504/60 8029/816/60 8033/506/61
f 8033/506/61 8029/816/60 8030/815/167
f 8033/506/61 8030/815/167 8032/508/10
f 8032/508/10 8030/815/167 8031/518/10
f 8138/2448/38 8115/2449/38 8152/2450/38
f 8152/2450/38 8115/2449/38 8116/2451/38
f 8152/2450/38 8116/2451/38 8151/2452/38
f 8151/2452/38 8116/2451/38 8117/2453/38
f 8151/2452/38 8117/2453/38 8150/2454/38
f 8150/2454/38 8117/2453/38 8118/2455/38
f 8150/2454/38 8118/2455/38 8149/2456/38
f 8149/2456/38 8118/2455/38 8119/2457/38
f 8149/2456/38 8119/2457/38 8148/2458/38
f 8148/2458/38 8119/2457/38 8120/2459/38
f 8148/2458/38 8120/2459/38 8147/2460/38
f 8147/2460/38 8120/2459/38 8121/2461/38
f 8147/2460/38 8121/2461/38 8146/2462/38
f 8146/2462/38 8121/2461/38 8262/2463/38
f 8146/2462/38 8262/2463/38 8145/2464/38
f 8145/2464/38 8262/2463/38 8259/2465/38
f 8145/2464/38 8259/2465/38 8170/2466/38
f 8170/2466/38 8259/2465/38 8169/2467/38
f 8169/2467/38 8259/2465/38 8168/2468/38
f 8168/2468/38 8259/2465/38 8167/2469/38
f 8167/2469/38 8259/2465/38 8166/2470/51
f 8166/2470/51 8259/2465/38 8165/2471/38
f 8165/2471/38 8259/2465/38 8164/2472/38
f 8164/2472/38 8259/2465/38 8163/2473/38
f 8163/2473/38 8259/2465/38 8264/2474/38
f 8163/2473/38 8264/2474/38 8186/2475/38
f 8186/2475/38 8264/2474/38 8265/2476/429
f 8186/2475/38 8265/2476/429 8185/2477/82
f 8185/2477/82 8265/2476/429 8266/2478/38
f 8185/2477/82 8266/2478/38 8184/2479/38
f 8184/2479/38 8266/2478/38 8267/2480/51
f 8184/2479/38 8267/2480/51 8183/2481/38
f 8183/2481/38 8267/2480/51 8268/2482/38
f 8183/2481/38 8268/2482/38 8182/2483/38
f 8182/2483/38 8268/2482/38 8269/2484/38
f 8182/2483/38 8269/2484/38 8181/2485/38
f 8181/2485/38 8269/2484/38 8270/2486/38
f 8181/2485/38 8270/2486/38 8180/2487/38
f 8180/2487/38 8270/2486/38 8271/2488/38
f 8180/2487/38 8271/2488/38 8240/2489/82
f 8240/2489/82 8271/2488/38 8272/2490/38
f 8240/2489/82 8272/2490/38 8239/2491/38
f 8239/2491/38 8272/2490/38 8273/2492/38
f 8239/2491/38 8273/2492/38 8238/2493/38
f 8238/2493/38 8273/2492/38 8274/2494/38
f 8238/2493/38 8274/2494/38 8237/2495/38
f 8237/2495/38 8274/2494/38 8275/2496/38
f 8237/2495/38 8275/2496/38 8236/2497/38
f 8236/2497/38 8275/2496/38 8276/2498/38
f 8236/2497/38 8276/2498/38 8235/2499/38
f 8235/2499/38 8276/2498/38 8258/2500/38
f 8258/2500/38 8276/2498/38 8277/2501/38
f 8258/2500/38 8277/2501/38 8257/2502/38
f 8257/2502/38 8277/2501/38 8278/2503/38
f 8257/2502/38 8278/2503/38 8256/2504/38
f 8256/2504/38 8278/2503/38 8279/2505/38
f 8256/2504/38 8279/2505/38 8255/2506/38
f 8255/2506/38 8279/2505/38 8280/2507/38
f 8255/2506/38 8280/2507/38 8254/2508/38
f 8254/2508/38 8280/2507/38 8281/2509/38
f 8254/2508/38 8281/2509/38 8260/2510/38
f 8260/2510/38 8281/2509/38 8282/2511/38
f 8260/2510/38 8282/2511/38 8283/2512/38
f 8121/2461/38 8122/2513/38 8262/2463/38
f 8262/2463/38 8122/2513/38 8123/2514/38
f 8262/2463/38 8123/2514/38 8124/2515/38
f 8124/2515/38 8125/2516/38 8262/2463/38
f 8262/2463/38 8125/2516/38 8126/2517/38
f 8262/2463/38 8126/2517/38 8127/2518/38
f 8127/2518/38 8128/2519/38 8262/2463/38
f 8262/2463/38 8128/2519/38 8199/2520/38
f 8262/2463/38 8199/2520/38 8261/2521/38
f 8261/2521/38 8199/2520/38 8200/2522/38
f 8261/2521/38 8200/2522/38 8201/2523/38
f 8199/2520/38 8128/2519/38 8198/2524/82
f 8198/2524/82 8128/2519/38 8129/2525/52
f 8198/2524/82 8129/2525/52 8197/2526/51
f 8197/2526/51 8129/2525/52 8130/2527/38
f 8197/2526/51 8130/2527/38 8196/2528/82
f 8196/2528/82 8130/2527/38 8131/2529/38
f 8196/2528/82 8131/2529/38 8195/2530/51
f 8195/2530/51 8131/2529/38 8132/2531/38
f 8195/2530/51 8132/2531/38 8194/2532/38
f 8194/2532/38 8132/2531/38 8133/2533/38
f 8194/2532/38 8133/2533/38 8193/2534/38
f 8193/2534/38 8133/2533/38 8134/2535/38
f 8193/2534/38 8134/2535/38 8192/2536/38
f 8192/2536/38 8134/2535/38 8135/2537/38
f 8192/2536/38 8135/2537/38 8219/2538/38
f 8219/2538/38 8135/2537/38 8156/2539/38
f 8219/2538/38 8156/2539/38 8218/2540/38
f 8218/2540/38 8156/2539/38 8157/2541/38
f 8218/2540/38 8157/2541/38 8217/2542/38
f 8217/2542/38 8157/2541/38 8158/2543/38
f 8217/2542/38 8158/2543/38 8216/2544/38
f 8216/2544/38 8158/2543/38 8159/2545/38
f 8216/2544/38 8159/2545/38 8243/2546/38
f 8243/2546/38 8159/2545/38 8160/2547/38
f 8243/2546/38 8160/2547/38 8161/2548/38
f 8156/2539/38 8135/2537/38 8155/2549/38
f 8155/2549/38 8135/2537/38 8136/2550/38
f 8155/2549/38 8136/2550/38 8154/2551/38
f 8154/2551/38 8136/2550/38 8137/2552/38
f 8154/2551/38 8137/2552/38 8153/2553/38
f 8153/2553/38 8137/2552/38 8138/2448/38
f 8153/2553/38 8138/2448/38 8152/2450/38
f 8140/2554/38 8290/2555/38 8139/2556/38
f 8139/2556/38 8290/2555/38 8287/2557/38
f 8139/2556/38 8287/2557/38 8162/2558/38
f 8162/2558/38 8287/2557/38 8242/2559/38
f 8162/2558/38 8242/2559/38 8161/2548/38
f 8161/2548/38 8242/2559/38 8243/2546/38
f 8140/2554/38 8141/2560/38 8290/2555/38
f 8290/2555/38 8141/2560/38 8142/2561/38
f 8290/2555/38 8142/2561/38 8143/2562/38
f 8290/2555/38 8143/2562/38 8289/2563/38
f 8289/2563/38 8143/2562/38 8144/2564/38
f 8289/2563/38 8144/2564/38 8171/2565/38
f 8171/2565/38 8144/2564/38 8145/2464/38
f 8171/2565/38 8145/2464/38 8170/2466/38
f 8171/2565/38 8172/2566/82 8289/2563/38
f 8289/2563/38 8172/2566/82 8173/2567/38
f 8289/2563/38 8173/2567/38 8174/2568/38
f 8174/2568/38 8175/2569/38 8289/2563/38
f 8289/2563/38 8175/2569/38 8176/2570/38
f 8289/2563/38 8176/2570/38 8288/2571/38
f 8288/2571/38 8176/2570/38 8241/2572/38
f 8288/2571/38 8241/2572/38 8242/2559/38
f 8176/2570/38 8177/2573/38 8241/2572/38
f 8241/2572/38 8177/2573/38 8178/2574/38
f 8241/2572/38 8178/2574/38 8240/2489/82
f 8240/2489/82 8178/2574/38 8179/2575/38
f 8240/2489/82 8179/2575/38 8180/2487/38
f 8210/2576/38 8187/2577/38 8224/2578/38
f 8224/2578/38 8187/2577/38 8188/2579/38
f 8224/2578/38 8188/2579/38 8223/2580/38
f 8223/2580/38 8188/2579/38 8189/2581/38
f 8223/2580/38 8189/2581/38 8222/2582/38
f 8222/2582/38 8189/2581/38 8190/2583/38
f 8222/2582/38 8190/2583/38 8221/2584/38
f 8221/2584/38 8190/2583/38 8191/2585/38
f 8221/2584/38 8191/2585/38 8220/2586/38
f 8220/2586/38 8191/2585/38 8192/2536/38
f 8220/2586/38 8192/2536/38 8219/2538/38
f 8201/2523/38 8202/2587/38 8261/2521/38
f 8261/2521/38 8202/2587/38 8203/2588/38
f 8261/2521/38 8203/2588/38 8204/2589/38
f 8204/2589/38 8205/2590/38 8261/2521/38
f 8261/2521/38 8205/2590/38 8206/2591/38
f 8261/2521/38 8206/2591/38 8229/2592/38
f 8229/2592/38 8206/2591/38 8228/2593/38
f 8228/2593/38 8206/2591/38 8207/2594/38
f 8228/2593/38 8207/2594/38 8227/2595/38
f 8227/2595/38 8207/2594/38 8208/2596/38
f 8227/2595/38 8208/2596/38 8226/2597/38
f 8226/2597/38 8208/2596/38 8209/2598/38
f 8226/2597/38 8209/2598/38 8225/2599/38
f 8225/2599/38 8209/2598/38 8210/2576/38
f 8225/2599/38 8210/2576/38 8224/2578/38
f 8234/2600/38 8211/2601/38 8248/2602/38
f 8248/2602/38 8211/2601/38 8212/2603/38
f 8248/2602/38 8212/2603/38 8247/2604/38
f 8247/2604/38 8212/2603/38 8213/2605/38
f 8247/2604/38 8213/2605/38 8246/2606/38
f 8246/2606/38 8213/2605/38 8214/2607/38
f 8246/2606/38 8214/2607/38 8245/2608/38
f 8245/2608/38 8214/2607/38 8215/2609/38
f 8245/2608/38 8215/2609/38 8244/2610/38
f 8244/2610/38 8215/2609/38 8216/2544/38
f 8244/2610/38 8216/2544/38 8243/2546/38
f 8229/2592/38 8230/2611/38 8261/2521/38
f 8261/2521/38 8230/2611/38 8260/2510/38
f 8260/2510/38 8230/2611/38 8253/2612/38
f 8260/2510/38 8253/2612/38 8254/2508/38
f 8253/2612/38 8230/2611/38 8252/2613/38
f 8252/2613/38 8230/2611/38 8231/2614/38
f 8252/2613/38 8231/2614/38 8251/2615/38
f 8251/2615/38 8231/2614/38 8232/2616/38
f 8251/2615/38 8232/2616/38 8250/2617/38
f 8250/2617/38 8232/2616/38 8233/2618/38
f 8250/2617/38 8233/2618/38 8249/2619/38
f 8249/2619/38 8233/2618/38 8234/2600/38
f 8249/2619/38 8234/2600/38 8248/2602/38
f 8259/2465/38 8260/2510/38 8264/2474/38
f 8264/2474/38 8260/2510/38 8263/2620/38
f 8263/2620/38 8260/2510/38 8286/2621/38
f 8286/2621/38 8260/2510/38 8285/2622/38
f 8285/2622/38 8260/2510/38 8284/2623/38
f 8284/2623/38 8260/2510/38 8283/2512/38
f 8287/2557/38 8288/2571/38 8242/2559/38
f 8291/2624/10 8292/1/10 8294/2625/10
f 8294/2625/10 8292/1/10 8293/1745/10
f 8295/2626/11 8296/1/11 8298/2627/11
f 8298/2627/11 8296/1/11 8297/1745/11
f 8299/2624/1 8300/1/1 8302/2625/1
f 8302/2625/1 8300/1/1 8301/1745/1
f 8303/2626/9 8304/1/9 8306/2627/9
f 8306/2627/9 8304/1/9 8305/1745/9
f 8307/2628/11 8308/1/11 8310/2629/11
f 8310/2629/11 8308/1/11 8309/1745/11
f 8311/2630/1 8312/1/1 8314/2631/1
f 8314/2631/1 8312/1/1 8313/1745/1
f 8315/2628/9 8316/1/9 8318/2629/9
f 8318/2629/9 8316/1/9 8317/1745/9
f 8319/2630/10 8320/1/10 8322/2631/10
f 8322/2631/10 8320/1/10 8321/1745/10
f 8323/2632/11 8324/1/11 8326/2633/11
f 8326/2633/11 8324/1/11 8325/1745/11
f 8327/2634/9 8328/1/9 8330/2635/9
f 8330/2635/9 8328/1/9 8329/1745/9
f 8331/2636/10 8332/1/10 8334/2637/10
f 8334/2637/10 8332/1/10 8333/1745/10
f 8335/2634/11 8336/1/11 8338/2635/11
f 8338/2635/11 8336/1/11 8337/1745/11
f 8339/2632/9 8340/1/9 8342/2633/9
f 8342/2633/9 8340/1/9 8341/1745/9
f 8343/2638/11 8344/1/11 8346/2639/11
f 8346/2639/11 8344/1/11 8345/1745/11
f 8347/2640/1 8348/1/1 8350/2641/1
f 8350/2641/1 8348/1/1 8349/1745/1
f 8351/2638/9 8352/1/9 8354/2639/9
f 8354/2639/9 8352/1/9 8353/1745/9
f 8356/2642/38 8363/2643/82 8355/2644/38
f 8355/2644/38 8363/2643/82 8365/2645/38
f 8355/2644/38 8365/2645/38 8366/2646/38
f 8357/2647/38 8359/2648/38 8356/2642/38
f 8356/2642/38 8359/2648/38 8360/2649/38
f 8356/2642/38 8360/2649/38 8363/2643/82
f 8363/2643/82 8360/2649/38 8374/2650/51
f 8374/2650/51 8360/2649/38 8361/2651/38
f 8374/2650/51 8361/2651/38 8372/2652/38
f 8372/2652/38 8361/2651/38 8371/2653/38
f 8371/2653/38 8361/2651/38 8362/2654/38
f 8371/2653/38 8362/2654/38 8369/2655/82
f 8369/2655/82 8362/2654/38 8359/2648/38
f 8369/2655/82 8359/2648/38 8357/2647/38
f 8369/2655/82 8357/2647/38 8368/2656/38
f 8368/2656/38 8357/2647/38 8358/2657/38
f 8368/2656/38 8358/2657/38 8355/2644/38
f 8363/2643/82 8364/2658/38 8365/2645/38
f 8367/2659/38 8368/2656/38 8366/2646/38
f 8366/2646/38 8368/2656/38 8355/2644/38
f 8369/2655/82 8370/2660/38 8371/2653/38
f 8372/2652/38 8373/2661/38 8374/2650/51
f 8375/2662/10 8376/2663/10 8386/2664/10
f 8386/2664/10 8376/2663/10 8385/1/10
f 8385/1/10 8376/2663/10 8377/2665/10
f 8385/1/10 8377/2665/10 8384/1561/10
f 8384/1561/10 8377/2665/10 8380/2666/10
f 8384/1561/10 8380/2666/10 8381/2667/10
f 8377/2665/10 8378/2668/10 8380/2666/10
f 8380/2666/10 8378/2668/10 8379/2669/10
f 8382/2670/10 8383/2671/10 8381/2667/10
f 8381/2667/10 8383/2671/10 8384/1561/10
f 8387/2672/38 8388/2673/38 8390/2674/38
f 8390/2674/38 8388/2673/38 8389/2675/38
f 8391/2676/38 8392/2677/38 8394/1561/38
f 8394/1561/38 8392/2677/38 8393/1384/38
f 8395/2678/38 8396/2679/38 8398/2680/38
f 8398/2680/38 8396/2679/38 8397/2681/38
f 8399/2682/38 8400/2683/38 8402/1307/38
f 8402/1307/38 8400/2683/38 8401/1/38
f 8404/2683/1 8405/1/1 8403/2684/1
f 8403/2684/1 8405/1/1 8406/2664/1
f 8403/2684/1 8406/2664/1 8414/2685/1
f 8414/2685/1 8406/2664/1 8407/2671/1
f 8414/2685/1 8407/2671/1 8411/2686/1
f 8411/2686/1 8407/2671/1 8410/2687/1
f 8410/2687/1 8407/2671/1 8408/1561/1
f 8410/2687/1 8408/1561/1 8409/2676/1
f 8411/2686/1 8412/2674/1 8414/2685/1
f 8414/2685/1 8412/2674/1 8413/2688/1
f 8416/2689/38 8417/2690/38 8415/2691/38
f 8415/2691/38 8417/2690/38 8418/2692/38
f 8420/2693/11 8421/2694/11 8419/2695/11
f 8419/2695/11 8421/2694/11 8422/2696/11
f 8423/2697/9 8424/2698/9 8426/2699/9
f 8426/2699/9 8424/2698/9 8425/2700/9
o Body10
v -0.063063 1.206061 0.293500
v -0.065680 1.202577 0.293500
v -0.068055 1.198924 0.293500
v -0.070177 1.195119 0.293500
v -0.072036 1.191178 0.293500
v -0.073623 1.187121 0.293500
v -0.074933 1.182965 0.293500
v -0.075957 1.178730 0.293500
v -0.076692 1.174435 0.293500
v -0.077135 1.170101 0.293500
v -0.077282 1.165746 0.293500
v -0.077135 1.161391 0.293500
v -0.076692 1.157057 0.293500
v -0.075957 1.152762 0.293500
v -0.074933 1.148527 0.293500
v -0.073623 1.144371 0.293500
v -0.072036 1.140314 0.293500
v -0.070177 1.136373 0.293500
v -0.068055 1.132568 0.293500
v -0.065680 1.128915 0.293500
v -0.063063 1.125431 0.293500
v -0.063063 1.125431 0.289500
v -0.063063 1.206061 0.289500
v -0.063063 1.206061 0.293500
v -0.063063 1.125431 0.293500
v -0.063063 1.206061 0.289500
v -0.065680 1.202577 0.289500
v -0.068055 1.198924 0.289500
v -0.070177 1.195119 0.289500
v -0.072036 1.191178 0.289500
v -0.073623 1.187121 0.289500
v -0.074933 1.182965 0.289500
v -0.075957 1.178730 0.289500
v -0.076692 1.174435 0.289500
v -0.077135 1.170101 0.289500
v -0.077282 1.165746 0.289500
v -0.077135 1.161391 0.289500
v -0.076692 1.157057 0.289500
v -0.075957 1.152762 0.289500
v -0.074933 1.148527 0.289500
v -0.073623 1.144371 0.289500
v -0.072036 1.140314 0.289500
v -0.070177 1.136373 0.289500
v -0.068055 1.132568 0.289500
v -0.065680 1.128915 0.289500
v -0.063063 1.125431 0.289500
v -0.063063 1.125431 0.293500
v -0.065680 1.128915 0.293500
v -0.068055 1.132568 0.293500
v -0.070177 1.136373 0.293500
v -0.072036 1.140314 0.293500
v -0.073623 1.144371 0.293500
v -0.074933 1.148527 0.293500
v -0.075957 1.152762 0.293500
v -0.076692 1.157057 0.293500
v -0.077135 1.161391 0.293500
v -0.077282 1.165746 0.293500
v -0.077135 1.170101 0.293500
v -0.076692 1.174435 0.293500
v -0.075957 1.178730 0.293500
v -0.074933 1.182965 0.293500
v -0.073623 1.187121 0.293500
v -0.072036 1.191178 0.293500
v -0.070177 1.195119 0.293500
v -0.068055 1.198924 0.293500
v -0.065680 1.202577 0.293500
v -0.063063 1.206061 0.293500
v -0.063063 1.206061 0.289500
v -0.063063 1.125431 0.289500
v -0.065680 1.128915 0.289500
v -0.068055 1.132568 0.289500
v -0.070177 1.136373 0.289500
v -0.072036 1.140314 0.289500
v -0.073623 1.144371 0.289500
v -0.074933 1.148527 0.289500
v -0.075957 1.152762 0.289500
v -0.076692 1.157057 0.289500
v -0.077135 1.161391 0.289500
v -0.077282 1.165746 0.289500
v -0.077135 1.170101 0.289500
v -0.076692 1.174435 0.289500
v -0.075957 1.178730 0.289500
v -0.074933 1.182965 0.289500
v -0.073623 1.187121 0.289500
v -0.072036 1.191178 0.289500
v -0.070177 1.195119 0.289500
v -0.068055 1.198924 0.289500
v -0.065680 1.202577 0.289500
vn -0.0000 -0.0000 1.0000
vn 1.0000 -0.0000 -0.0000
vn -0.7787 0.6273 -0.0000
vn -0.8195 0.5731 -0.0000
vn -0.8564 0.5163 -0.0000
vn -0.8894 0.4571 -0.0000
vn -0.9184 0.3958 -0.0000
vn -0.9431 0.3326 -0.0000
vn -0.9634 0.2679 -0.0000
vn -0.9794 0.2020 -0.0000
vn -0.9908 0.1352 -0.0000
vn -0.9977 0.0678 -0.0000
vn -1.0000 -0.0000 -0.0000
vn -0.9977 -0.0678 -0.0000
vn -0.9908 -0.1352 -0.0000
vn -0.9794 -0.2020 -0.0000
vn -0.9634 -0.2679 -0.0000
vn -0.9431 -0.3326 -0.0000
vn -0.9184 -0.3958 -0.0000
vn -0.8894 -0.4571 -0.0000
vn -0.8564 -0.5163 -0.0000
vn -0.8195 -0.5731 -0.0000
vn -0.7787 -0.6273 -0.0000
vn -0.7787 -0.6274 -0.0000
vn -0.0000 -0.0000 -1.0000
vt -0.710953 4.031519
vt -0.710953 -4.031519
vt -0.449267 3.683144
vt -0.449267 -3.683144
vt -0.211790 -3.317837
vt -0.211790 3.317837
vt 0.000387 -2.937278
vt 0.000387 2.937278
vt 0.186289 -2.543216
vt 0.186289 2.543216
vt 0.345060 -2.137461
vt 0.345060 2.137461
vt 0.475971 -1.721881
vt 0.475971 1.721881
vt 0.578420 -1.298385
vt 0.578420 1.298385
vt 0.651937 -0.868921
vt 0.651937 0.868921
vt 0.696182 -0.435461
vt 0.696182 0.435461
vt 0.710953 0.000000
vt 0.000000 0.800000
vt 8.063039 0.800000
vt 0.000000 1.200000
vt 8.063039 1.200000
vt -1.200000 0.000000
vt -0.800000 0.000000
vt -1.200000 0.435795
vt -0.800000 0.435795
vt -1.200000 0.871590
vt -0.800000 0.871590
vt -1.200000 1.307385
vt -0.800000 1.307385
vt -1.200000 1.743181
vt -0.800000 1.743181
vt -1.200000 2.178976
vt -0.800000 2.178976
vt -1.200000 2.614771
vt -0.800000 2.614771
vt -1.200000 3.050566
vt -0.800000 3.050566
vt -1.200000 3.486361
vt -0.800000 3.486361
vt -1.200000 3.922156
vt -0.800000 3.922156
vt -1.200000 4.357952
vt -0.800000 4.357952
vt -1.200000 4.793746
vt -0.800000 4.793746
vt -1.200000 5.229542
vt -0.800000 5.229542
vt -1.200000 5.665337
vt -0.800000 5.665337
vt -1.200000 6.101132
vt -0.800000 6.101132
vt -1.200000 6.536927
vt -0.800000 6.536927
vt -1.200000 6.972723
vt -0.800000 6.972723
vt -1.200000 7.408517
vt -0.800000 7.408517
vt -1.200000 7.844313
vt -0.800000 7.844313
vt -1.200000 8.280107
vt -0.800000 8.280107
vt -1.200000 8.715903
vt -0.800000 8.715903
vt -15.584345 3.574034
vt -15.584345 -4.489005
vt -15.322659 3.225659
vt -15.322659 -4.140629
vt -15.085182 -3.775322
vt -15.085182 2.860352
vt -14.873005 -3.394763
vt -14.873005 2.479793
vt -14.687103 -3.000700
vt -14.687103 2.085730
vt -14.528332 -2.594947
vt -14.528332 1.679976
vt -14.397421 -2.179366
vt -14.397421 1.264396
vt -14.294971 -1.755870
vt -14.294971 0.840900
vt -14.221456 -1.326406
vt -14.221456 0.411435
vt -14.177210 -0.892946
vt -14.177210 -0.022024
vt -14.162439 -0.457485
s 1
usemtl XID_EPX150AirBakedwithCarbonM2M3L13DPrinters_00E749C5D2D948C3A90C80E6474C494C
f 8447/2701/430 8427/2702/430 8446/2703/430
f 8446/2703/430 8427/2702/430 8428/2704/430
f 8446/2703/430 8428/2704/430 8429/2705/430
f 8446/2703/430 8429/2705/430 8445/2706/430
f 8445/2706/430 8429/2705/430 8430/2707/430
f 8445/2706/430 8430/2707/430 8444/2708/430
f 8444/2708/430 8430/2707/430 8431/2709/430
f 8444/2708/430 8431/2709/430 8443/2710/430
f 8443/2710/430 8431/2709/430 8432/2711/430
f 8443/2710/430 8432/2711/430 8442/2712/430
f 8442/2712/430 8432/2711/430 8433/2713/430
f 8442/2712/430 8433/2713/430 8441/2714/430
f 8441/2714/430 8433/2713/430 8434/2715/430
f 8441/2714/430 8434/2715/430 8440/2716/430
f 8440/2716/430 8434/2715/430 8435/2717/430
f 8440/2716/430 8435/2717/430 8439/2718/430
f 8439/2718/430 8435/2717/430 8436/2719/430
f 8439/2718/430 8436/2719/430 8438/2720/430
f 8438/2720/430 8436/2719/430 8437/2721/430
usemtl XID_PowderCoatWhite_C5D3469A115F4360A5203AA407F78E2F
f 8448/2722/431 8449/2723/431 8451/2724/431
f 8451/2724/431 8449/2723/431 8450/2725/431
f 8493/2726/432 8452/2727/432 8492/2728/433
f 8492/2728/433 8452/2727/432 8453/2729/433
f 8492/2728/433 8453/2729/433 8491/2730/434
f 8491/2730/434 8453/2729/433 8454/2731/434
f 8491/2730/434 8454/2731/434 8490/2732/435
f 8490/2732/435 8454/2731/434 8455/2733/435
f 8490/2732/435 8455/2733/435 8489/2734/436
f 8489/2734/436 8455/2733/435 8456/2735/436
f 8489/2734/436 8456/2735/436 8488/2736/437
f 8488/2736/437 8456/2735/436 8457/2737/437
f 8488/2736/437 8457/2737/437 8487/2738/438
f 8487/2738/438 8457/2737/437 8458/2739/438
f 8487/2738/438 8458/2739/438 8486/2740/439
f 8486/2740/439 8458/2739/438 8459/2741/439
f 8486/2740/439 8459/2741/439 8485/2742/440
f 8485/2742/440 8459/2741/439 8460/2743/440
f 8485/2742/440 8460/2743/440 8484/2744/441
f 8484/2744/441 8460/2743/440 8461/2745/441
f 8484/2744/441 8461/2745/441 8483/2746/442
f 8483/2746/442 8461/2745/441 8462/2747/442
f 8483/2746/442 8462/2747/442 8482/2748/443
f 8482/2748/443 8462/2747/442 8463/2749/443
f 8482/2748/443 8463/2749/443 8481/2750/444
f 8481/2750/444 8463/2749/443 8464/2751/444
f 8481/2750/444 8464/2751/444 8480/2752/445
f 8480/2752/445 8464/2751/444 8465/2753/445
f 8480/2752/445 8465/2753/445 8479/2754/446
f 8479/2754/446 8465/2753/445 8466/2755/446
f 8479/2754/446 8466/2755/446 8478/2756/447
f 8478/2756/447 8466/2755/446 8467/2757/447
f 8478/2756/447 8467/2757/447 8477/2758/448
f 8477/2758/448 8467/2757/447 8468/2759/448
f 8477/2758/448 8468/2759/448 8476/2760/449
f 8476/2760/449 8468/2759/448 8469/2761/449
f 8476/2760/449 8469/2761/449 8475/2762/450
f 8475/2762/450 8469/2761/449 8470/2763/450
f 8475/2762/450 8470/2763/450 8474/2764/451
f 8474/2764/451 8470/2763/450 8471/2765/451
f 8474/2764/451 8471/2765/451 8473/2766/452
f 8473/2766/452 8471/2765/451 8472/2767/453
f 8494/2768/454 8495/2769/454 8514/2770/454
f 8514/2770/454 8495/2769/454 8496/2771/454
f 8514/2770/454 8496/2771/454 8497/2772/454
f 8514/2770/454 8497/2772/454 8513/2773/454
f 8513/2773/454 8497/2772/454 8498/2774/454
f 8513/2773/454 8498/2774/454 8512/2775/454
f 8512/2775/454 8498/2774/454 8499/2776/454
f 8512/2775/454 8499/2776/454 8511/2777/454
f 8511/2777/454 8499/2776/454 8500/2778/454
f 8511/2777/454 8500/2778/454 8510/2779/454
f 8510/2779/454 8500/2778/454 8501/2780/454
f 8510/2779/454 8501/2780/454 8509/2781/454
f 8509/2781/454 8501/2780/454 8502/2782/454
f 8509/2781/454 8502/2782/454 8508/2783/454
f 8508/2783/454 8502/2782/454 8503/2784/454
f 8508/2783/454 8503/2784/454 8507/2785/454
f 8507/2785/454 8503/2784/454 8504/2786/454
f 8507/2785/454 8504/2786/454 8506/2787/454
f 8506/2787/454 8504/2786/454 8505/2788/454
o Body11
v -0.063063 0.401394 0.289500
v -0.063063 0.320764 0.289500
v -0.065680 0.324248 0.289500
v -0.068055 0.327901 0.289500
v -0.070177 0.331707 0.289500
v -0.072036 0.335647 0.289500
v -0.073623 0.339705 0.289500
v -0.074933 0.343861 0.289500
v -0.075957 0.348095 0.289500
v -0.076692 0.352390 0.289500
v -0.077135 0.356725 0.289500
v -0.077282 0.361079 0.289500
v -0.077135 0.365434 0.289500
v -0.076692 0.369769 0.289500
v -0.075957 0.374063 0.289500
v -0.074933 0.378298 0.289500
v -0.073623 0.382454 0.289500
v -0.072036 0.386511 0.289500
v -0.070177 0.390452 0.289500
v -0.068055 0.394258 0.289500
v -0.065680 0.397911 0.289500
v -0.063063 0.401394 0.289500
v -0.065680 0.397911 0.289500
v -0.068055 0.394258 0.289500
v -0.070177 0.390452 0.289500
v -0.072036 0.386511 0.289500
v -0.073623 0.382454 0.289500
v -0.074933 0.378298 0.289500
v -0.075957 0.374063 0.289500
v -0.076692 0.369769 0.289500
v -0.077135 0.365434 0.289500
v -0.077282 0.361079 0.289500
v -0.077135 0.356725 0.289500
v -0.076692 0.352390 0.289500
v -0.075957 0.348095 0.289500
v -0.074933 0.343861 0.289500
v -0.073623 0.339705 0.289500
v -0.072036 0.335647 0.289500
v -0.070177 0.331707 0.289500
v -0.068055 0.327901 0.289500
v -0.065680 0.324248 0.289500
v -0.063063 0.320764 0.289500
v -0.063063 0.320764 0.293500
v -0.065680 0.324248 0.293500
v -0.068055 0.327901 0.293500
v -0.070177 0.331707 0.293500
v -0.072036 0.335647 0.293500
v -0.073623 0.339705 0.293500
v -0.074933 0.343861 0.293500
v -0.075957 0.348095 0.293500
v -0.076692 0.352390 0.293500
v -0.077135 0.356725 0.293500
v -0.077282 0.361079 0.293500
v -0.077135 0.365434 0.293500
v -0.076692 0.369769 0.293500
v -0.075957 0.374063 0.293500
v -0.074933 0.378298 0.293500
v -0.073623 0.382454 0.293500
v -0.072036 0.386511 0.293500
v -0.070177 0.390452 0.293500
v -0.068055 0.394258 0.293500
v -0.065680 0.397911 0.293500
v -0.063063 0.401394 0.293500
v -0.063063 0.320764 0.289500
v -0.063063 0.401394 0.289500
v -0.063063 0.401394 0.293500
v -0.063063 0.320764 0.293500
v -0.063063 0.401394 0.293500
v -0.065680 0.397911 0.293500
v -0.068055 0.394258 0.293500
v -0.070177 0.390452 0.293500
v -0.072036 0.386511 0.293500
v -0.073623 0.382454 0.293500
v -0.074933 0.378298 0.293500
v -0.075957 0.374063 0.293500
v -0.076692 0.369769 0.293500
v -0.077135 0.365434 0.293500
v -0.077282 0.361079 0.293500
v -0.077135 0.356725 0.293500
v -0.076692 0.352390 0.293500
v -0.075957 0.348095 0.293500
v -0.074933 0.343861 0.293500
v -0.073623 0.339705 0.293500
v -0.072036 0.335647 0.293500
v -0.070177 0.331707 0.293500
v -0.068055 0.327901 0.293500
v -0.065680 0.324248 0.293500
v -0.063063 0.320764 0.293500
vn -0.0000 -0.0000 -1.0000
vn -0.7787 0.6273 -0.0000
vn -0.8195 0.5731 -0.0000
vn -0.8564 0.5163 -0.0000
vn -0.8894 0.4571 -0.0000
vn -0.9184 0.3958 -0.0000
vn -0.9431 0.3326 -0.0000
vn -0.9634 0.2679 -0.0000
vn -0.9794 0.2020 -0.0000
vn -0.9908 0.1352 -0.0000
vn -0.9977 0.0678 -0.0000
vn -1.0000 -0.0000 -0.0000
vn -0.9977 -0.0678 -0.0000
vn -0.9908 -0.1352 -0.0000
vn -0.9794 -0.2020 -0.0000
vn -0.9634 -0.2679 -0.0000
vn -0.9431 -0.3326 -0.0000
vn -0.9184 -0.3958 -0.0000
vn -0.8894 -0.4571 -0.0000
vn -0.8564 -0.5163 -0.0000
vn -0.8195 -0.5731 -0.0000
vn -0.7787 -0.6273 -0.0000
vn 1.0000 -0.0000 -0.0000
vn -0.0000 -0.0000 1.0000
vt -15.584345 3.907367
vt -15.584345 -4.155671
vt -15.322659 3.558993
vt -15.322659 -3.807296
vt -15.085182 -3.441989
vt -15.085182 3.193686
vt -14.873005 -3.061430
vt -14.873005 2.813126
vt -14.687103 -2.667367
vt -14.687103 2.419064
vt -14.528332 -2.261613
vt -14.528332 2.013310
vt -14.397421 -1.846033
vt -14.397421 1.597729
vt -14.294971 -1.422537
vt -14.294971 1.174234
vt -14.221456 -0.993072
vt -14.221456 0.744769
vt -14.177210 -0.559613
vt -14.177210 0.311309
vt -14.162439 -0.124152
vt -1.200000 0.000000
vt -0.800000 0.000000
vt -1.200000 0.435795
vt -0.800000 0.435795
vt -1.200000 0.871590
vt -0.800000 0.871590
vt -1.200000 1.307385
vt -0.800000 1.307385
vt -1.200000 1.743181
vt -0.800000 1.743181
vt -1.200000 2.178976
vt -0.800000 2.178976
vt -1.200000 2.614771
vt -0.800000 2.614771
vt -1.200000 3.050566
vt -0.800000 3.050566
vt -1.200000 3.486361
vt -0.800000 3.486361
vt -1.200000 3.922156
vt -0.800000 3.922156
vt -1.200000 4.357952
vt -0.800000 4.357952
vt -1.200000 4.793746
vt -0.800000 4.793746
vt -1.200000 5.229542
vt -0.800000 5.229542
vt -1.200000 5.665337
vt -0.800000 5.665337
vt -1.200000 6.101132
vt -0.800000 6.101132
vt -1.200000 6.536927
vt -0.800000 6.536927
vt -1.200000 6.972723
vt -0.800000 6.972723
vt -1.200000 7.408517
vt -0.800000 7.408517
vt -1.200000 7.844313
vt -0.800000 7.844313
vt -1.200000 8.280107
vt -0.800000 8.280107
vt -1.200000 8.715903
vt -0.800000 8.715903
vt 0.000000 0.800000
vt 8.063039 0.800000
vt 0.000000 1.200000
vt 8.063039 1.200000
vt -0.710953 4.031519
vt -0.710953 -4.031519
vt -0.449267 3.683144
vt -0.449267 -3.683144
vt -0.211790 -3.317837
vt -0.211790 3.317837
vt 0.000387 -2.937278
vt 0.000387 2.937278
vt 0.186289 -2.543216
vt 0.186289 2.543216
vt 0.345060 -2.137461
vt 0.345060 2.137461
vt 0.475971 -1.721881
vt 0.475971 1.721881
vt 0.578420 -1.298385
vt 0.578420 1.298385
vt 0.651937 -0.868921
vt 0.651937 0.868921
vt 0.696182 -0.435461
vt 0.696182 0.435461
vt 0.710953 0.000000
s 1
usemtl XID_EPX150AirBakedwithCarbonM2M3L13DPrinters_00E749C5D2D948C3A90C80E6474C494C
f 8602/2856/478 8582/2857/478 8601/2858/478
f 8601/2858/478 8582/2857/478 8583/2859/478
f 8601/2858/478 8583/2859/478 8584/2860/478
f 8601/2858/478 8584/2860/478 8600/2861/478
f 8600/2861/478 8584/2860/478 8585/2862/478
f 8600/2861/478 8585/2862/478 8599/2863/478
f 8599/2863/478 8585/2862/478 8586/2864/478
f 8599/2863/478 8586/2864/478 8598/2865/478
f 8598/2865/478 8586/2864/478 8587/2866/478
f 8598/2865/478 8587/2866/478 8597/2867/478
f 8597/2867/478 8587/2866/478 8588/2868/478
f 8597/2867/478 8588/2868/478 8596/2869/478
f 8596/2869/478 8588/2868/478 8589/2870/478
f 8596/2869/478 8589/2870/478 8595/2871/478
f 8595/2871/478 8589/2870/478 8590/2872/478
f 8595/2871/478 8590/2872/478 8594/2873/478
f 8594/2873/478 8590/2872/478 8591/2874/478
f 8594/2873/478 8591/2874/478 8593/2875/478
f 8593/2875/478 8591/2874/478 8592/2876/478
usemtl XID_PowderCoatWhite_C5D3469A115F4360A5203AA407F78E2F
f 8515/2789/455 8516/2790/455 8535/2791/455
f 8535/2791/455 8516/2790/455 8517/2792/455
f 8535/2791/455 8517/2792/455 8518/2793/455
f 8535/2791/455 8518/2793/455 8534/2794/455
f 8534/2794/455 8518/2793/455 8519/2795/455
f 8534/2794/455 8519/2795/455 8533/2796/455
f 8533/2796/455 8519/2795/455 8520/2797/455
f 8533/2796/455 8520/2797/455 8532/2798/455
f 8532/2798/455 8520/2797/455 8521/2799/455
f 8532/2798/455 8521/2799/455 8531/2800/455
f 8531/2800/455 8521/2799/455 8522/2801/455
f 8531/2800/455 8522/2801/455 8530/2802/455
f 8530/2802/455 8522/2801/455 8523/2803/455
f 8530/2802/455 8523/2803/455 8529/2804/455
f 8529/2804/455 8523/2803/455 8524/2805/455
f 8529/2804/455 8524/2805/455 8528/2806/455
f 8528/2806/455 8524/2805/455 8525/2807/455
f 8528/2806/455 8525/2807/455 8527/2808/455
f 8527/2808/455 8525/2807/455 8526/2809/455
f 8577/2810/456 8536/2811/456 8576/2812/457
f 8576/2812/457 8536/2811/456 8537/2813/457
f 8576/2812/457 8537/2813/457 8575/2814/458
f 8575/2814/458 8537/2813/457 8538/2815/458
f 8575/2814/458 8538/2815/458 8574/2816/459
f 8574/2816/459 8538/2815/458 8539/2817/459
f 8574/2816/459 8539/2817/459 8573/2818/460
f 8573/2818/460 8539/2817/459 8540/2819/460
f 8573/2818/460 8540/2819/460 8572/2820/461
f 8572/2820/461 8540/2819/460 8541/2821/461
f 8572/2820/461 8541/2821/461 8571/2822/462
f 8571/2822/462 8541/2821/461 8542/2823/462
f 8571/2822/462 8542/2823/462 8570/2824/463
f 8570/2824/463 8542/2823/462 8543/2825/463
f 8570/2824/463 8543/2825/463 8569/2826/464
f 8569/2826/464 8543/2825/463 8544/2827/464
f 8569/2826/464 8544/2827/464 8568/2828/465
f 8568/2828/465 8544/2827/464 8545/2829/465
f 8568/2828/465 8545/2829/465 8567/2830/466
f 8567/2830/466 8545/2829/465 8546/2831/466
f 8567/2830/466 8546/2831/466 8566/2832/467
f 8566/2832/467 8546/2831/466 8547/2833/467
f 8566/2832/467 8547/2833/467 8565/2834/468
f 8565/2834/468 8547/2833/467 8548/2835/468
f 8565/2834/468 8548/2835/468 8564/2836/469
f 8564/2836/469 8548/2835/468 8549/2837/469
f 8564/2836/469 8549/2837/469 8563/2838/470
f 8563/2838/470 8549/2837/469 8550/2839/470
f 8563/2838/470 8550/2839/470 8562/2840/471
f 8562/2840/471 8550/2839/470 8551/2841/471
f 8562/2840/471 8551/2841/471 8561/2842/472
f 8561/2842/472 8551/2841/471 8552/2843/472
f 8561/2842/472 8552/2843/472 8560/2844/473
f 8560/2844/473 8552/2843/472 8553/2845/473
f 8560/2844/473 8553/2845/473 8559/2846/474
f 8559/2846/474 8553/2845/473 8554/2847/474
f 8559/2846/474 8554/2847/474 8558/2848/475
f 8558/2848/475 8554/2847/474 8555/2849/475
f 8558/2848/475 8555/2849/475 8557/2850/476
f 8557/2850/476 8555/2849/475 8556/2851/476
f 8578/2852/477 8579/2853/477 8581/2854/477
f 8581/2854/477 8579/2853/477 8580/2855/477
o Body12
v -0.063063 1.608395 0.293500
v -0.065680 1.604911 0.293500
v -0.068055 1.601258 0.293500
v -0.070177 1.597452 0.293500
v -0.072036 1.593512 0.293500
v -0.073623 1.589454 0.293500
v -0.074933 1.585298 0.293500
v -0.075957 1.581063 0.293500
v -0.076692 1.576769 0.293500
v -0.077135 1.572434 0.293500
v -0.077282 1.568079 0.293500
v -0.077135 1.563725 0.293500
v -0.076692 1.559390 0.293500
v -0.075957 1.555095 0.293500
v -0.074933 1.550861 0.293500
v -0.073623 1.546705 0.293500
v -0.072036 1.542647 0.293500
v -0.070177 1.538707 0.293500
v -0.068055 1.534901 0.293500
v -0.065680 1.531248 0.293500
v -0.063063 1.527764 0.293500
v -0.063063 1.527764 0.289500
v -0.063063 1.608395 0.289500
v -0.063063 1.608395 0.293500
v -0.063063 1.527764 0.293500
v -0.063063 1.608395 0.289500
v -0.065680 1.604911 0.289500
v -0.068055 1.601258 0.289500
v -0.070177 1.597452 0.289500
v -0.072036 1.593512 0.289500
v -0.073623 1.589454 0.289500
v -0.074933 1.585298 0.289500
v -0.075957 1.581063 0.289500
v -0.076692 1.576769 0.289500
v -0.077135 1.572434 0.289500
v -0.077282 1.568079 0.289500
v -0.077135 1.563725 0.289500
v -0.076692 1.559390 0.289500
v -0.075957 1.555095 0.289500
v -0.074933 1.550861 0.289500
v -0.073623 1.546705 0.289500
v -0.072036 1.542647 0.289500
v -0.070177 1.538707 0.289500
v -0.068055 1.534901 0.289500
v -0.065680 1.531248 0.289500
v -0.063063 1.527764 0.289500
v -0.063063 1.527764 0.293500
v -0.065680 1.531248 0.293500
v -0.068055 1.534901 0.293500
v -0.070177 1.538707 0.293500
v -0.072036 1.542647 0.293500
v -0.073623 1.546705 0.293500
v -0.074933 1.550861 0.293500
v -0.075957 1.555095 0.293500
v -0.076692 1.559390 0.293500
v -0.077135 1.563725 0.293500
v -0.077282 1.568079 0.293500
v -0.077135 1.572434 0.293500
v -0.076692 1.576769 0.293500
v -0.075957 1.581063 0.293500
v -0.074933 1.585298 0.293500
v -0.073623 1.589454 0.293500
v -0.072036 1.593512 0.293500
v -0.070177 1.597452 0.293500
v -0.068055 1.601258 0.293500
v -0.065680 1.604911 0.293500
v -0.063063 1.608395 0.293500
v -0.063063 1.608395 0.289500
v -0.063063 1.527764 0.289500
v -0.065680 1.531248 0.289500
v -0.068055 1.534901 0.289500
v -0.070177 1.538707 0.289500
v -0.072036 1.542647 0.289500
v -0.073623 1.546705 0.289500
v -0.074933 1.550861 0.289500
v -0.075957 1.555095 0.289500
v -0.076692 1.559390 0.289500
v -0.077135 1.563725 0.289500
v -0.077282 1.568079 0.289500
v -0.077135 1.572434 0.289500
v -0.076692 1.576769 0.289500
v -0.075957 1.581063 0.289500
v -0.074933 1.585298 0.289500
v -0.073623 1.589454 0.289500
v -0.072036 1.593512 0.289500
v -0.070177 1.597452 0.289500
v -0.068055 1.601258 0.289500
v -0.065680 1.604911 0.289500
vn -0.0000 -0.0000 1.0000
vn 1.0000 -0.0000 -0.0000
vn -0.7787 0.6274 -0.0000
vn -0.7787 0.6273 -0.0000
vn -0.8195 0.5731 -0.0000
vn -0.8194 0.5732 -0.0000
vn -0.8564 0.5163 -0.0000
vn -0.8894 0.4571 -0.0000
vn -0.9184 0.3958 -0.0000
vn -0.9184 0.3957 -0.0000
vn -0.9431 0.3326 -0.0000
vn -0.9634 0.2679 -0.0000
vn -0.9794 0.2020 -0.0000
vn -0.9908 0.1352 -0.0000
vn -0.9977 0.0678 -0.0000
vn -1.0000 -0.0000 -0.0000
vn -0.9977 -0.0678 -0.0000
vn -0.9908 -0.1352 -0.0000
vn -0.9794 -0.2020 -0.0000
vn -0.9634 -0.2680 -0.0000
vn -0.9431 -0.3326 -0.0000
vn -0.9184 -0.3958 -0.0000
vn -0.8894 -0.4571 -0.0000
vn -0.8564 -0.5163 -0.0000
vn -0.8195 -0.5731 -0.0000
vn -0.8194 -0.5732 -0.0000
vn -0.7787 -0.6273 -0.0000
vn -0.7787 -0.6274 -0.0000
vn -0.0000 -0.0000 -1.0000
vt -0.710953 4.031519
vt -0.710953 -4.031519
vt -0.449267 3.683144
vt -0.449267 -3.683144
vt -0.211790 -3.317837
vt -0.211790 3.317837
vt 0.000387 -2.937278
vt 0.000387 2.937278
vt 0.186289 -2.543216
vt 0.186289 2.543216
vt 0.345060 -2.137461
vt 0.345060 2.137461
vt 0.475971 -1.721881
vt 0.475971 1.721881
vt 0.578420 -1.298385
vt 0.578420 1.298385
vt 0.651937 -0.868921
vt 0.651937 0.868921
vt 0.696182 -0.435461
vt 0.696182 0.435461
vt 0.710953 0.000000
vt 0.000000 0.800000
vt 8.063039 0.800000
vt 0.000000 1.200000
vt 8.063039 1.200000
vt -1.200000 0.000000
vt -0.800000 0.000000
vt -1.200000 0.435795
vt -0.800000 0.435795
vt -1.200000 0.871590
vt -0.800000 0.871590
vt -1.200000 1.307385
vt -0.800000 1.307385
vt -1.200000 1.743181
vt -0.800000 1.743181
vt -1.200000 2.178976
vt -0.800000 2.178976
vt -1.200000 2.614771
vt -0.800000 2.614771
vt -1.200000 3.050566
vt -0.800000 3.050566
vt -1.200000 3.486361
vt -0.800000 3.486361
vt -1.200000 3.922156
vt -0.800000 3.922156
vt -1.200000 4.357952
vt -0.800000 4.357952
vt -1.200000 4.793746
vt -0.800000 4.793746
vt -1.200000 5.229542
vt -0.800000 5.229542
vt -1.200000 5.665337
vt -0.800000 5.665337
vt -1.200000 6.101132
vt -0.800000 6.101132
vt -1.200000 6.536927
vt -0.800000 6.536927
vt -1.200000 6.972723
vt -0.800000 6.972723
vt -1.200000 7.408517
vt -0.800000 7.408517
vt -1.200000 7.844313
vt -0.800000 7.844313
vt -1.200000 8.280107
vt -0.800000 8.280107
vt -1.200000 8.715903
vt -0.800000 8.715903
vt -15.584345 3.407367
vt -15.584345 -4.655671
vt -15.322659 3.058993
vt -15.322659 -4.307296
vt -15.085182 -3.941989
vt -15.085182 2.693686
vt -14.873005 -3.561430
vt -14.873005 2.313126
vt -14.687103 -3.167367
vt -14.687103 1.919064
vt -14.528332 -2.761613
vt -14.528332 1.513310
vt -14.397421 -2.346033
vt -14.397421 1.097729
vt -14.294971 -1.922537
vt -14.294971 0.674233
vt -14.221456 -1.493072
vt -14.221456 0.244769
vt -14.177210 -1.059613
vt -14.177210 -0.188691
vt -14.162439 -0.624152
s 1
usemtl XID_EPX150AirBakedwithCarbonM2M3L13DPrinters_00E749C5D2D948C3A90C80E6474C494C
f 8623/2877/479 8603/2878/479 8622/2879/479
f 8622/2879/479 8603/2878/479 8604/2880/479
f 8622/2879/479 8604/2880/479 8605/2881/479
f 8622/2879/479 8605/2881/479 8621/2882/479
f 8621/2882/479 8605/2881/479 8606/2883/479
f 8621/2882/479 8606/2883/479 8620/2884/479
f 8620/2884/479 8606/2883/479 8607/2885/479
f 8620/2884/479 8607/2885/479 8619/2886/479
f 8619/2886/479 8607/2885/479 8608/2887/479
f 8619/2886/479 8608/2887/479 8618/2888/479
f 8618/2888/479 8608/2887/479 8609/2889/479
f 8618/2888/479 8609/2889/479 8617/2890/479
f 8617/2890/479 8609/2889/479 8610/2891/479
f 8617/2890/479 8610/2891/479 8616/2892/479
f 8616/2892/479 8610/2891/479 8611/2893/479
f 8616/2892/479 8611/2893/479 8615/2894/479
f 8615/2894/479 8611/2893/479 8612/2895/479
f 8615/2894/479 8612/2895/479 8614/2896/479
f 8614/2896/479 8612/2895/479 8613/2897/479
usemtl XID_PowderCoatWhite_C5D3469A115F4360A5203AA407F78E2F
f 8624/2898/480 8625/2899/480 8627/2900/480
f 8627/2900/480 8625/2899/480 8626/2901/480
f 8669/2902/481 8628/2903/482 8668/2904/483
f 8668/2904/483 8628/2903/482 8629/2905/484
f 8668/2904/483 8629/2905/484 8667/2906/485
f 8667/2906/485 8629/2905/484 8630/2907/485
f 8667/2906/485 8630/2907/485 8666/2908/486
f 8666/2908/486 8630/2907/485 8631/2909/486
f 8666/2908/486 8631/2909/486 8665/2910/487
f 8665/2910/487 8631/2909/486 8632/2911/488
f 8665/2910/487 8632/2911/488 8664/2912/489
f 8664/2912/489 8632/2911/488 8633/2913/489
f 8664/2912/489 8633/2913/489 8663/2914/490
f 8663/2914/490 8633/2913/489 8634/2915/490
f 8663/2914/490 8634/2915/490 8662/2916/491
f 8662/2916/491 8634/2915/490 8635/2917/491
f 8662/2916/491 8635/2917/491 8661/2918/492
f 8661/2918/492 8635/2917/491 8636/2919/492
f 8661/2918/492 8636/2919/492 8660/2920/493
f 8660/2920/493 8636/2919/492 8637/2921/493
f 8660/2920/493 8637/2921/493 8659/2922/494
f 8659/2922/494 8637/2921/493 8638/2923/494
f 8659/2922/494 8638/2923/494 8658/2924/495
f 8658/2924/495 8638/2923/494 8639/2925/495
f 8658/2924/495 8639/2925/495 8657/2926/496
f 8657/2926/496 8639/2925/495 8640/2927/496
f 8657/2926/496 8640/2927/496 8656/2928/497
f 8656/2928/497 8640/2927/496 8641/2929/497
f 8656/2928/497 8641/2929/497 8655/2930/498
f 8655/2930/498 8641/2929/497 8642/2931/498
f 8655/2930/498 8642/2931/498 8654/2932/499
f 8654/2932/499 8642/2931/498 8643/2933/499
f 8654/2932/499 8643/2933/499 8653/2934/500
f 8653/2934/500 8643/2933/499 8644/2935/500
f 8653/2934/500 8644/2935/500 8652/2936/501
f 8652/2936/501 8644/2935/500 8645/2937/501
f 8652/2936/501 8645/2937/501 8651/2938/502
f 8651/2938/502 8645/2937/501 8646/2939/502
f 8651/2938/502 8646/2939/502 8650/2940/503
f 8650/2940/503 8646/2939/502 8647/2941/504
f 8650/2940/503 8647/2941/504 8649/2942/505
f 8649/2942/505 8647/2941/504 8648/2943/506
f 8670/2944/507 8671/2945/507 8690/2946/507
f 8690/2946/507 8671/2945/507 8672/2947/507
f 8690/2946/507 8672/2947/507 8673/2948/507
f 8690/2946/507 8673/2948/507 8689/2949/507
f 8689/2949/507 8673/2948/507 8674/2950/507
f 8689/2949/507 8674/2950/507 8688/2951/507
f 8688/2951/507 8674/2950/507 8675/2952/507
f 8688/2951/507 8675/2952/507 8687/2953/507
f 8687/2953/507 8675/2952/507 8676/2954/507
f 8687/2953/507 8676/2954/507 8686/2955/507
f 8686/2955/507 8676/2954/507 8677/2956/507
f 8686/2955/507 8677/2956/507 8685/2957/507
f 8685/2957/507 8677/2956/507 8678/2958/507
f 8685/2957/507 8678/2958/507 8684/2959/507
f 8684/2959/507 8678/2958/507 8679/2960/507
f 8684/2959/507 8679/2960/507 8683/2961/507
f 8683/2961/507 8679/2960/507 8680/2962/507
f 8683/2961/507 8680/2962/507 8682/2963/507
f 8682/2963/507 8680/2962/507 8681/2964/507
o Body2
v 0.376937 1.608395 0.293500
v 0.374320 1.604911 0.293500
v 0.371945 1.601258 0.293500
v 0.369823 1.597452 0.293500
v 0.367964 1.593512 0.293500
v 0.366377 1.589454 0.293500
v 0.365068 1.585298 0.293500
v 0.364043 1.581063 0.293500
v 0.363308 1.576769 0.293500
v 0.362865 1.572434 0.293500
v 0.362718 1.568079 0.293500
v 0.362865 1.563725 0.293500
v 0.363308 1.559390 0.293500
v 0.364043 1.555095 0.293500
v 0.365068 1.550861 0.293500
v 0.366377 1.546705 0.293500
v 0.367964 1.542647 0.293500
v 0.369823 1.538707 0.293500
v 0.371945 1.534901 0.293500
v 0.374320 1.531248 0.293500
v 0.376937 1.527764 0.293500
v 0.376937 1.527764 0.289500
v 0.376937 1.608395 0.289500
v 0.376937 1.608395 0.293500
v 0.376937 1.527764 0.293500
v 0.376937 1.608395 0.289500
v 0.374320 1.604911 0.289500
v 0.371945 1.601258 0.289500
v 0.369823 1.597452 0.289500
v 0.367964 1.593512 0.289500
v 0.366377 1.589454 0.289500
v 0.365068 1.585298 0.289500
v 0.364043 1.581063 0.289500
v 0.363308 1.576769 0.289500
v 0.362865 1.572434 0.289500
v 0.362718 1.568079 0.289500
v 0.362865 1.563725 0.289500
v 0.363308 1.559390 0.289500
v 0.364043 1.555095 0.289500
v 0.365068 1.550861 0.289500
v 0.366377 1.546705 0.289500
v 0.367964 1.542647 0.289500
v 0.369823 1.538707 0.289500
v 0.371945 1.534901 0.289500
v 0.374320 1.531248 0.289500
v 0.376937 1.527764 0.289500
v 0.376937 1.527764 0.293500
v 0.374320 1.531248 0.293500
v 0.371945 1.534901 0.293500
v 0.369823 1.538707 0.293500
v 0.367964 1.542647 0.293500
v 0.366377 1.546705 0.293500
v 0.365068 1.550861 0.293500
v 0.364043 1.555095 0.293500
v 0.363308 1.559390 0.293500
v 0.362865 1.563725 0.293500
v 0.362718 1.568079 0.293500
v 0.362865 1.572434 0.293500
v 0.363308 1.576769 0.293500
v 0.364043 1.581063 0.293500
v 0.365068 1.585298 0.293500
v 0.366377 1.589454 0.293500
v 0.367964 1.593512 0.293500
v 0.369823 1.597452 0.293500
v 0.371945 1.601258 0.293500
v 0.374320 1.604911 0.293500
v 0.376937 1.608395 0.293500
v 0.376937 1.608395 0.289500
v 0.376937 1.527764 0.289500
v 0.374320 1.531248 0.289500
v 0.371945 1.534901 0.289500
v 0.369823 1.538707 0.289500
v 0.367964 1.542647 0.289500
v 0.366377 1.546705 0.289500
v 0.365068 1.550861 0.289500
v 0.364043 1.555095 0.289500
v 0.363308 1.559390 0.289500
v 0.362865 1.563725 0.289500
v 0.362718 1.568079 0.289500
v 0.362865 1.572434 0.289500
v 0.363308 1.576769 0.289500
v 0.364043 1.581063 0.289500
v 0.365068 1.585298 0.289500
v 0.366377 1.589454 0.289500
v 0.367964 1.593512 0.289500
v 0.369823 1.597452 0.289500
v 0.371945 1.601258 0.289500
v 0.374320 1.604911 0.289500
vn -0.0000 -0.0000 1.0000
vn 1.0000 -0.0000 -0.0000
vn -0.7787 0.6274 -0.0000
vn -0.7787 0.6273 -0.0000
vn -0.8195 0.5731 -0.0000
vn -0.8194 0.5732 -0.0000
vn -0.8564 0.5163 -0.0000
vn -0.8894 0.4571 -0.0000
vn -0.9184 0.3958 -0.0000
vn -0.9184 0.3957 -0.0000
vn -0.9431 0.3326 -0.0000
vn -0.9634 0.2679 -0.0000
vn -0.9794 0.2020 -0.0000
vn -0.9908 0.1352 -0.0000
vn -0.9977 0.0678 -0.0000
vn -1.0000 -0.0000 -0.0000
vn -0.9977 -0.0678 -0.0000
vn -0.9908 -0.1352 -0.0000
vn -0.9794 -0.2020 -0.0000
vn -0.9634 -0.2680 -0.0000
vn -0.9431 -0.3326 -0.0000
vn -0.9184 -0.3958 -0.0000
vn -0.8894 -0.4571 -0.0000
vn -0.8564 -0.5163 -0.0000
vn -0.8195 -0.5731 -0.0000
vn -0.8194 -0.5732 -0.0000
vn -0.7787 -0.6273 -0.0000
vn -0.7787 -0.6274 -0.0000
vn -0.0000 -0.0000 -1.0000
vt -0.710953 4.031519
vt -0.710953 -4.031519
vt -0.449267 3.683144
vt -0.449267 -3.683144
vt -0.211790 -3.317837
vt -0.211790 3.317837
vt 0.000387 -2.937278
vt 0.000387 2.937278
vt 0.186289 -2.543216
vt 0.186289 2.543216
vt 0.345060 -2.137461
vt 0.345060 2.137461
vt 0.475971 -1.721881
vt 0.475971 1.721881
vt 0.578420 -1.298385
vt 0.578420 1.298385
vt 0.651937 -0.868921
vt 0.651937 0.868921
vt 0.696182 -0.435461
vt 0.696182 0.435461
vt 0.710953 0.000000
vt 0.000000 0.800000
vt 8.063039 0.800000
vt 0.000000 1.200000
vt 8.063039 1.200000
vt -1.200000 0.000000
vt -0.800000 0.000000
vt -1.200000 0.435795
vt -0.800000 0.435795
vt -1.200000 0.871590
vt -0.800000 0.871590
vt -1.200000 1.307385
vt -0.800000 1.307385
vt -1.200000 1.743181
vt -0.800000 1.743181
vt -1.200000 2.178976
vt -0.800000 2.178976
vt -1.200000 2.614771
vt -0.800000 2.614771
vt -1.200000 3.050566
vt -0.800000 3.050566
vt -1.200000 3.486361
vt -0.800000 3.486361
vt -1.200000 3.922156
vt -0.800000 3.922156
vt -1.200000 4.357952
vt -0.800000 4.357952
vt -1.200000 4.793746
vt -0.800000 4.793746
vt -1.200000 5.229542
vt -0.800000 5.229542
vt -1.200000 5.665337
vt -0.800000 5.665337
vt -1.200000 6.101132
vt -0.800000 6.101132
vt -1.200000 6.536927
vt -0.800000 6.536927
vt -1.200000 6.972723
vt -0.800000 6.972723
vt -1.200000 7.408517
vt -0.800000 7.408517
vt -1.200000 7.844313
vt -0.800000 7.844313
vt -1.200000 8.280107
vt -0.800000 8.280107
vt -1.200000 8.715903
vt -0.800000 8.715903
vt -15.784346 3.407367
vt -15.784346 -4.655671
vt -15.522659 3.058993
vt -15.522659 -4.307296
vt -15.285182 -3.941989
vt -15.285182 2.693686
vt -15.073005 -3.561430
vt -15.073005 2.313126
vt -14.887103 -3.167367
vt -14.887103 1.919064
vt -14.728333 -2.761613
vt -14.728333 1.513310
vt -14.597421 -2.346033
vt -14.597421 1.097729
vt -14.494971 -1.922537
vt -14.494971 0.674233
vt -14.421455 -1.493072
vt -14.421455 0.244769
vt -14.377210 -1.059613
vt -14.377210 -0.188691
vt -14.362439 -0.624152
s 1
usemtl XID_EPX150AirBakedwithCarbonM2M3L13DPrinters_00E749C5D2D948C3A90C80E6474C494C
f 8711/2965/508 8691/2966/508 8710/2967/508
f 8710/2967/508 8691/2966/508 8692/2968/508
f 8710/2967/508 8692/2968/508 8693/2969/508
f 8710/2967/508 8693/2969/508 8709/2970/508
f 8709/2970/508 8693/2969/508 8694/2971/508
f 8709/2970/508 8694/2971/508 8708/2972/508
f 8708/2972/508 8694/2971/508 8695/2973/508
f 8708/2972/508 8695/2973/508 8707/2974/508
f 8707/2974/508 8695/2973/508 8696/2975/508
f 8707/2974/508 8696/2975/508 8706/2976/508
f 8706/2976/508 8696/2975/508 8697/2977/508
f 8706/2976/508 8697/2977/508 8705/2978/508
f 8705/2978/508 8697/2977/508 8698/2979/508
f 8705/2978/508 8698/2979/508 8704/2980/508
f 8704/2980/508 8698/2979/508 8699/2981/508
f 8704/2980/508 8699/2981/508 8703/2982/508
f 8703/2982/508 8699/2981/508 8700/2983/508
f 8703/2982/508 8700/2983/508 8702/2984/508
f 8702/2984/508 8700/2983/508 8701/2985/508
usemtl XID_PowderCoatWhite_C5D3469A115F4360A5203AA407F78E2F
f 8712/2986/509 8713/2987/509 8715/2988/509
f 8715/2988/509 8713/2987/509 8714/2989/509
f 8757/2990/510 8716/2991/511 8756/2992/512
f 8756/2992/512 8716/2991/511 8717/2993/513
f 8756/2992/512 8717/2993/513 8755/2994/514
f 8755/2994/514 8717/2993/513 8718/2995/514
f 8755/2994/514 8718/2995/514 8754/2996/515
f 8754/2996/515 8718/2995/514 8719/2997/515
f 8754/2996/515 8719/2997/515 8753/2998/516
f 8753/2998/516 8719/2997/515 8720/2999/517
f 8753/2998/516 8720/2999/517 8752/3000/518
f 8752/3000/518 8720/2999/517 8721/3001/518
f 8752/3000/518 8721/3001/518 8751/3002/519
f 8751/3002/519 8721/3001/518 8722/3003/519
f 8751/3002/519 8722/3003/519 8750/3004/520
f 8750/3004/520 8722/3003/519 8723/3005/520
f 8750/3004/520 8723/3005/520 8749/3006/521
f 8749/3006/521 8723/3005/520 8724/3007/521
f 8749/3006/521 8724/3007/521 8748/3008/522
f 8748/3008/522 8724/3007/521 8725/3009/522
f 8748/3008/522 8725/3009/522 8747/3010/523
f 8747/3010/523 8725/3009/522 8726/3011/523
f 8747/3010/523 8726/3011/523 8746/3012/524
f 8746/3012/524 8726/3011/523 8727/3013/524
f 8746/3012/524 8727/3013/524 8745/3014/525
f 8745/3014/525 8727/3013/524 8728/3015/525
f 8745/3014/525 8728/3015/525 8744/3016/526
f 8744/3016/526 8728/3015/525 8729/3017/526
f 8744/3016/526 8729/3017/526 8743/3018/527
f 8743/3018/527 8729/3017/526 8730/3019/527
f 8743/3018/527 8730/3019/527 8742/3020/528
f 8742/3020/528 8730/3019/527 8731/3021/528
f 8742/3020/528 8731/3021/528 8741/3022/529
f 8741/3022/529 8731/3021/528 8732/3023/529
f 8741/3022/529 8732/3023/529 8740/3024/530
f 8740/3024/530 8732/3023/529 8733/3025/530
f 8740/3024/530 8733/3025/530 8739/3026/531
f 8739/3026/531 8733/3025/530 8734/3027/531
f 8739/3026/531 8734/3027/531 8738/3028/532
f 8738/3028/532 8734/3027/531 8735/3029/533
f 8738/3028/532 8735/3029/533 8737/3030/534
f 8737/3030/534 8735/3029/533 8736/3031/535
f 8758/3032/536 8759/3033/536 8778/3034/536
f 8778/3034/536 8759/3033/536 8760/3035/536
f 8778/3034/536 8760/3035/536 8761/3036/536
f 8778/3034/536 8761/3036/536 8777/3037/536
f 8777/3037/536 8761/3036/536 8762/3038/536
f 8777/3037/536 8762/3038/536 8776/3039/536
f 8776/3039/536 8762/3038/536 8763/3040/536
f 8776/3039/536 8763/3040/536 8775/3041/536
f 8775/3041/536 8763/3040/536 8764/3042/536
f 8775/3041/536 8764/3042/536 8774/3043/536
f 8774/3043/536 8764/3042/536 8765/3044/536
f 8774/3043/536 8765/3044/536 8773/3045/536
f 8773/3045/536 8765/3044/536 8766/3046/536
f 8773/3045/536 8766/3046/536 8772/3047/536
f 8772/3047/536 8766/3046/536 8767/3048/536
f 8772/3047/536 8767/3048/536 8771/3049/536
f 8771/3049/536 8767/3048/536 8768/3050/536
f 8771/3049/536 8768/3050/536 8770/3051/536
f 8770/3051/536 8768/3050/536 8769/3052/536
o Body3
v 0.376937 0.522163 0.289500
v 0.376937 0.404038 0.289500
v 0.370632 0.395632 0.289500
v 0.365755 0.386325 0.289500
v 0.362432 0.376357 0.289500
v 0.360749 0.365986 0.289500
v 0.360749 0.355478 0.289500
v 0.362432 0.345107 0.289500
v 0.365755 0.335139 0.289500
v 0.370632 0.325832 0.289500
v 0.376937 0.317426 0.289500
v 0.376937 0.202845 0.289500
v 0.376839 0.202227 0.289500
v 0.376555 0.201670 0.289500
v 0.376112 0.201227 0.289500
v 0.375555 0.200943 0.289500
v 0.374937 0.200845 0.289500
v 0.069190 0.200845 0.289500
v 0.068572 0.200943 0.289500
v 0.068014 0.201227 0.289500
v 0.067572 0.201670 0.289500
v 0.067288 0.202227 0.289500
v 0.067190 0.202845 0.289500
v 0.067190 0.522163 0.289500
v 0.067288 0.522781 0.289500
v 0.067572 0.523339 0.289500
v 0.068014 0.523782 0.289500
v 0.068572 0.524066 0.289500
v 0.069190 0.524163 0.289500
v 0.374937 0.524163 0.289500
v 0.375555 0.524066 0.289500
v 0.376112 0.523782 0.289500
v 0.376555 0.523339 0.289500
v 0.376839 0.522781 0.289500
v 0.067190 0.202845 0.289500
v 0.067288 0.202227 0.289500
v 0.067572 0.201670 0.289500
v 0.068014 0.201227 0.289500
v 0.068572 0.200943 0.289500
v 0.069190 0.200845 0.289500
v 0.069190 0.200845 0.291500
v 0.068572 0.200943 0.291500
v 0.068014 0.201227 0.291500
v 0.067572 0.201670 0.291500
v 0.067288 0.202227 0.291500
v 0.067190 0.202845 0.291500
v 0.069190 0.200845 0.289500
v 0.374937 0.200845 0.289500
v 0.374937 0.200845 0.291500
v 0.069190 0.200845 0.291500
v 0.374937 0.200845 0.289500
v 0.375555 0.200943 0.289500
v 0.376112 0.201227 0.289500
v 0.376555 0.201670 0.289500
v 0.376839 0.202227 0.289500
v 0.376937 0.202845 0.289500
v 0.376937 0.202845 0.291500
v 0.376839 0.202227 0.291500
v 0.376555 0.201670 0.291500
v 0.376112 0.201227 0.291500
v 0.375555 0.200943 0.291500
v 0.374937 0.200845 0.291500
v 0.376937 0.202845 0.289500
v 0.376937 0.317426 0.289500
v 0.376937 0.317426 0.291500
v 0.376937 0.202845 0.291500
v 0.376937 0.317426 0.289500
v 0.370632 0.325832 0.289500
v 0.365755 0.335139 0.289500
v 0.362432 0.345107 0.289500
v 0.360749 0.355478 0.289500
v 0.360749 0.365986 0.289500
v 0.362432 0.376357 0.289500
v 0.365755 0.386325 0.289500
v 0.370632 0.395632 0.289500
v 0.376937 0.404038 0.289500
v 0.376937 0.404038 0.291500
v 0.370632 0.395632 0.291500
v 0.365755 0.386325 0.291500
v 0.362432 0.376357 0.291500
v 0.360749 0.365986 0.291500
v 0.360749 0.355478 0.291500
v 0.362432 0.345107 0.291500
v 0.365755 0.335139 0.291500
v 0.370632 0.325832 0.291500
v 0.376937 0.317426 0.291500
v 0.376937 0.404038 0.289500
v 0.376937 0.522163 0.289500
v 0.376937 0.522163 0.291500
v 0.376937 0.404038 0.291500
v 0.067190 0.522163 0.289500
v 0.067190 0.202845 0.289500
v 0.067190 0.202845 0.291500
v 0.067190 0.522163 0.291500
v 0.069190 0.524163 0.289500
v 0.068572 0.524066 0.289500
v 0.068014 0.523782 0.289500
v 0.067572 0.523339 0.289500
v 0.067288 0.522781 0.289500
v 0.067190 0.522163 0.289500
v 0.067190 0.522163 0.291500
v 0.067288 0.522781 0.291500
v 0.067572 0.523339 0.291500
v 0.068014 0.523782 0.291500
v 0.068572 0.524066 0.291500
v 0.069190 0.524163 0.291500
v 0.374937 0.524163 0.289500
v 0.069190 0.524163 0.289500
v 0.069190 0.524163 0.291500
v 0.374937 0.524163 0.291500
v 0.376937 0.522163 0.289500
v 0.376839 0.522781 0.289500
v 0.376555 0.523339 0.289500
v 0.376112 0.523782 0.289500
v 0.375555 0.524066 0.289500
v 0.374937 0.524163 0.289500
v 0.374937 0.524163 0.291500
v 0.375555 0.524066 0.291500
v 0.376112 0.523782 0.291500
v 0.376555 0.523339 0.291500
v 0.376839 0.522781 0.291500
v 0.376937 0.522163 0.291500
v 0.376937 0.522163 0.291500
v 0.376839 0.522781 0.291500
v 0.376555 0.523339 0.291500
v 0.376112 0.523782 0.291500
v 0.375555 0.524066 0.291500
v 0.374937 0.524163 0.291500
v 0.069190 0.524163 0.291500
v 0.068572 0.524066 0.291500
v 0.068014 0.523782 0.291500
v 0.067572 0.523339 0.291500
v 0.067288 0.522781 0.291500
v 0.067190 0.522163 0.291500
v 0.067190 0.202845 0.291500
v 0.067288 0.202227 0.291500
v 0.067572 0.201670 0.291500
v 0.068014 0.201227 0.291500
v 0.068572 0.200943 0.291500
v 0.069190 0.200845 0.291500
v 0.374937 0.200845 0.291500
v 0.375555 0.200943 0.291500
v 0.376112 0.201227 0.291500
v 0.376555 0.201670 0.291500
v 0.376839 0.202227 0.291500
v 0.376937 0.202845 0.291500
v 0.376937 0.317426 0.291500
v 0.370632 0.325832 0.291500
v 0.365755 0.335139 0.291500
v 0.362432 0.345107 0.291500
v 0.360749 0.355478 0.291500
v 0.360749 0.365986 0.291500
v 0.362432 0.376357 0.291500
v 0.365755 0.386325 0.291500
v 0.370632 0.395632 0.291500
v 0.376937 0.404038 0.291500
vn -0.0000 -0.0000 -1.0000
vn -0.0000 0.0001 -1.0000
vn -0.0000 -0.0001 -1.0000
vn -1.0000 -0.0000 -0.0000
vn -0.9511 -0.3090 -0.0000
vn -0.8090 -0.5878 -0.0000
vn -0.5878 -0.8090 -0.0000
vn -0.3090 -0.9511 -0.0000
vn -0.0000 -1.0000 -0.0000
vn 0.0001 -1.0000 -0.0000
vn 0.3090 -0.9511 -0.0000
vn 0.3090 -0.9510 -0.0000
vn 0.5878 -0.8090 -0.0000
vn 0.8090 -0.5878 -0.0000
vn 0.9511 -0.3090 -0.0000
vn 1.0000 -0.0000 -0.0000
vn 0.7492 0.6623 -0.0000
vn 0.7492 0.6624 -0.0000
vn 0.8456 0.5338 -0.0000
vn 0.9202 0.3915 -0.0000
vn 0.9710 0.2390 -0.0000
vn 0.9968 0.0804 -0.0000
vn 0.9968 -0.0804 -0.0000
vn 0.9710 -0.2390 -0.0000
vn 0.9202 -0.3915 -0.0000
vn 0.8456 -0.5338 -0.0000
vn 0.7492 -0.6624 -0.0000
vn -0.0000 1.0000 -0.0000
vn -0.3090 0.9511 -0.0000
vn -0.5878 0.8090 -0.0000
vn -0.8090 0.5878 -0.0000
vn -0.9511 0.3090 -0.0000
vn 0.9511 0.3090 -0.0000
vn 0.8090 0.5878 -0.0000
vn 0.5878 0.8090 -0.0000
vn 0.3090 0.9511 -0.0000
vn 0.0001 1.0000 -0.0000
vn -0.0000 -0.0000 1.0000
vn -0.0000 0.0001 1.0000
vn -0.0000 -0.0001 1.0000
vt -15.784346 4.171704
vt -15.584345 16.184261
vt -15.784346 15.984262
vt -15.646149 16.174473
vt -15.701902 16.146065
vt -15.153874 3.331145
vt -14.666196 2.400444
vt 14.990360 16.184261
vt -14.333906 1.403640
vt -14.165587 0.366479
vt -14.165587 -0.684251
vt 15.190361 -15.947561
vt 15.190361 15.984262
vt 15.052164 16.174473
vt 15.107918 16.146065
vt 15.152164 16.101818
vt 15.180572 16.046066
vt 14.990360 -16.147562
vt -14.333906 -1.721412
vt -14.666196 -2.718216
vt -15.584345 -16.147562
vt -15.153874 -3.648917
vt -15.784346 -4.489476
vt -15.784346 -15.947561
vt -15.646149 -16.137774
vt -15.701902 -16.109365
vt -15.746149 -16.065119
vt -15.774556 -16.009365
vt 15.052164 -16.137774
vt 15.107918 -16.109365
vt 15.152164 -16.065119
vt 15.180572 -16.009365
vt -15.746149 16.101818
vt -15.774556 16.046066
vt -1.000000 0.000000
vt -0.800000 0.000000
vt -1.000000 0.062832
vt -0.800000 0.062832
vt -1.000000 0.125664
vt -0.800000 0.125664
vt -1.000000 0.188496
vt -0.800000 0.188496
vt -1.000000 0.251327
vt -0.800000 0.251327
vt -1.000000 0.314159
vt -0.800000 0.314159
vt 0.000000 0.800000
vt 30.574705 0.800000
vt 0.000000 1.000000
vt 30.574705 1.000000
vt 11.458085 0.800000
vt 11.458085 1.000000
vt 1.000000 9.466779
vt 0.800000 9.466779
vt 1.000000 8.414915
vt 0.800000 8.414915
vt 1.000000 7.363050
vt 0.800000 7.363050
vt 1.000000 6.311186
vt 0.800000 6.311186
vt 1.000000 5.259322
vt 0.800000 5.259322
vt 1.000000 4.207458
vt 0.800000 4.207458
vt 1.000000 3.155593
vt 0.800000 3.155593
vt 1.000000 2.103729
vt 0.800000 2.103729
vt 1.000000 1.051864
vt 0.800000 1.051864
vt 1.000000 0.000000
vt 0.800000 0.000000
vt 11.812558 0.800000
vt 11.812558 1.000000
vt 31.931824 0.800000
vt 31.931824 1.000000
vt -15.477564 -16.027716
vt -15.449157 -16.083469
vt -15.487353 -15.965912
vt -15.404910 -16.127714
vt -15.349156 -16.156122
vt -15.287353 -16.165911
vt -15.487353 -4.153354
vt -14.856882 -3.312794
vt -14.369204 -2.382093
vt 15.287353 -16.165911
vt -14.036914 -1.385290
vt -13.868595 -0.348129
vt 15.487353 -15.965912
vt 15.487353 15.965912
vt 15.349156 -16.156122
vt 15.404910 -16.127714
vt 15.449157 -16.083469
vt 15.477564 -16.027716
vt 15.477564 16.027716
vt 15.449157 16.083469
vt 15.404910 16.127714
vt 15.349156 16.156122
vt 15.287353 16.165911
vt -13.868595 0.702601
vt -15.287353 16.165911
vt -14.369204 2.736566
vt -14.036914 1.739763
vt -15.349156 16.156122
vt -15.487353 15.965912
vt -15.487353 4.507826
vt -14.856882 3.667267
vt -15.404910 16.127714
vt -15.449157 16.083469
vt -15.477564 16.027716
s 1
usemtl XID_Mirror_6C616A68A0274B9A95C3EA6BF31EFE52
f 8902/3129/574 8903/3130/575 8901/3131/574
f 8901/3131/574 8903/3130/575 8904/3132/576
f 8901/3131/574 8904/3132/576 8905/3133/575
f 8905/3133/575 8906/3134/574 8901/3131/574
f 8901/3131/574 8906/3134/574 8934/3135/574
f 8934/3135/574 8906/3134/574 8933/3136/574
f 8933/3136/574 8906/3134/574 8932/3137/574
f 8932/3137/574 8906/3134/574 8907/3138/574
f 8932/3137/574 8907/3138/574 8931/3139/574
f 8931/3139/574 8907/3138/574 8930/3140/574
f 8930/3140/574 8907/3138/574 8912/3141/574
f 8930/3140/574 8912/3141/574 8913/3142/574
f 8907/3138/574 8908/3143/574 8912/3141/574
f 8912/3141/574 8908/3143/574 8909/3144/575
f 8912/3141/574 8909/3144/575 8910/3145/574
f 8910/3145/574 8911/3146/574 8912/3141/574
f 8914/3147/574 8915/3148/574 8913/3142/574
f 8913/3142/574 8915/3148/574 8916/3149/576
f 8913/3142/574 8916/3149/576 8917/3150/574
f 8917/3150/574 8918/3151/574 8913/3142/574
f 8913/3142/574 8918/3151/574 8929/3152/574
f 8913/3142/574 8929/3152/574 8930/3140/574
f 8919/3153/574 8927/3154/574 8918/3151/574
f 8918/3151/574 8927/3154/574 8928/3155/574
f 8918/3151/574 8928/3155/574 8929/3152/574
f 8920/3156/576 8924/3157/574 8919/3153/574
f 8919/3153/574 8924/3157/574 8925/3158/574
f 8919/3153/574 8925/3158/574 8926/3159/574
f 8920/3156/576 8921/3160/575 8924/3157/574
f 8924/3157/574 8921/3160/575 8922/3161/576
f 8924/3157/574 8922/3161/576 8923/3162/575
f 8926/3159/574 8927/3154/574 8919/3153/574
usemtl XID_PowderCoatWhite_C5D3469A115F4360A5203AA407F78E2F
f 8780/3053/537 8808/3054/537 8779/3055/537
f 8779/3055/537 8808/3054/537 8809/3056/537
f 8779/3055/537 8809/3056/537 8810/3057/538
f 8780/3053/537 8781/3058/537 8808/3054/537
f 8808/3054/537 8781/3058/537 8782/3059/537
f 8808/3054/537 8782/3059/537 8807/3060/537
f 8807/3060/537 8782/3059/537 8783/3061/537
f 8807/3060/537 8783/3061/537 8784/3062/537
f 8785/3063/537 8801/3064/537 8784/3062/537
f 8784/3062/537 8801/3064/537 8802/3065/537
f 8784/3062/537 8802/3065/537 8807/3060/537
f 8807/3060/537 8802/3065/537 8806/3066/537
f 8806/3066/537 8802/3065/537 8805/3067/538
f 8805/3067/538 8802/3065/537 8804/3068/539
f 8804/3068/539 8802/3065/537 8803/3069/538
f 8801/3064/537 8785/3063/537 8796/3070/537
f 8796/3070/537 8785/3063/537 8786/3071/537
f 8796/3070/537 8786/3071/537 8787/3072/537
f 8796/3070/537 8787/3072/537 8795/3073/537
f 8795/3073/537 8787/3072/537 8788/3074/537
f 8795/3073/537 8788/3074/537 8789/3075/537
f 8789/3075/537 8790/3076/537 8795/3073/537
f 8795/3073/537 8790/3076/537 8794/3077/538
f 8794/3077/538 8790/3076/537 8793/3078/539
f 8793/3078/539 8790/3076/537 8792/3079/538
f 8792/3079/538 8790/3076/537 8791/3080/539
f 8796/3070/537 8797/3081/537 8801/3064/537
f 8801/3064/537 8797/3081/537 8798/3082/539
f 8801/3064/537 8798/3082/539 8799/3083/538
f 8799/3083/538 8800/3084/539 8801/3064/537
f 8810/3057/538 8811/3085/539 8779/3055/537
f 8779/3055/537 8811/3085/539 8812/3086/538
f 8824/3087/540 8813/3088/540 8823/3089/541
f 8823/3089/541 8813/3088/540 8814/3090/541
f 8823/3089/541 8814/3090/541 8822/3091/542
f 8822/3091/542 8814/3090/541 8815/3092/542
f 8822/3091/542 8815/3092/542 8821/3093/543
f 8821/3093/543 8815/3092/542 8816/3094/543
f 8821/3093/543 8816/3094/543 8820/3095/544
f 8820/3095/544 8816/3094/543 8817/3096/544
f 8820/3095/544 8817/3096/544 8819/3097/545
f 8819/3097/545 8817/3096/544 8818/3098/545
f 8825/3099/545 8826/3100/545 8828/3101/545
f 8828/3101/545 8826/3100/545 8827/3102/545
f 8840/3087/545 8829/3088/546 8839/3089/547
f 8839/3089/547 8829/3088/546 8830/3090/548
f 8839/3089/547 8830/3090/548 8838/3091/549
f 8838/3091/549 8830/3090/548 8831/3092/549
f 8838/3091/549 8831/3092/549 8837/3093/550
f 8837/3093/550 8831/3092/549 8832/3094/550
f 8837/3093/550 8832/3094/550 8836/3095/551
f 8836/3095/551 8832/3094/550 8833/3096/551
f 8836/3095/551 8833/3096/551 8835/3097/552
f 8835/3097/552 8833/3096/551 8834/3098/552
f 8841/3099/552 8842/3103/552 8844/3101/552
f 8844/3101/552 8842/3103/552 8843/3104/552
f 8864/3105/553 8845/3106/554 8863/3107/555
f 8863/3107/555 8845/3106/554 8846/3108/555
f 8863/3107/555 8846/3108/555 8862/3109/556
f 8862/3109/556 8846/3108/555 8847/3110/556
f 8862/3109/556 8847/3110/556 8861/3111/557
f 8861/3111/557 8847/3110/556 8848/3112/557
f 8861/3111/557 8848/3112/557 8860/3113/558
f 8860/3113/558 8848/3112/557 8849/3114/558
f 8860/3113/558 8849/3114/558 8859/3115/559
f 8859/3115/559 8849/3114/558 8850/3116/559
f 8859/3115/559 8850/3116/559 8858/3117/560
f 8858/3117/560 8850/3116/559 8851/3118/560
f 8858/3117/560 8851/3118/560 8857/3119/561
f 8857/3119/561 8851/3118/560 8852/3120/561
f 8857/3119/561 8852/3120/561 8856/3121/562
f 8856/3121/562 8852/3120/561 8853/3122/562
f 8856/3121/562 8853/3122/562 8855/3123/563
f 8855/3123/563 8853/3122/562 8854/3124/563
f 8865/3099/552 8866/3125/552 8868/3101/552
f 8868/3101/552 8866/3125/552 8867/3126/552
f 8869/3099/540 8870/3127/540 8872/3101/540
f 8872/3101/540 8870/3127/540 8871/3128/540
f 8884/3087/564 8873/3088/564 8883/3089/565
f 8883/3089/565 8873/3088/564 8874/3090/565
f 8883/3089/565 8874/3090/565 8882/3091/566
f 8882/3091/566 8874/3090/565 8875/3092/566
f 8882/3091/566 8875/3092/566 8881/3093/567
f 8881/3093/567 8875/3092/566 8876/3094/567
f 8881/3093/567 8876/3094/567 8880/3095/568
f 8880/3095/568 8876/3094/567 8877/3096/568
f 8880/3095/568 8877/3096/568 8879/3097/540
f 8879/3097/540 8877/3096/568 8878/3098/540
f 8885/3099/564 8886/3100/564 8888/3101/564
f 8888/3101/564 8886/3100/564 8887/3102/564
f 8900/3087/552 8889/3088/552 8899/3089/569
f 8899/3089/569 8889/3088/552 8890/3090/569
f 8899/3089/569 8890/3090/569 8898/3091/570
f 8898/3091/570 8890/3090/569 8891/3092/570
f 8898/3091/570 8891/3092/570 8897/3093/571
f 8897/3093/571 8891/3092/570 8892/3094/571
f 8897/3093/571 8892/3094/571 8896/3095/572
f 8896/3095/572 8892/3094/571 8893/3096/572
f 8896/3095/572 8893/3096/572 8895/3097/564
f 8895/3097/564 8893/3096/572 8894/3098/573
o Body4
v 0.376937 0.924497 0.291500
v 0.376839 0.925115 0.291500
v 0.376555 0.925672 0.291500
v 0.376112 0.926115 0.291500
v 0.375555 0.926399 0.291500
v 0.374937 0.926497 0.291500
v 0.069190 0.926497 0.291500
v 0.068572 0.926399 0.291500
v 0.068014 0.926115 0.291500
v 0.067572 0.925672 0.291500
v 0.067288 0.925115 0.291500
v 0.067190 0.924497 0.291500
v 0.067190 0.605179 0.291500
v 0.067288 0.604561 0.291500
v 0.067572 0.604003 0.291500
v 0.068014 0.603561 0.291500
v 0.068572 0.603276 0.291500
v 0.069190 0.603179 0.291500
v 0.374937 0.603179 0.291500
v 0.375555 0.603276 0.291500
v 0.376112 0.603561 0.291500
v 0.376555 0.604003 0.291500
v 0.376839 0.604561 0.291500
v 0.376937 0.605179 0.291500
v 0.376937 0.719759 0.291500
v 0.370632 0.728165 0.291500
v 0.365755 0.737472 0.291500
v 0.362432 0.747440 0.291500
v 0.360749 0.757812 0.291500
v 0.360749 0.768319 0.291500
v 0.362432 0.778691 0.291500
v 0.365755 0.788659 0.291500
v 0.370632 0.797966 0.291500
v 0.376937 0.806371 0.291500
v 0.376937 0.924497 0.289500
v 0.376839 0.925115 0.289500
v 0.376555 0.925672 0.289500
v 0.376112 0.926115 0.289500
v 0.375555 0.926399 0.289500
v 0.374937 0.926497 0.289500
v 0.374937 0.926497 0.291500
v 0.375555 0.926399 0.291500
v 0.376112 0.926115 0.291500
v 0.376555 0.925672 0.291500
v 0.376839 0.925115 0.291500
v 0.376937 0.924497 0.291500
v 0.374937 0.926497 0.289500
v 0.069190 0.926497 0.289500
v 0.069190 0.926497 0.291500
v 0.374937 0.926497 0.291500
v 0.069190 0.926497 0.289500
v 0.068572 0.926399 0.289500
v 0.068014 0.926115 0.289500
v 0.067572 0.925672 0.289500
v 0.067288 0.925115 0.289500
v 0.067190 0.924497 0.289500
v 0.067190 0.924497 0.291500
v 0.067288 0.925115 0.291500
v 0.067572 0.925672 0.291500
v 0.068014 0.926115 0.291500
v 0.068572 0.926399 0.291500
v 0.069190 0.926497 0.291500
v 0.067190 0.924497 0.289500
v 0.067190 0.605179 0.289500
v 0.067190 0.605179 0.291500
v 0.067190 0.924497 0.291500
v 0.376937 0.806371 0.289500
v 0.376937 0.924497 0.289500
v 0.376937 0.924497 0.291500
v 0.376937 0.806371 0.291500
v 0.376937 0.719759 0.289500
v 0.370632 0.728165 0.289500
v 0.365755 0.737472 0.289500
v 0.362432 0.747440 0.289500
v 0.360749 0.757812 0.289500
v 0.360749 0.768319 0.289500
v 0.362432 0.778691 0.289500
v 0.365755 0.788659 0.289500
v 0.370632 0.797966 0.289500
v 0.376937 0.806371 0.289500
v 0.376937 0.806371 0.291500
v 0.370632 0.797966 0.291500
v 0.365755 0.788659 0.291500
v 0.362432 0.778691 0.291500
v 0.360749 0.768319 0.291500
v 0.360749 0.757812 0.291500
v 0.362432 0.747440 0.291500
v 0.365755 0.737472 0.291500
v 0.370632 0.728165 0.291500
v 0.376937 0.719759 0.291500
v 0.376937 0.605179 0.289500
v 0.376937 0.719759 0.289500
v 0.376937 0.719759 0.291500
v 0.376937 0.605179 0.291500
v 0.374937 0.603179 0.289500
v 0.375555 0.603276 0.289500
v 0.376112 0.603561 0.289500
v 0.376555 0.604003 0.289500
v 0.376839 0.604561 0.289500
v 0.376937 0.605179 0.289500
v 0.376937 0.605179 0.291500
v 0.376839 0.604561 0.291500
v 0.376555 0.604003 0.291500
v 0.376112 0.603561 0.291500
v 0.375555 0.603276 0.291500
v 0.374937 0.603179 0.291500
v 0.069190 0.603179 0.289500
v 0.374937 0.603179 0.289500
v 0.374937 0.603179 0.291500
v 0.069190 0.603179 0.291500
v 0.067190 0.605179 0.289500
v 0.067288 0.604561 0.289500
v 0.067572 0.604003 0.289500
v 0.068014 0.603561 0.289500
v 0.068572 0.603276 0.289500
v 0.069190 0.603179 0.289500
v 0.069190 0.603179 0.291500
v 0.068572 0.603276 0.291500
v 0.068014 0.603561 0.291500
v 0.067572 0.604003 0.291500
v 0.067288 0.604561 0.291500
v 0.067190 0.605179 0.291500
v 0.376937 0.924497 0.289500
v 0.376937 0.806371 0.289500
v 0.370632 0.797966 0.289500
v 0.365755 0.788659 0.289500
v 0.362432 0.778691 0.289500
v 0.360749 0.768319 0.289500
v 0.360749 0.757812 0.289500
v 0.362432 0.747440 0.289500
v 0.365755 0.737472 0.289500
v 0.370632 0.728165 0.289500
v 0.376937 0.719759 0.289500
v 0.376937 0.605179 0.289500
v 0.376839 0.604561 0.289500
v 0.376555 0.604003 0.289500
v 0.376112 0.603561 0.289500
v 0.375555 0.603276 0.289500
v 0.374937 0.603179 0.289500
v 0.069190 0.603179 0.289500
v 0.068572 0.603276 0.289500
v 0.068014 0.603561 0.289500
v 0.067572 0.604003 0.289500
v 0.067288 0.604561 0.289500
v 0.067190 0.605179 0.289500
v 0.067190 0.924497 0.289500
v 0.067288 0.925115 0.289500
v 0.067572 0.925672 0.289500
v 0.068014 0.926115 0.289500
v 0.068572 0.926399 0.289500
v 0.069190 0.926497 0.289500
v 0.374937 0.926497 0.289500
v 0.375555 0.926399 0.289500
v 0.376112 0.926115 0.289500
v 0.376555 0.925672 0.289500
v 0.376839 0.925115 0.289500
vn -0.0000 -0.0000 1.0000
vn -0.0000 0.0001 1.0000
vn -0.0000 -0.0001 1.0000
vn 1.0000 -0.0000 -0.0000
vn 0.9511 0.3090 -0.0000
vn 0.8090 0.5878 -0.0000
vn 0.5879 0.8090 -0.0000
vn 0.5877 0.8091 -0.0000
vn 0.3090 0.9511 -0.0000
vn 0.3089 0.9511 -0.0000
vn -0.0000 1.0000 -0.0000
vn -0.3089 0.9511 -0.0000
vn -0.3090 0.9511 -0.0000
vn -0.5877 0.8091 -0.0000
vn -0.5879 0.8090 -0.0000
vn -0.8090 0.5878 -0.0000
vn -0.9511 0.3090 -0.0000
vn -1.0000 -0.0000 -0.0000
vn 0.7492 0.6623 -0.0000
vn 0.8456 0.5338 -0.0000
vn 0.9202 0.3915 -0.0000
vn 0.9710 0.2390 -0.0000
vn 0.9968 0.0804 -0.0000
vn 0.9968 -0.0804 -0.0000
vn 0.9710 -0.2390 -0.0000
vn 0.9202 -0.3915 -0.0000
vn 0.8456 -0.5338 -0.0000
vn 0.7492 -0.6624 -0.0000
vn 0.0001 -1.0000 -0.0000
vn -0.0000 -1.0000 -0.0000
vn 0.3090 -0.9511 -0.0000
vn 0.3091 -0.9510 -0.0000
vn 0.5878 -0.8090 -0.0000
vn 0.8090 -0.5878 -0.0000
vn 0.9511 -0.3090 -0.0000
vn 1.0000 -0.0000 -0.0001
vn -0.9511 -0.3090 -0.0000
vn -0.8090 -0.5878 -0.0000
vn -0.5878 -0.8090 -0.0000
vn -0.3091 -0.9510 -0.0000
vn -0.3090 -0.9511 -0.0000
vn -0.0000 -0.0000 -1.0000
vn -0.0000 0.0001 -1.0000
vn -0.0000 -0.0001 -1.0000
vt -15.477564 -16.027716
vt -15.449157 -16.083469
vt -15.487353 -15.965912
vt -15.404910 -16.127714
vt -15.349156 -16.156122
vt -15.287353 -16.165911
vt -15.487353 -4.153354
vt -14.856882 -3.312794
vt -14.369204 -2.382093
vt 15.287353 -16.165911
vt -14.036914 -1.385290
vt -13.868595 -0.348129
vt 15.487353 -15.965912
vt 15.487353 15.965912
vt 15.349156 -16.156122
vt 15.404910 -16.127714
vt 15.449157 -16.083469
vt 15.477564 -16.027716
vt 15.477564 16.027716
vt 15.449157 16.083469
vt 15.404910 16.127714
vt 15.349156 16.156122
vt 15.287353 16.165911
vt -13.868595 0.702601
vt -15.287353 16.165911
vt -14.369204 2.736566
vt -14.036914 1.739763
vt -15.349156 16.156122
vt -15.487353 15.965912
vt -15.487353 4.507826
vt -14.856882 3.667267
vt -15.404910 16.127714
vt -15.449157 16.083469
vt -15.477564 16.027716
vt -1.000000 0.000000
vt -0.800000 0.000000
vt -1.000000 0.062832
vt -0.800000 0.062832
vt -1.000000 0.125664
vt -0.800000 0.125664
vt -1.000000 0.188496
vt -0.800000 0.188496
vt -1.000000 0.251327
vt -0.800000 0.251327
vt -1.000000 0.314159
vt -0.800000 0.314159
vt 0.000000 0.800000
vt 30.574705 0.800000
vt 0.000000 1.000000
vt 30.574705 1.000000
vt 31.931824 0.800000
vt 31.931824 1.000000
vt 11.812558 0.800000
vt 11.812558 1.000000
vt 1.000000 9.466779
vt 0.800000 9.466779
vt 1.000000 8.414915
vt 0.800000 8.414915
vt 1.000000 7.363050
vt 0.800000 7.363050
vt 1.000000 6.311186
vt 0.800000 6.311186
vt 1.000000 5.259322
vt 0.800000 5.259322
vt 1.000000 4.207458
vt 0.800000 4.207458
vt 1.000000 3.155593
vt 0.800000 3.155593
vt 1.000000 2.103729
vt 0.800000 2.103729
vt 1.000000 1.051864
vt 0.800000 1.051864
vt 1.000000 0.000000
vt 0.800000 0.000000
vt 11.458085 0.800000
vt 11.458085 1.000000
vt -15.784346 4.005037
vt -15.584345 16.017595
vt -15.784346 15.817595
vt -15.646149 16.007807
vt -15.701902 15.979399
vt -15.153874 3.164478
vt -14.666196 2.233777
vt 14.990360 16.017595
vt -14.333906 1.236974
vt -14.165587 0.199812
vt -14.165587 -0.850918
vt 15.190361 -16.114227
vt 15.190361 15.817595
vt 15.052164 16.007807
vt 15.107918 15.979399
vt 15.152164 15.935152
vt 15.180572 15.879398
vt 14.990360 -16.314228
vt -14.333906 -1.888079
vt -14.666196 -2.884883
vt -15.584345 -16.314228
vt -15.153874 -3.815583
vt -15.784346 -4.656143
vt -15.784346 -16.114227
vt -15.646149 -16.304440
vt -15.701902 -16.276031
vt -15.746149 -16.231785
vt -15.774556 -16.176031
vt 15.052164 -16.304440
vt 15.107918 -16.276031
vt 15.152164 -16.231785
vt 15.180572 -16.176031
vt -15.746149 15.935152
vt -15.774556 15.879398
s 1
usemtl XID_Mirror_6C616A68A0274B9A95C3EA6BF31EFE52
f 8936/3163/577 8937/3164/578 8935/3165/577
f 8935/3165/577 8937/3164/578 8938/3166/579
f 8935/3165/577 8938/3166/579 8939/3167/578
f 8939/3167/578 8940/3168/577 8935/3165/577
f 8935/3165/577 8940/3168/577 8968/3169/577
f 8968/3169/577 8940/3168/577 8967/3170/577
f 8967/3170/577 8940/3168/577 8966/3171/577
f 8966/3171/577 8940/3168/577 8941/3172/577
f 8966/3171/577 8941/3172/577 8965/3173/577
f 8965/3173/577 8941/3172/577 8964/3174/577
f 8964/3174/577 8941/3172/577 8946/3175/577
f 8964/3174/577 8946/3175/577 8947/3176/577
f 8941/3172/577 8942/3177/577 8946/3175/577
f 8946/3175/577 8942/3177/577 8943/3178/578
f 8946/3175/577 8943/3178/578 8944/3179/577
f 8944/3179/577 8945/3180/577 8946/3175/577
f 8948/3181/577 8949/3182/577 8947/3176/577
f 8947/3176/577 8949/3182/577 8950/3183/579
f 8947/3176/577 8950/3183/579 8951/3184/577
f 8951/3184/577 8952/3185/577 8947/3176/577
f 8947/3176/577 8952/3185/577 8963/3186/577
f 8947/3176/577 8963/3186/577 8964/3174/577
f 8953/3187/577 8961/3188/577 8952/3185/577
f 8952/3185/577 8961/3188/577 8962/3189/577
f 8952/3185/577 8962/3189/577 8963/3186/577
f 8954/3190/579 8958/3191/577 8953/3187/577
f 8953/3187/577 8958/3191/577 8959/3192/577
f 8953/3187/577 8959/3192/577 8960/3193/577
f 8954/3190/579 8955/3194/578 8958/3191/577
f 8958/3191/577 8955/3194/578 8956/3195/579
f 8958/3191/577 8956/3195/579 8957/3196/578
f 8960/3193/577 8961/3188/577 8953/3187/577
usemtl XID_PowderCoatWhite_C5D3469A115F4360A5203AA407F78E2F
f 8980/3197/580 8969/3198/580 8979/3199/581
f 8979/3199/581 8969/3198/580 8970/3200/581
f 8979/3199/581 8970/3200/581 8978/3201/582
f 8978/3201/582 8970/3200/581 8971/3202/582
f 8978/3201/582 8971/3202/582 8977/3203/583
f 8977/3203/583 8971/3202/582 8972/3204/584
f 8977/3203/583 8972/3204/584 8976/3205/585
f 8976/3205/585 8972/3204/584 8973/3206/586
f 8976/3205/585 8973/3206/586 8975/3207/587
f 8975/3207/587 8973/3206/586 8974/3208/587
f 8981/3209/587 8982/3210/587 8984/3211/587
f 8984/3211/587 8982/3210/587 8983/3212/587
f 8996/3197/587 8985/3198/587 8995/3199/588
f 8995/3199/588 8985/3198/587 8986/3200/589
f 8995/3199/588 8986/3200/589 8994/3201/590
f 8994/3201/590 8986/3200/589 8987/3202/591
f 8994/3201/590 8987/3202/591 8993/3203/592
f 8993/3203/592 8987/3202/591 8988/3204/592
f 8993/3203/592 8988/3204/592 8992/3205/593
f 8992/3205/593 8988/3204/592 8989/3206/593
f 8992/3205/593 8989/3206/593 8991/3207/594
f 8991/3207/594 8989/3206/593 8990/3208/594
f 8997/3209/594 8998/3213/594 9000/3211/594
f 9000/3211/594 8998/3213/594 8999/3214/594
f 9001/3209/580 9002/3215/580 9004/3211/580
f 9004/3211/580 9002/3215/580 9003/3216/580
f 9024/3217/595 9005/3218/595 9023/3219/596
f 9023/3219/596 9005/3218/595 9006/3220/596
f 9023/3219/596 9006/3220/596 9022/3221/597
f 9022/3221/597 9006/3220/596 9007/3222/597
f 9022/3221/597 9007/3222/597 9021/3223/598
f 9021/3223/598 9007/3222/597 9008/3224/598
f 9021/3223/598 9008/3224/598 9020/3225/599
f 9020/3225/599 9008/3224/598 9009/3226/599
f 9020/3225/599 9009/3226/599 9019/3227/600
f 9019/3227/600 9009/3226/599 9010/3228/600
f 9019/3227/600 9010/3228/600 9018/3229/601
f 9018/3229/601 9010/3228/600 9011/3230/601
f 9018/3229/601 9011/3230/601 9017/3231/602
f 9017/3231/602 9011/3230/601 9012/3232/602
f 9017/3231/602 9012/3232/602 9016/3233/603
f 9016/3233/603 9012/3232/602 9013/3234/603
f 9016/3233/603 9013/3234/603 9015/3235/604
f 9015/3235/604 9013/3234/603 9014/3236/604
f 9025/3209/580 9026/3237/580 9028/3211/580
f 9028/3211/580 9026/3237/580 9027/3238/580
f 9040/3197/605 9029/3198/606 9039/3199/607
f 9039/3199/607 9029/3198/606 9030/3200/608
f 9039/3199/607 9030/3200/608 9038/3201/609
f 9038/3201/609 9030/3200/608 9031/3202/609
f 9038/3201/609 9031/3202/609 9037/3203/610
f 9037/3203/610 9031/3202/609 9032/3204/610
f 9037/3203/610 9032/3204/610 9036/3205/611
f 9036/3205/611 9032/3204/610 9033/3206/611
f 9036/3205/611 9033/3206/611 9035/3207/612
f 9035/3207/612 9033/3206/611 9034/3208/580
f 9041/3209/606 9042/3210/606 9044/3211/606
f 9044/3211/606 9042/3210/606 9043/3212/606
f 9056/3197/594 9045/3198/594 9055/3199/613
f 9055/3199/613 9045/3198/594 9046/3200/613
f 9055/3199/613 9046/3200/613 9054/3201/614
f 9054/3201/614 9046/3200/613 9047/3202/614
f 9054/3201/614 9047/3202/614 9053/3203/615
f 9053/3203/615 9047/3202/614 9048/3204/615
f 9053/3203/615 9048/3204/615 9052/3205/616
f 9052/3205/616 9048/3204/615 9049/3206/617
f 9052/3205/616 9049/3206/617 9051/3207/606
f 9051/3207/606 9049/3206/617 9050/3208/606
f 9058/3239/618 9086/3240/618 9057/3241/618
f 9057/3241/618 9086/3240/618 9087/3242/618
f 9057/3241/618 9087/3242/618 9088/3243/619
f 9058/3239/618 9059/3244/618 9086/3240/618
f 9086/3240/618 9059/3244/618 9060/3245/618
f 9086/3240/618 9060/3245/618 9085/3246/618
f 9085/3246/618 9060/3245/618 9061/3247/618
f 9085/3246/618 9061/3247/618 9062/3248/618
f 9063/3249/618 9079/3250/618 9062/3248/618
f 9062/3248/618 9079/3250/618 9080/3251/618
f 9062/3248/618 9080/3251/618 9085/3246/618
f 9085/3246/618 9080/3251/618 9084/3252/618
f 9084/3252/618 9080/3251/618 9083/3253/619
f 9083/3253/619 9080/3251/618 9082/3254/620
f 9082/3254/620 9080/3251/618 9081/3255/619
f 9079/3250/618 9063/3249/618 9074/3256/618
f 9074/3256/618 9063/3249/618 9064/3257/618
f 9074/3256/618 9064/3257/618 9065/3258/618
f 9074/3256/618 9065/3258/618 9073/3259/618
f 9073/3259/618 9065/3258/618 9066/3260/618
f 9073/3259/618 9066/3260/618 9067/3261/618
f 9067/3261/618 9068/3262/618 9073/3259/618
f 9073/3259/618 9068/3262/618 9072/3263/619
f 9072/3263/619 9068/3262/618 9071/3264/620
f 9071/3264/620 9068/3262/618 9070/3265/619
f 9070/3265/619 9068/3262/618 9069/3266/620
f 9074/3256/618 9075/3267/618 9079/3250/618
f 9079/3250/618 9075/3267/618 9076/3268/620
f 9079/3250/618 9076/3268/620 9077/3269/619
f 9077/3269/619 9078/3270/620 9079/3250/618
f 9088/3243/619 9089/3271/620 9057/3241/618
f 9057/3241/618 9089/3271/620 9090/3272/619
o Body5
v 0.376937 0.401394 0.289500
v 0.376937 0.320764 0.289500
v 0.374320 0.324248 0.289500
v 0.371945 0.327901 0.289500
v 0.369823 0.331707 0.289500
v 0.367964 0.335647 0.289500
v 0.366377 0.339705 0.289500
v 0.365068 0.343861 0.289500
v 0.364043 0.348095 0.289500
v 0.363308 0.352390 0.289500
v 0.362865 0.356725 0.289500
v 0.362718 0.361079 0.289500
v 0.362865 0.365434 0.289500
v 0.363308 0.369769 0.289500
v 0.364043 0.374063 0.289500
v 0.365068 0.378298 0.289500
v 0.366377 0.382454 0.289500
v 0.367964 0.386511 0.289500
v 0.369823 0.390452 0.289500
v 0.371945 0.394258 0.289500
v 0.374320 0.397911 0.289500
v 0.376937 0.401394 0.289500
v 0.374320 0.397911 0.289500
v 0.371945 0.394258 0.289500
v 0.369823 0.390452 0.289500
v 0.367964 0.386511 0.289500
v 0.366377 0.382454 0.289500
v 0.365068 0.378298 0.289500
v 0.364043 0.374063 0.289500
v 0.363308 0.369769 0.289500
v 0.362865 0.365434 0.289500
v 0.362718 0.361079 0.289500
v 0.362865 0.356725 0.289500
v 0.363308 0.352390 0.289500
v 0.364043 0.348095 0.289500
v 0.365068 0.343861 0.289500
v 0.366377 0.339705 0.289500
v 0.367964 0.335647 0.289500
v 0.369823 0.331707 0.289500
v 0.371945 0.327901 0.289500
v 0.374320 0.324248 0.289500
v 0.376937 0.320764 0.289500
v 0.376937 0.320764 0.293500
v 0.374320 0.324248 0.293500
v 0.371945 0.327901 0.293500
v 0.369823 0.331707 0.293500
v 0.367964 0.335647 0.293500
v 0.366377 0.339705 0.293500
v 0.365068 0.343861 0.293500
v 0.364043 0.348095 0.293500
v 0.363308 0.352390 0.293500
v 0.362865 0.356725 0.293500
v 0.362718 0.361079 0.293500
v 0.362865 0.365434 0.293500
v 0.363308 0.369769 0.293500
v 0.364043 0.374063 0.293500
v 0.365068 0.378298 0.293500
v 0.366377 0.382454 0.293500
v 0.367964 0.386511 0.293500
v 0.369823 0.390452 0.293500
v 0.371945 0.394258 0.293500
v 0.374320 0.397911 0.293500
v 0.376937 0.401394 0.293500
v 0.376937 0.320764 0.289500
v 0.376937 0.401394 0.289500
v 0.376937 0.401394 0.293500
v 0.376937 0.320764 0.293500
v 0.376937 0.401394 0.293500
v 0.374320 0.397911 0.293500
v 0.371945 0.394258 0.293500
v 0.369823 0.390452 0.293500
v 0.367964 0.386511 0.293500
v 0.366377 0.382454 0.293500
v 0.365068 0.378298 0.293500
v 0.364043 0.374063 0.293500
v 0.363308 0.369769 0.293500
v 0.362865 0.365434 0.293500
v 0.362718 0.361079 0.293500
v 0.362865 0.356725 0.293500
v 0.363308 0.352390 0.293500
v 0.364043 0.348095 0.293500
v 0.365068 0.343861 0.293500
v 0.366377 0.339705 0.293500
v 0.367964 0.335647 0.293500
v 0.369823 0.331707 0.293500
v 0.371945 0.327901 0.293500
v 0.374320 0.324248 0.293500
v 0.376937 0.320764 0.293500
vn -0.0000 -0.0000 -1.0000
vn -0.7787 0.6273 -0.0000
vn -0.8195 0.5731 -0.0000
vn -0.8564 0.5163 -0.0000
vn -0.8894 0.4571 -0.0000
vn -0.9184 0.3958 -0.0000
vn -0.9431 0.3326 -0.0000
vn -0.9634 0.2679 -0.0000
vn -0.9794 0.2020 -0.0000
vn -0.9908 0.1352 -0.0000
vn -0.9977 0.0678 -0.0000
vn -1.0000 -0.0000 -0.0000
vn -0.9977 -0.0678 -0.0000
vn -0.9908 -0.1352 -0.0000
vn -0.9794 -0.2020 -0.0000
vn -0.9634 -0.2679 -0.0000
vn -0.9431 -0.3326 -0.0000
vn -0.9184 -0.3958 -0.0000
vn -0.8894 -0.4571 -0.0000
vn -0.8564 -0.5163 -0.0000
vn -0.8195 -0.5731 -0.0000
vn -0.7787 -0.6273 -0.0000
vn 1.0000 -0.0000 -0.0000
vn -0.0000 -0.0000 1.0000
vt -15.784346 3.907367
vt -15.784346 -4.155671
vt -15.522659 3.558993
vt -15.522659 -3.807296
vt -15.285182 -3.441989
vt -15.285182 3.193686
vt -15.073005 -3.061430
vt -15.073005 2.813126
vt -14.887103 -2.667367
vt -14.887103 2.419064
vt -14.728333 -2.261613
vt -14.728333 2.013310
vt -14.597421 -1.846033
vt -14.597421 1.597729
vt -14.494971 -1.422537
vt -14.494971 1.174234
vt -14.421455 -0.993072
vt -14.421455 0.744769
vt -14.377210 -0.559613
vt -14.377210 0.311309
vt -14.362439 -0.124152
vt -1.200000 0.000000
vt -0.800000 0.000000
vt -1.200000 0.435795
vt -0.800000 0.435795
vt -1.200000 0.871590
vt -0.800000 0.871590
vt -1.200000 1.307385
vt -0.800000 1.307385
vt -1.200000 1.743181
vt -0.800000 1.743181
vt -1.200000 2.178976
vt -0.800000 2.178976
vt -1.200000 2.614771
vt -0.800000 2.614771
vt -1.200000 3.050566
vt -0.800000 3.050566
vt -1.200000 3.486361
vt -0.800000 3.486361
vt -1.200000 3.922156
vt -0.800000 3.922156
vt -1.200000 4.357952
vt -0.800000 4.357952
vt -1.200000 4.793746
vt -0.800000 4.793746
vt -1.200000 5.229542
vt -0.800000 5.229542
vt -1.200000 5.665337
vt -0.800000 5.665337
vt -1.200000 6.101132
vt -0.800000 6.101132
vt -1.200000 6.536927
vt -0.800000 6.536927
vt -1.200000 6.972723
vt -0.800000 6.972723
vt -1.200000 7.408517
vt -0.800000 7.408517
vt -1.200000 7.844313
vt -0.800000 7.844313
vt -1.200000 8.280107
vt -0.800000 8.280107
vt -1.200000 8.715903
vt -0.800000 8.715903
vt 0.000000 0.800000
vt 8.063039 0.800000
vt 0.000000 1.200000
vt 8.063039 1.200000
vt -0.710953 4.031519
vt -0.710953 -4.031519
vt -0.449267 3.683144
vt -0.449267 -3.683144
vt -0.211790 -3.317837
vt -0.211790 3.317837
vt 0.000387 -2.937278
vt 0.000387 2.937278
vt 0.186289 -2.543216
vt 0.186289 2.543216
vt 0.345060 -2.137461
vt 0.345060 2.137461
vt 0.475971 -1.721881
vt 0.475971 1.721881
vt 0.578420 -1.298385
vt 0.578420 1.298385
vt 0.651937 -0.868921
vt 0.651937 0.868921
vt 0.696182 -0.435461
vt 0.696182 0.435461
vt 0.710953 0.000000
s 1
usemtl XID_EPX150AirBakedwithCarbonM2M3L13DPrinters_00E749C5D2D948C3A90C80E6474C494C
f 9178/3340/644 9158/3341/644 9177/3342/644
f 9177/3342/644 9158/3341/644 9159/3343/644
f 9177/3342/644 9159/3343/644 9160/3344/644
f 9177/3342/644 9160/3344/644 9176/3345/644
f 9176/3345/644 9160/3344/644 9161/3346/644
f 9176/3345/644 9161/3346/644 9175/3347/644
f 9175/3347/644 9161/3346/644 9162/3348/644
f 9175/3347/644 9162/3348/644 9174/3349/644
f 9174/3349/644 9162/3348/644 9163/3350/644
f 9174/3349/644 9163/3350/644 9173/3351/644
f 9173/3351/644 9163/3350/644 9164/3352/644
f 9173/3351/644 9164/3352/644 9172/3353/644
f 9172/3353/644 9164/3352/644 9165/3354/644
f 9172/3353/644 9165/3354/644 9171/3355/644
f 9171/3355/644 9165/3354/644 9166/3356/644
f 9171/3355/644 9166/3356/644 9170/3357/644
f 9170/3357/644 9166/3356/644 9167/3358/644
f 9170/3357/644 9167/3358/644 9169/3359/644
f 9169/3359/644 9167/3358/644 9168/3360/644
usemtl XID_PowderCoatWhite_C5D3469A115F4360A5203AA407F78E2F
f 9091/3273/621 9092/3274/621 9111/3275/621
f 9111/3275/621 9092/3274/621 9093/3276/621
f 9111/3275/621 9093/3276/621 9094/3277/621
f 9111/3275/621 9094/3277/621 9110/3278/621
f 9110/3278/621 9094/3277/621 9095/3279/621
f 9110/3278/621 9095/3279/621 9109/3280/621
f 9109/3280/621 9095/3279/621 9096/3281/621
f 9109/3280/621 9096/3281/621 9108/3282/621
f 9108/3282/621 9096/3281/621 9097/3283/621
f 9108/3282/621 9097/3283/621 9107/3284/621
f 9107/3284/621 9097/3283/621 9098/3285/621
f 9107/3284/621 9098/3285/621 9106/3286/621
f 9106/3286/621 9098/3285/621 9099/3287/621
f 9106/3286/621 9099/3287/621 9105/3288/621
f 9105/3288/621 9099/3287/621 9100/3289/621
f 9105/3288/621 9100/3289/621 9104/3290/621
f 9104/3290/621 9100/3289/621 9101/3291/621
f 9104/3290/621 9101/3291/621 9103/3292/621
f 9103/3292/621 9101/3291/621 9102/3293/621
f 9153/3294/622 9112/3295/622 9152/3296/623
f 9152/3296/623 9112/3295/622 9113/3297/623
f 9152/3296/623 9113/3297/623 9151/3298/624
f 9151/3298/624 9113/3297/623 9114/3299/624
f 9151/3298/624 9114/3299/624 9150/3300/625
f 9150/3300/625 9114/3299/624 9115/3301/625
f 9150/3300/625 9115/3301/625 9149/3302/626
f 9149/3302/626 9115/3301/625 9116/3303/626
f 9149/3302/626 9116/3303/626 9148/3304/627
f 9148/3304/627 9116/3303/626 9117/3305/627
f 9148/3304/627 9117/3305/627 9147/3306/628
f 9147/3306/628 9117/3305/627 9118/3307/628
f 9147/3306/628 9118/3307/628 9146/3308/629
f 9146/3308/629 9118/3307/628 9119/3309/629
f 9146/3308/629 9119/3309/629 9145/3310/630
f 9145/3310/630 9119/3309/629 9120/3311/630
f 9145/3310/630 9120/3311/630 9144/3312/631
f 9144/3312/631 9120/3311/630 9121/3313/631
f 9144/3312/631 9121/3313/631 9143/3314/632
f 9143/3314/632 9121/3313/631 9122/3315/632
f 9143/3314/632 9122/3315/632 9142/3316/633
f 9142/3316/633 9122/3315/632 9123/3317/633
f 9142/3316/633 9123/3317/633 9141/3318/634
f 9141/3318/634 9123/3317/633 9124/3319/634
f 9141/3318/634 9124/3319/634 9140/3320/635
f 9140/3320/635 9124/3319/634 9125/3321/635
f 9140/3320/635 9125/3321/635 9139/3322/636
f 9139/3322/636 9125/3321/635 9126/3323/636
f 9139/3322/636 9126/3323/636 9138/3324/637
f 9138/3324/637 9126/3323/636 9127/3325/637
f 9138/3324/637 9127/3325/637 9137/3326/638
f 9137/3326/638 9127/3325/637 9128/3327/638
f 9137/3326/638 9128/3327/638 9136/3328/639
f 9136/3328/639 9128/3327/638 9129/3329/639
f 9136/3328/639 9129/3329/639 9135/3330/640
f 9135/3330/640 9129/3329/639 9130/3331/640
f 9135/3330/640 9130/3331/640 9134/3332/641
f 9134/3332/641 9130/3331/640 9131/3333/641
f 9134/3332/641 9131/3333/641 9133/3334/642
f 9133/3334/642 9131/3333/641 9132/3335/642
f 9154/3336/643 9155/3337/643 9157/3338/643
f 9157/3338/643 9155/3337/643 9156/3339/643
o Body6
v 0.376937 0.803728 0.293500
v 0.374320 0.800244 0.293500
v 0.371945 0.796591 0.293500
v 0.369823 0.792785 0.293500
v 0.367964 0.788845 0.293500
v 0.366377 0.784787 0.293500
v 0.365068 0.780631 0.293500
v 0.364043 0.776397 0.293500
v 0.363308 0.772102 0.293500
v 0.362865 0.767767 0.293500
v 0.362718 0.763413 0.293500
v 0.362865 0.759058 0.293500
v 0.363308 0.754723 0.293500
v 0.364043 0.750429 0.293500
v 0.365068 0.746194 0.293500
v 0.366377 0.742038 0.293500
v 0.367964 0.737981 0.293500
v 0.369823 0.734040 0.293500
v 0.371945 0.730234 0.293500
v 0.374320 0.726581 0.293500
v 0.376937 0.723098 0.293500
v 0.376937 0.723098 0.289500
v 0.376937 0.803728 0.289500
v 0.376937 0.803728 0.293500
v 0.376937 0.723098 0.293500
v 0.376937 0.803728 0.289500
v 0.374320 0.800244 0.289500
v 0.371945 0.796591 0.289500
v 0.369823 0.792785 0.289500
v 0.367964 0.788845 0.289500
v 0.366377 0.784787 0.289500
v 0.365068 0.780631 0.289500
v 0.364043 0.776397 0.289500
v 0.363308 0.772102 0.289500
v 0.362865 0.767767 0.289500
v 0.362718 0.763413 0.289500
v 0.362865 0.759058 0.289500
v 0.363308 0.754723 0.289500
v 0.364043 0.750429 0.289500
v 0.365068 0.746194 0.289500
v 0.366377 0.742038 0.289500
v 0.367964 0.737981 0.289500
v 0.369823 0.734040 0.289500
v 0.371945 0.730234 0.289500
v 0.374320 0.726581 0.289500
v 0.376937 0.723098 0.289500
v 0.376937 0.723098 0.293500
v 0.374320 0.726581 0.293500
v 0.371945 0.730234 0.293500
v 0.369823 0.734040 0.293500
v 0.367964 0.737981 0.293500
v 0.366377 0.742038 0.293500
v 0.365068 0.746194 0.293500
v 0.364043 0.750429 0.293500
v 0.363308 0.754723 0.293500
v 0.362865 0.759058 0.293500
v 0.362718 0.763413 0.293500
v 0.362865 0.767767 0.293500
v 0.363308 0.772102 0.293500
v 0.364043 0.776397 0.293500
v 0.365068 0.780631 0.293500
v 0.366377 0.784787 0.293500
v 0.367964 0.788845 0.293500
v 0.369823 0.792785 0.293500
v 0.371945 0.796591 0.293500
v 0.374320 0.800244 0.293500
v 0.376937 0.803728 0.293500
v 0.376937 0.803728 0.289500
v 0.376937 0.723098 0.289500
v 0.374320 0.726581 0.289500
v 0.371945 0.730234 0.289500
v 0.369823 0.734040 0.289500
v 0.367964 0.737981 0.289500
v 0.366377 0.742038 0.289500
v 0.365068 0.746194 0.289500
v 0.364043 0.750429 0.289500
v 0.363308 0.754723 0.289500
v 0.362865 0.759058 0.289500
v 0.362718 0.763413 0.289500
v 0.362865 0.767767 0.289500
v 0.363308 0.772102 0.289500
v 0.364043 0.776397 0.289500
v 0.365068 0.780631 0.289500
v 0.366377 0.784787 0.289500
v 0.367964 0.788845 0.289500
v 0.369823 0.792785 0.289500
v 0.371945 0.796591 0.289500
v 0.374320 0.800244 0.289500
vn -0.0000 -0.0000 1.0000
vn 1.0000 -0.0000 -0.0000
vn -0.7788 0.6273 -0.0000
vn -0.7787 0.6273 -0.0000
vn -0.8195 0.5731 -0.0000
vn -0.8564 0.5163 -0.0000
vn -0.8894 0.4571 -0.0000
vn -0.9184 0.3957 -0.0000
vn -0.9431 0.3326 -0.0000
vn -0.9634 0.2679 -0.0000
vn -0.9794 0.2020 -0.0000
vn -0.9908 0.1352 -0.0000
vn -0.9977 0.0678 -0.0000
vn -1.0000 -0.0000 -0.0000
vn -0.9977 -0.0678 -0.0000
vn -0.9908 -0.1352 -0.0000
vn -0.9794 -0.2020 -0.0000
vn -0.9634 -0.2679 -0.0000
vn -0.9431 -0.3326 -0.0000
vn -0.9184 -0.3957 -0.0000
vn -0.9184 -0.3958 -0.0000
vn -0.8894 -0.4571 -0.0000
vn -0.8564 -0.5163 -0.0000
vn -0.8195 -0.5731 -0.0000
vn -0.7787 -0.6273 -0.0000
vn -0.0000 -0.0000 -1.0000
vt -0.710953 4.031519
vt -0.710953 -4.031519
vt -0.449267 3.683144
vt -0.449267 -3.683144
vt -0.211790 -3.317837
vt -0.211790 3.317837
vt 0.000387 -2.937278
vt 0.000387 2.937278
vt 0.186289 -2.543216
vt 0.186289 2.543216
vt 0.345060 -2.137461
vt 0.345060 2.137461
vt 0.475971 -1.721881
vt 0.475971 1.721881
vt 0.578420 -1.298385
vt 0.578420 1.298385
vt 0.651937 -0.868921
vt 0.651937 0.868921
vt 0.696182 -0.435461
vt 0.696182 0.435461
vt 0.710953 0.000000
vt 0.000000 0.800000
vt 8.063039 0.800000
vt 0.000000 1.200000
vt 8.063039 1.200000
vt -1.200000 0.000000
vt -0.800000 0.000000
vt -1.200000 0.435795
vt -0.800000 0.435795
vt -1.200000 0.871590
vt -0.800000 0.871590
vt -1.200000 1.307385
vt -0.800000 1.307385
vt -1.200000 1.743181
vt -0.800000 1.743181
vt -1.200000 2.178976
vt -0.800000 2.178976
vt -1.200000 2.614771
vt -0.800000 2.614771
vt -1.200000 3.050566
vt -0.800000 3.050566
vt -1.200000 3.486361
vt -0.800000 3.486361
vt -1.200000 3.922156
vt -0.800000 3.922156
vt -1.200000 4.357952
vt -0.800000 4.357952
vt -1.200000 4.793746
vt -0.800000 4.793746
vt -1.200000 5.229542
vt -0.800000 5.229542
vt -1.200000 5.665337
vt -0.800000 5.665337
vt -1.200000 6.101132
vt -0.800000 6.101132
vt -1.200000 6.536927
vt -0.800000 6.536927
vt -1.200000 6.972723
vt -0.800000 6.972723
vt -1.200000 7.408517
vt -0.800000 7.408517
vt -1.200000 7.844313
vt -0.800000 7.844313
vt -1.200000 8.280107
vt -0.800000 8.280107
vt -1.200000 8.715903
vt -0.800000 8.715903
vt -15.784346 3.740701
vt -15.784346 -4.322338
vt -15.522659 3.392326
vt -15.522659 -3.973963
vt -15.285182 -3.608656
vt -15.285182 3.027019
vt -15.073005 -3.228096
vt -15.073005 2.646460
vt -14.887103 -2.834034
vt -14.887103 2.252397
vt -14.728333 -2.428280
vt -14.728333 1.846643
vt -14.597421 -2.012700
vt -14.597421 1.431063
vt -14.494971 -1.589204
vt -14.494971 1.007567
vt -14.421455 -1.159739
vt -14.421455 0.578102
vt -14.377210 -0.726280
vt -14.377210 0.144643
vt -14.362439 -0.290818
s 1
usemtl XID_EPX150AirBakedwithCarbonM2M3L13DPrinters_00E749C5D2D948C3A90C80E6474C494C
f 9199/3361/645 9179/3362/645 9198/3363/645
f 9198/3363/645 9179/3362/645 9180/3364/645
f 9198/3363/645 9180/3364/645 9181/3365/645
f 9198/3363/645 9181/3365/645 9197/3366/645
f 9197/3366/645 9181/3365/645 9182/3367/645
f 9197/3366/645 9182/3367/645 9196/3368/645
f 9196/3368/645 9182/3367/645 9183/3369/645
f 9196/3368/645 9183/3369/645 9195/3370/645
f 9195/3370/645 9183/3369/645 9184/3371/645
f 9195/3370/645 9184/3371/645 9194/3372/645
f 9194/3372/645 9184/3371/645 9185/3373/645
f 9194/3372/645 9185/3373/645 9193/3374/645
f 9193/3374/645 9185/3373/645 9186/3375/645
f 9193/3374/645 9186/3375/645 9192/3376/645
f 9192/3376/645 9186/3375/645 9187/3377/645
f 9192/3376/645 9187/3377/645 9191/3378/645
f 9191/3378/645 9187/3377/645 9188/3379/645
f 9191/3378/645 9188/3379/645 9190/3380/645
f 9190/3380/645 9188/3379/645 9189/3381/645
usemtl XID_PowderCoatWhite_C5D3469A115F4360A5203AA407F78E2F
f 9200/3382/646 9201/3383/646 9203/3384/646
f 9203/3384/646 9201/3383/646 9202/3385/646
f 9245/3386/647 9204/3387/648 9244/3388/649
f 9244/3388/649 9204/3387/648 9205/3389/649
f 9244/3388/649 9205/3389/649 9243/3390/650
f 9243/3390/650 9205/3389/649 9206/3391/650
f 9243/3390/650 9206/3391/650 9242/3392/651
f 9242/3392/651 9206/3391/650 9207/3393/651
f 9242/3392/651 9207/3393/651 9241/3394/652
f 9241/3394/652 9207/3393/651 9208/3395/652
f 9241/3394/652 9208/3395/652 9240/3396/653
f 9240/3396/653 9208/3395/652 9209/3397/653
f 9240/3396/653 9209/3397/653 9239/3398/654
f 9239/3398/654 9209/3397/653 9210/3399/654
f 9239/3398/654 9210/3399/654 9238/3400/655
f 9238/3400/655 9210/3399/654 9211/3401/655
f 9238/3400/655 9211/3401/655 9237/3402/656
f 9237/3402/656 9211/3401/655 9212/3403/656
f 9237/3402/656 9212/3403/656 9236/3404/657
f 9236/3404/657 9212/3403/656 9213/3405/657
f 9236/3404/657 9213/3405/657 9235/3406/658
f 9235/3406/658 9213/3405/657 9214/3407/658
f 9235/3406/658 9214/3407/658 9234/3408/659
f 9234/3408/659 9214/3407/658 9215/3409/659
f 9234/3408/659 9215/3409/659 9233/3410/660
f 9233/3410/660 9215/3409/659 9216/3411/660
f 9233/3410/660 9216/3411/660 9232/3412/661
f 9232/3412/661 9216/3411/660 9217/3413/661
f 9232/3412/661 9217/3413/661 9231/3414/662
f 9231/3414/662 9217/3413/661 9218/3415/662
f 9231/3414/662 9218/3415/662 9230/3416/663
f 9230/3416/663 9218/3415/662 9219/3417/663
f 9230/3416/663 9219/3417/663 9229/3418/664
f 9229/3418/664 9219/3417/663 9220/3419/665
f 9229/3418/664 9220/3419/665 9228/3420/666
f 9228/3420/666 9220/3419/665 9221/3421/666
f 9228/3420/666 9221/3421/666 9227/3422/667
f 9227/3422/667 9221/3421/666 9222/3423/667
f 9227/3422/667 9222/3423/667 9226/3424/668
f 9226/3424/668 9222/3423/667 9223/3425/668
f 9226/3424/668 9223/3425/668 9225/3426/669
f 9225/3426/669 9223/3425/668 9224/3427/669
f 9246/3428/670 9247/3429/670 9266/3430/670
f 9266/3430/670 9247/3429/670 9248/3431/670
f 9266/3430/670 9248/3431/670 9249/3432/670
f 9266/3430/670 9249/3432/670 9265/3433/670
f 9265/3433/670 9249/3432/670 9250/3434/670
f 9265/3433/670 9250/3434/670 9264/3435/670
f 9264/3435/670 9250/3434/670 9251/3436/670
f 9264/3435/670 9251/3436/670 9263/3437/670
f 9263/3437/670 9251/3436/670 9252/3438/670
f 9263/3437/670 9252/3438/670 9262/3439/670
f 9262/3439/670 9252/3438/670 9253/3440/670
f 9262/3439/670 9253/3440/670 9261/3441/670
f 9261/3441/670 9253/3440/670 9254/3442/670
f 9261/3441/670 9254/3442/670 9260/3443/670
f 9260/3443/670 9254/3442/670 9255/3444/670
f 9260/3443/670 9255/3444/670 9259/3445/670
f 9259/3445/670 9255/3444/670 9256/3446/670
f 9259/3445/670 9256/3446/670 9258/3447/670
f 9258/3447/670 9256/3446/670 9257/3448/670
o Body7
v -0.063063 0.924497 0.289500
v -0.063063 0.806371 0.289500
v -0.069368 0.797966 0.289500
v -0.074245 0.788659 0.289500
v -0.077568 0.778691 0.289500
v -0.079251 0.768319 0.289500
v -0.079251 0.757812 0.289500
v -0.077568 0.747440 0.289500
v -0.074245 0.737472 0.289500
v -0.069368 0.728165 0.289500
v -0.063063 0.719759 0.289500
v -0.063063 0.605179 0.289500
v -0.063161 0.604561 0.289500
v -0.063445 0.604003 0.289500
v -0.063888 0.603561 0.289500
v -0.064445 0.603276 0.289500
v -0.065063 0.603179 0.289500
v -0.370810 0.603179 0.289500
v -0.371428 0.603276 0.289500
v -0.371986 0.603561 0.289500
v -0.372428 0.604003 0.289500
v -0.372712 0.604561 0.289500
v -0.372810 0.605179 0.289500
v -0.372810 0.924497 0.289500
v -0.372712 0.925115 0.289500
v -0.372428 0.925672 0.289500
v -0.371986 0.926115 0.289500
v -0.371428 0.926399 0.289500
v -0.370810 0.926497 0.289500
v -0.065063 0.926497 0.289500
v -0.064445 0.926399 0.289500
v -0.063888 0.926115 0.289500
v -0.063445 0.925672 0.289500
v -0.063161 0.925115 0.289500
v -0.372810 0.605179 0.289500
v -0.372712 0.604561 0.289500
v -0.372428 0.604003 0.289500
v -0.371986 0.603561 0.289500
v -0.371428 0.603276 0.289500
v -0.370810 0.603179 0.289500
v -0.370810 0.603179 0.291500
v -0.371428 0.603276 0.291500
v -0.371986 0.603561 0.291500
v -0.372428 0.604003 0.291500
v -0.372712 0.604561 0.291500
v -0.372810 0.605179 0.291500
v -0.370810 0.603179 0.289500
v -0.065063 0.603179 0.289500
v -0.065063 0.603179 0.291500
v -0.370810 0.603179 0.291500
v -0.065063 0.603179 0.289500
v -0.064445 0.603276 0.289500
v -0.063888 0.603561 0.289500
v -0.063445 0.604003 0.289500
v -0.063161 0.604561 0.289500
v -0.063063 0.605179 0.289500
v -0.063063 0.605179 0.291500
v -0.063161 0.604561 0.291500
v -0.063445 0.604003 0.291500
v -0.063888 0.603561 0.291500
v -0.064445 0.603276 0.291500
v -0.065063 0.603179 0.291500
v -0.063063 0.605179 0.289500
v -0.063063 0.719759 0.289500
v -0.063063 0.719759 0.291500
v -0.063063 0.605179 0.291500
v -0.063063 0.719759 0.289500
v -0.069368 0.728165 0.289500
v -0.074245 0.737472 0.289500
v -0.077568 0.747440 0.289500
v -0.079251 0.757812 0.289500
v -0.079251 0.768319 0.289500
v -0.077568 0.778691 0.289500
v -0.074245 0.788659 0.289500
v -0.069368 0.797966 0.289500
v -0.063063 0.806371 0.289500
v -0.063063 0.806371 0.291500
v -0.069368 0.797966 0.291500
v -0.074245 0.788659 0.291500
v -0.077568 0.778691 0.291500
v -0.079251 0.768319 0.291500
v -0.079251 0.757812 0.291500
v -0.077568 0.747440 0.291500
v -0.074245 0.737472 0.291500
v -0.069368 0.728165 0.291500
v -0.063063 0.719759 0.291500
v -0.063063 0.806371 0.289500
v -0.063063 0.924497 0.289500
v -0.063063 0.924497 0.291500
v -0.063063 0.806371 0.291500
v -0.372810 0.924497 0.289500
v -0.372810 0.605179 0.289500
v -0.372810 0.605179 0.291500
v -0.372810 0.924497 0.291500
v -0.370810 0.926497 0.289500
v -0.371428 0.926399 0.289500
v -0.371986 0.926115 0.289500
v -0.372428 0.925672 0.289500
v -0.372712 0.925115 0.289500
v -0.372810 0.924497 0.289500
v -0.372810 0.924497 0.291500
v -0.372712 0.925115 0.291500
v -0.372428 0.925672 0.291500
v -0.371986 0.926115 0.291500
v -0.371428 0.926399 0.291500
v -0.370810 0.926497 0.291500
v -0.065063 0.926497 0.289500
v -0.370810 0.926497 0.289500
v -0.370810 0.926497 0.291500
v -0.065063 0.926497 0.291500
v -0.063063 0.924497 0.289500
v -0.063161 0.925115 0.289500
v -0.063445 0.925672 0.289500
v -0.063888 0.926115 0.289500
v -0.064445 0.926399 0.289500
v -0.065063 0.926497 0.289500
v -0.065063 0.926497 0.291500
v -0.064445 0.926399 0.291500
v -0.063888 0.926115 0.291500
v -0.063445 0.925672 0.291500
v -0.063161 0.925115 0.291500
v -0.063063 0.924497 0.291500
v -0.063063 0.924497 0.291500
v -0.063161 0.925115 0.291500
v -0.063445 0.925672 0.291500
v -0.063888 0.926115 0.291500
v -0.064445 0.926399 0.291500
v -0.065063 0.926497 0.291500
v -0.370810 0.926497 0.291500
v -0.371428 0.926399 0.291500
v -0.371986 0.926115 0.291500
v -0.372428 0.925672 0.291500
v -0.372712 0.925115 0.291500
v -0.372810 0.924497 0.291500
v -0.372810 0.605179 0.291500
v -0.372712 0.604561 0.291500
v -0.372428 0.604003 0.291500
v -0.371986 0.603561 0.291500
v -0.371428 0.603276 0.291500
v -0.370810 0.603179 0.291500
v -0.065063 0.603179 0.291500
v -0.064445 0.603276 0.291500
v -0.063888 0.603561 0.291500
v -0.063445 0.604003 0.291500
v -0.063161 0.604561 0.291500
v -0.063063 0.605179 0.291500
v -0.063063 0.719759 0.291500
v -0.069368 0.728165 0.291500
v -0.074245 0.737472 0.291500
v -0.077568 0.747440 0.291500
v -0.079251 0.757812 0.291500
v -0.079251 0.768319 0.291500
v -0.077568 0.778691 0.291500
v -0.074245 0.788659 0.291500
v -0.069368 0.797966 0.291500
v -0.063063 0.806371 0.291500
vn -0.0000 -0.0000 -1.0000
vn -0.0000 0.0001 -1.0000
vn -0.0000 -0.0001 -1.0000
vn -1.0000 -0.0000 -0.0000
vn -0.9511 -0.3090 -0.0000
vn -0.8090 -0.5878 -0.0000
vn -0.5878 -0.8090 -0.0000
vn -0.3091 -0.9510 -0.0000
vn -0.3090 -0.9511 -0.0000
vn -0.0000 -1.0000 -0.0000
vn -0.0001 -1.0000 -0.0000
vn 0.3090 -0.9511 -0.0000
vn 0.3091 -0.9510 -0.0000
vn 0.5878 -0.8090 -0.0000
vn 0.8090 -0.5878 -0.0000
vn 0.9511 -0.3090 -0.0000
vn 1.0000 -0.0000 -0.0001
vn 1.0000 -0.0000 -0.0000
vn 0.7492 0.6623 -0.0000
vn 0.8456 0.5338 -0.0000
vn 0.9202 0.3915 -0.0000
vn 0.9710 0.2390 -0.0000
vn 0.9968 0.0804 -0.0000
vn 0.9968 -0.0804 -0.0000
vn 0.9710 -0.2390 -0.0000
vn 0.9202 -0.3915 -0.0000
vn 0.8456 -0.5338 -0.0000
vn 0.7492 -0.6623 -0.0000
vn -0.0000 1.0000 -0.0000
vn -0.3089 0.9511 -0.0000
vn -0.3090 0.9511 -0.0000
vn -0.5877 0.8091 -0.0000
vn -0.5879 0.8090 -0.0000
vn -0.8090 0.5878 -0.0000
vn -0.9511 0.3090 -0.0000
vn 1.0000 0.0001 -0.0000
vn 0.9511 0.3090 -0.0000
vn 0.8090 0.5878 -0.0000
vn 0.5879 0.8090 -0.0000
vn 0.5877 0.8091 -0.0000
vn 0.3090 0.9511 -0.0000
vn 0.3089 0.9511 -0.0000
vn -0.0000 -0.0000 1.0000
vn -0.0000 0.0001 1.0000
vn -0.0000 -0.0001 1.0000
vt -15.584345 4.005037
vt -15.384345 16.017595
vt -15.584345 15.817595
vt -15.446149 16.007807
vt -15.501903 15.979399
vt -14.953874 3.164478
vt -14.466196 2.233777
vt 15.190361 16.017595
vt -14.133906 1.236974
vt -13.965588 0.199812
vt -13.965588 -0.850918
vt 15.390361 -16.114227
vt 15.390361 15.817595
vt 15.252164 16.007807
vt 15.307918 15.979399
vt 15.352164 15.935152
vt 15.380572 15.879398
vt 15.190361 -16.314228
vt -14.133906 -1.888079
vt -14.466196 -2.884883
vt -15.384345 -16.314228
vt -14.953874 -3.815583
vt -15.584345 -4.656143
vt -15.584345 -16.114227
vt -15.446149 -16.304440
vt -15.501903 -16.276031
vt -15.546148 -16.231785
vt -15.574556 -16.176031
vt 15.252164 -16.304440
vt 15.307918 -16.276031
vt 15.352164 -16.231785
vt 15.380572 -16.176031
vt -15.546148 15.935152
vt -15.574556 15.879398
vt -1.000000 0.000000
vt -0.800000 0.000000
vt -1.000000 0.062832
vt -0.800000 0.062832
vt -1.000000 0.125664
vt -0.800000 0.125664
vt -1.000000 0.188496
vt -0.800000 0.188496
vt -1.000000 0.251327
vt -0.800000 0.251327
vt -1.000000 0.314159
vt -0.800000 0.314159
vt 0.000000 0.800000
vt 30.574705 0.800000
vt 0.000000 1.000000
vt 30.574705 1.000000
vt 11.458085 0.800000
vt 11.458085 1.000000
vt 1.000000 9.466779
vt 0.800000 9.466779
vt 1.000000 8.414915
vt 0.800000 8.414915
vt 1.000000 7.363050
vt 0.800000 7.363050
vt 1.000000 6.311186
vt 0.800000 6.311186
vt 1.000000 5.259322
vt 0.800000 5.259322
vt 1.000000 4.207458
vt 0.800000 4.207458
vt 1.000000 3.155593
vt 0.800000 3.155593
vt 1.000000 2.103729
vt 0.800000 2.103729
vt 1.000000 1.051864
vt 0.800000 1.051864
vt 1.000000 0.000000
vt 0.800000 0.000000
vt 11.812558 0.800000
vt 11.812558 1.000000
vt 31.931824 0.800000
vt 31.931824 1.000000
vt -15.477564 -16.027716
vt -15.449157 -16.083469
vt -15.487353 -15.965912
vt -15.404910 -16.127714
vt -15.349156 -16.156122
vt -15.287353 -16.165911
vt -15.487353 -4.153354
vt -14.856882 -3.312794
vt -14.369204 -2.382093
vt 15.287353 -16.165911
vt -14.036914 -1.385290
vt -13.868595 -0.348129
vt 15.487353 -15.965912
vt 15.487353 15.965912
vt 15.349156 -16.156122
vt 15.404910 -16.127714
vt 15.449157 -16.083469
vt 15.477564 -16.027716
vt 15.477564 16.027716
vt 15.449157 16.083469
vt 15.404910 16.127714
vt 15.349156 16.156122
vt 15.287353 16.165911
vt -13.868595 0.702601
vt -15.287353 16.165911
vt -14.369204 2.736566
vt -14.036914 1.739763
vt -15.349156 16.156122
vt -15.487353 15.965912
vt -15.487353 4.507826
vt -14.856882 3.667267
vt -15.404910 16.127714
vt -15.449157 16.083469
vt -15.477564 16.027716
s 1
usemtl XID_Mirror_6C616A68A0274B9A95C3EA6BF31EFE52
f 9390/3525/713 9391/3526/714 9389/3527/713
f 9389/3527/713 9391/3526/714 9392/3528/713
f 9389/3527/713 9392/3528/713 9393/3529/715
f 9393/3529/715 9394/3530/713 9389/3527/713
f 9389/3527/713 9394/3530/713 9422/3531/713
f 9422/3531/713 9394/3530/713 9421/3532/713
f 9421/3532/713 9394/3530/713 9420/3533/713
f 9420/3533/713 9394/3530/713 9395/3534/713
f 9420/3533/713 9395/3534/713 9419/3535/713
f 9419/3535/713 9395/3534/713 9418/3536/713
f 9418/3536/713 9395/3534/713 9400/3537/713
f 9418/3536/713 9400/3537/713 9401/3538/713
f 9395/3534/713 9396/3539/714 9400/3537/713
f 9400/3537/713 9396/3539/714 9397/3540/715
f 9400/3537/713 9397/3540/715 9398/3541/714
f 9398/3541/714 9399/3542/713 9400/3537/713
f 9402/3543/713 9403/3544/715 9401/3538/713
f 9401/3538/713 9403/3544/715 9404/3545/714
f 9401/3538/713 9404/3545/714 9405/3546/715
f 9405/3546/715 9406/3547/713 9401/3538/713
f 9401/3538/713 9406/3547/713 9417/3548/713
f 9401/3538/713 9417/3548/713 9418/3536/713
f 9407/3549/713 9415/3550/713 9406/3547/713
f 9406/3547/713 9415/3550/713 9416/3551/713
f 9406/3547/713 9416/3551/713 9417/3548/713
f 9408/3552/714 9412/3553/713 9407/3549/713
f 9407/3549/713 9412/3553/713 9413/3554/713
f 9407/3549/713 9413/3554/713 9414/3555/713
f 9408/3552/714 9409/3556/713 9412/3553/713
f 9412/3553/713 9409/3556/713 9410/3557/715
f 9412/3553/713 9410/3557/715 9411/3558/713
f 9414/3555/713 9415/3550/713 9407/3549/713
usemtl XID_PowderCoatWhite_C5D3469A115F4360A5203AA407F78E2F
f 9268/3449/671 9296/3450/671 9267/3451/671
f 9267/3451/671 9296/3450/671 9297/3452/671
f 9267/3451/671 9297/3452/671 9298/3453/672
f 9268/3449/671 9269/3454/671 9296/3450/671
f 9296/3450/671 9269/3454/671 9270/3455/671
f 9296/3450/671 9270/3455/671 9295/3456/671
f 9295/3456/671 9270/3455/671 9271/3457/671
f 9295/3456/671 9271/3457/671 9272/3458/671
f 9273/3459/671 9289/3460/671 9272/3458/671
f 9272/3458/671 9289/3460/671 9290/3461/671
f 9272/3458/671 9290/3461/671 9295/3456/671
f 9295/3456/671 9290/3461/671 9294/3462/673
f 9294/3462/673 9290/3461/671 9293/3463/672
f 9293/3463/672 9290/3461/671 9292/3464/673
f 9292/3464/673 9290/3461/671 9291/3465/672
f 9289/3460/671 9273/3459/671 9284/3466/671
f 9284/3466/671 9273/3459/671 9274/3467/671
f 9284/3466/671 9274/3467/671 9275/3468/671
f 9284/3466/671 9275/3468/671 9283/3469/671
f 9283/3469/671 9275/3468/671 9276/3470/671
f 9283/3469/671 9276/3470/671 9277/3471/671
f 9277/3471/671 9278/3472/671 9283/3469/671
f 9283/3469/671 9278/3472/671 9282/3473/672
f 9282/3473/672 9278/3472/671 9281/3474/673
f 9281/3474/673 9278/3472/671 9280/3475/672
f 9280/3475/672 9278/3472/671 9279/3476/671
f 9284/3466/671 9285/3477/672 9289/3460/671
f 9289/3460/671 9285/3477/672 9286/3478/673
f 9289/3460/671 9286/3478/673 9287/3479/672
f 9287/3479/672 9288/3480/673 9289/3460/671
f 9298/3453/672 9299/3481/673 9267/3451/671
f 9267/3451/671 9299/3481/673 9300/3482/671
f 9312/3483/674 9301/3484/674 9311/3485/675
f 9311/3485/675 9301/3484/674 9302/3486/675
f 9311/3485/675 9302/3486/675 9310/3487/676
f 9310/3487/676 9302/3486/675 9303/3488/676
f 9310/3487/676 9303/3488/676 9309/3489/677
f 9309/3489/677 9303/3488/676 9304/3490/677
f 9309/3489/677 9304/3490/677 9308/3491/678
f 9308/3491/678 9304/3490/677 9305/3492/679
f 9308/3491/678 9305/3492/679 9307/3493/680
f 9307/3493/680 9305/3492/679 9306/3494/681
f 9313/3495/680 9314/3496/680 9316/3497/680
f 9316/3497/680 9314/3496/680 9315/3498/680
f 9328/3483/680 9317/3484/680 9327/3485/682
f 9327/3485/682 9317/3484/680 9318/3486/683
f 9327/3485/682 9318/3486/683 9326/3487/684
f 9326/3487/684 9318/3486/683 9319/3488/684
f 9326/3487/684 9319/3488/684 9325/3489/685
f 9325/3489/685 9319/3488/684 9320/3490/685
f 9325/3489/685 9320/3490/685 9324/3491/686
f 9324/3491/686 9320/3490/685 9321/3492/686
f 9324/3491/686 9321/3492/686 9323/3493/687
f 9323/3493/687 9321/3492/686 9322/3494/688
f 9329/3495/688 9330/3499/688 9332/3497/688
f 9332/3497/688 9330/3499/688 9331/3500/688
f 9352/3501/689 9333/3502/689 9351/3503/690
f 9351/3503/690 9333/3502/689 9334/3504/690
f 9351/3503/690 9334/3504/690 9350/3505/691
f 9350/3505/691 9334/3504/690 9335/3506/691
f 9350/3505/691 9335/3506/691 9349/3507/692
f 9349/3507/692 9335/3506/691 9336/3508/692
f 9349/3507/692 9336/3508/692 9348/3509/693
f 9348/3509/693 9336/3508/692 9337/3510/693
f 9348/3509/693 9337/3510/693 9347/3511/694
f 9347/3511/694 9337/3510/693 9338/3512/694
f 9347/3511/694 9338/3512/694 9346/3513/695
f 9346/3513/695 9338/3512/694 9339/3514/695
f 9346/3513/695 9339/3514/695 9345/3515/696
f 9345/3515/696 9339/3514/695 9340/3516/696
f 9345/3515/696 9340/3516/696 9344/3517/697
f 9344/3517/697 9340/3516/696 9341/3518/697
f 9344/3517/697 9341/3518/697 9343/3519/698
f 9343/3519/698 9341/3518/697 9342/3520/698
f 9353/3495/688 9354/3521/688 9356/3497/688
f 9356/3497/688 9354/3521/688 9355/3522/688
f 9357/3495/674 9358/3523/674 9360/3497/674
f 9360/3497/674 9358/3523/674 9359/3524/674
f 9372/3483/699 9361/3484/699 9371/3485/700
f 9371/3485/700 9361/3484/699 9362/3486/701
f 9371/3485/700 9362/3486/701 9370/3487/702
f 9370/3487/702 9362/3486/701 9363/3488/703
f 9370/3487/702 9363/3488/703 9369/3489/704
f 9369/3489/704 9363/3488/703 9364/3490/704
f 9369/3489/704 9364/3490/704 9368/3491/705
f 9368/3491/705 9364/3490/704 9365/3492/705
f 9368/3491/705 9365/3492/705 9367/3493/674
f 9367/3493/674 9365/3492/705 9366/3494/674
f 9373/3495/699 9374/3496/699 9376/3497/699
f 9376/3497/699 9374/3496/699 9375/3498/699
f 9388/3483/706 9377/3484/706 9387/3485/707
f 9387/3485/707 9377/3484/706 9378/3486/707
f 9387/3485/707 9378/3486/707 9386/3487/708
f 9386/3487/708 9378/3486/707 9379/3488/708
f 9386/3487/708 9379/3488/708 9385/3489/709
f 9385/3489/709 9379/3488/708 9380/3490/710
f 9385/3489/709 9380/3490/710 9384/3491/711
f 9384/3491/711 9380/3490/710 9381/3492/712
f 9384/3491/711 9381/3492/712 9383/3493/699
f 9383/3493/699 9381/3492/712 9382/3494/699
o Body8
v -0.063063 0.803728 0.293500
v -0.065680 0.800244 0.293500
v -0.068055 0.796591 0.293500
v -0.070177 0.792785 0.293500
v -0.072036 0.788845 0.293500
v -0.073623 0.784787 0.293500
v -0.074933 0.780631 0.293500
v -0.075957 0.776397 0.293500
v -0.076692 0.772102 0.293500
v -0.077135 0.767767 0.293500
v -0.077282 0.763413 0.293500
v -0.077135 0.759058 0.293500
v -0.076692 0.754723 0.293500
v -0.075957 0.750429 0.293500
v -0.074933 0.746194 0.293500
v -0.073623 0.742038 0.293500
v -0.072036 0.737981 0.293500
v -0.070177 0.734040 0.293500
v -0.068055 0.730234 0.293500
v -0.065680 0.726581 0.293500
v -0.063063 0.723098 0.293500
v -0.063063 0.723098 0.289500
v -0.063063 0.803728 0.289500
v -0.063063 0.803728 0.293500
v -0.063063 0.723098 0.293500
v -0.063063 0.803728 0.289500
v -0.065680 0.800244 0.289500
v -0.068055 0.796591 0.289500
v -0.070177 0.792785 0.289500
v -0.072036 0.788845 0.289500
v -0.073623 0.784787 0.289500
v -0.074933 0.780631 0.289500
v -0.075957 0.776397 0.289500
v -0.076692 0.772102 0.289500
v -0.077135 0.767767 0.289500
v -0.077282 0.763413 0.289500
v -0.077135 0.759058 0.289500
v -0.076692 0.754723 0.289500
v -0.075957 0.750429 0.289500
v -0.074933 0.746194 0.289500
v -0.073623 0.742038 0.289500
v -0.072036 0.737981 0.289500
v -0.070177 0.734040 0.289500
v -0.068055 0.730234 0.289500
v -0.065680 0.726581 0.289500
v -0.063063 0.723098 0.289500
v -0.063063 0.723098 0.293500
v -0.065680 0.726581 0.293500
v -0.068055 0.730234 0.293500
v -0.070177 0.734040 0.293500
v -0.072036 0.737981 0.293500
v -0.073623 0.742038 0.293500
v -0.074933 0.746194 0.293500
v -0.075957 0.750429 0.293500
v -0.076692 0.754723 0.293500
v -0.077135 0.759058 0.293500
v -0.077282 0.763413 0.293500
v -0.077135 0.767767 0.293500
v -0.076692 0.772102 0.293500
v -0.075957 0.776397 0.293500
v -0.074933 0.780631 0.293500
v -0.073623 0.784787 0.293500
v -0.072036 0.788845 0.293500
v -0.070177 0.792785 0.293500
v -0.068055 0.796591 0.293500
v -0.065680 0.800244 0.293500
v -0.063063 0.803728 0.293500
v -0.063063 0.803728 0.289500
v -0.063063 0.723098 0.289500
v -0.065680 0.726581 0.289500
v -0.068055 0.730234 0.289500
v -0.070177 0.734040 0.289500
v -0.072036 0.737981 0.289500
v -0.073623 0.742038 0.289500
v -0.074933 0.746194 0.289500
v -0.075957 0.750429 0.289500
v -0.076692 0.754723 0.289500
v -0.077135 0.759058 0.289500
v -0.077282 0.763413 0.289500
v -0.077135 0.767767 0.289500
v -0.076692 0.772102 0.289500
v -0.075957 0.776397 0.289500
v -0.074933 0.780631 0.289500
v -0.073623 0.784787 0.289500
v -0.072036 0.788845 0.289500
v -0.070177 0.792785 0.289500
v -0.068055 0.796591 0.289500
v -0.065680 0.800244 0.289500
vn -0.0000 -0.0000 1.0000
vn 1.0000 -0.0000 -0.0000
vn -0.7787 0.6273 -0.0000
vn -0.8195 0.5731 -0.0000
vn -0.8564 0.5163 -0.0000
vn -0.8894 0.4571 -0.0000
vn -0.9184 0.3958 -0.0000
vn -0.9431 0.3326 -0.0000
vn -0.9634 0.2679 -0.0000
vn -0.9794 0.2020 -0.0000
vn -0.9908 0.1352 -0.0000
vn -0.9977 0.0678 -0.0000
vn -1.0000 -0.0000 -0.0000
vn -0.9977 -0.0678 -0.0000
vn -0.9908 -0.1352 -0.0000
vn -0.9794 -0.2020 -0.0000
vn -0.9634 -0.2679 -0.0000
vn -0.9431 -0.3326 -0.0000
vn -0.9184 -0.3957 -0.0000
vn -0.9184 -0.3958 -0.0000
vn -0.8894 -0.4571 -0.0000
vn -0.8564 -0.5163 -0.0000
vn -0.8195 -0.5731 -0.0000
vn -0.7787 -0.6273 -0.0000
vn -0.0000 -0.0000 -1.0000
vt -0.710953 4.031519
vt -0.710953 -4.031519
vt -0.449267 3.683144
vt -0.449267 -3.683144
vt -0.211790 -3.317837
vt -0.211790 3.317837
vt 0.000387 -2.937278
vt 0.000387 2.937278
vt 0.186289 -2.543216
vt 0.186289 2.543216
vt 0.345060 -2.137461
vt 0.345060 2.137461
vt 0.475971 -1.721881
vt 0.475971 1.721881
vt 0.578420 -1.298385
vt 0.578420 1.298385
vt 0.651937 -0.868921
vt 0.651937 0.868921
vt 0.696182 -0.435461
vt 0.696182 0.435461
vt 0.710953 0.000000
vt 0.000000 0.800000
vt 8.063039 0.800000
vt 0.000000 1.200000
vt 8.063039 1.200000
vt -1.200000 0.000000
vt -0.800000 0.000000
vt -1.200000 0.435795
vt -0.800000 0.435795
vt -1.200000 0.871590
vt -0.800000 0.871590
vt -1.200000 1.307385
vt -0.800000 1.307385
vt -1.200000 1.743181
vt -0.800000 1.743181
vt -1.200000 2.178976
vt -0.800000 2.178976
vt -1.200000 2.614771
vt -0.800000 2.614771
vt -1.200000 3.050566
vt -0.800000 3.050566
vt -1.200000 3.486361
vt -0.800000 3.486361
vt -1.200000 3.922156
vt -0.800000 3.922156
vt -1.200000 4.357952
vt -0.800000 4.357952
vt -1.200000 4.793746
vt -0.800000 4.793746
vt -1.200000 5.229542
vt -0.800000 5.229542
vt -1.200000 5.665337
vt -0.800000 5.665337
vt -1.200000 6.101132
vt -0.800000 6.101132
vt -1.200000 6.536927
vt -0.800000 6.536927
vt -1.200000 6.972723
vt -0.800000 6.972723
vt -1.200000 7.408517
vt -0.800000 7.408517
vt -1.200000 7.844313
vt -0.800000 7.844313
vt -1.200000 8.280107
vt -0.800000 8.280107
vt -1.200000 8.715903
vt -0.800000 8.715903
vt -15.584345 3.740701
vt -15.584345 -4.322338
vt -15.322659 3.392326
vt -15.322659 -3.973963
vt -15.085182 -3.608656
vt -15.085182 3.027019
vt -14.873005 -3.228096
vt -14.873005 2.646460
vt -14.687103 -2.834034
vt -14.687103 2.252397
vt -14.528332 -2.428280
vt -14.528332 1.846643
vt -14.397421 -2.012700
vt -14.397421 1.431063
vt -14.294971 -1.589204
vt -14.294971 1.007567
vt -14.221456 -1.159739
vt -14.221456 0.578102
vt -14.177210 -0.726280
vt -14.177210 0.144643
vt -14.162439 -0.290818
s 1
usemtl XID_EPX150AirBakedwithCarbonM2M3L13DPrinters_00E749C5D2D948C3A90C80E6474C494C
f 9443/3559/716 9423/3560/716 9442/3561/716
f 9442/3561/716 9423/3560/716 9424/3562/716
f 9442/3561/716 9424/3562/716 9425/3563/716
f 9442/3561/716 9425/3563/716 9441/3564/716
f 9441/3564/716 9425/3563/716 9426/3565/716
f 9441/3564/716 9426/3565/716 9440/3566/716
f 9440/3566/716 9426/3565/716 9427/3567/716
f 9440/3566/716 9427/3567/716 9439/3568/716
f 9439/3568/716 9427/3567/716 9428/3569/716
f 9439/3568/716 9428/3569/716 9438/3570/716
f 9438/3570/716 9428/3569/716 9429/3571/716
f 9438/3570/716 9429/3571/716 9437/3572/716
f 9437/3572/716 9429/3571/716 9430/3573/716
f 9437/3572/716 9430/3573/716 9436/3574/716
f 9436/3574/716 9430/3573/716 9431/3575/716
f 9436/3574/716 9431/3575/716 9435/3576/716
f 9435/3576/716 9431/3575/716 9432/3577/716
f 9435/3576/716 9432/3577/716 9434/3578/716
f 9434/3578/716 9432/3577/716 9433/3579/716
usemtl XID_PowderCoatWhite_C5D3469A115F4360A5203AA407F78E2F
f 9444/3580/717 9445/3581/717 9447/3582/717
f 9447/3582/717 9445/3581/717 9446/3583/717
f 9489/3584/718 9448/3585/718 9488/3586/719
f 9488/3586/719 9448/3585/718 9449/3587/719
f 9488/3586/719 9449/3587/719 9487/3588/720
f 9487/3588/720 9449/3587/719 9450/3589/720
f 9487/3588/720 9450/3589/720 9486/3590/721
f 9486/3590/721 9450/3589/720 9451/3591/721
f 9486/3590/721 9451/3591/721 9485/3592/722
f 9485/3592/722 9451/3591/721 9452/3593/722
f 9485/3592/722 9452/3593/722 9484/3594/723
f 9484/3594/723 9452/3593/722 9453/3595/723
f 9484/3594/723 9453/3595/723 9483/3596/724
f 9483/3596/724 9453/3595/723 9454/3597/724
f 9483/3596/724 9454/3597/724 9482/3598/725
f 9482/3598/725 9454/3597/724 9455/3599/725
f 9482/3598/725 9455/3599/725 9481/3600/726
f 9481/3600/726 9455/3599/725 9456/3601/726
f 9481/3600/726 9456/3601/726 9480/3602/727
f 9480/3602/727 9456/3601/726 9457/3603/727
f 9480/3602/727 9457/3603/727 9479/3604/728
f 9479/3604/728 9457/3603/727 9458/3605/728
f 9479/3604/728 9458/3605/728 9478/3606/729
f 9478/3606/729 9458/3605/728 9459/3607/729
f 9478/3606/729 9459/3607/729 9477/3608/730
f 9477/3608/730 9459/3607/729 9460/3609/730
f 9477/3608/730 9460/3609/730 9476/3610/731
f 9476/3610/731 9460/3609/730 9461/3611/731
f 9476/3610/731 9461/3611/731 9475/3612/732
f 9475/3612/732 9461/3611/731 9462/3613/732
f 9475/3612/732 9462/3613/732 9474/3614/733
f 9474/3614/733 9462/3613/732 9463/3615/733
f 9474/3614/733 9463/3615/733 9473/3616/734
f 9473/3616/734 9463/3615/733 9464/3617/735
f 9473/3616/734 9464/3617/735 9472/3618/736
f 9472/3618/736 9464/3617/735 9465/3619/736
f 9472/3618/736 9465/3619/736 9471/3620/737
f 9471/3620/737 9465/3619/736 9466/3621/737
f 9471/3620/737 9466/3621/737 9470/3622/738
f 9470/3622/738 9466/3621/737 9467/3623/738
f 9470/3622/738 9467/3623/738 9469/3624/739
f 9469/3624/739 9467/3623/738 9468/3625/739
f 9490/3626/740 9491/3627/740 9510/3628/740
f 9510/3628/740 9491/3627/740 9492/3629/740
f 9510/3628/740 9492/3629/740 9493/3630/740
f 9510/3628/740 9493/3630/740 9509/3631/740
f 9509/3631/740 9493/3630/740 9494/3632/740
f 9509/3631/740 9494/3632/740 9508/3633/740
f 9508/3633/740 9494/3632/740 9495/3634/740
f 9508/3633/740 9495/3634/740 9507/3635/740
f 9507/3635/740 9495/3634/740 9496/3636/740
f 9507/3635/740 9496/3636/740 9506/3637/740
f 9506/3637/740 9496/3636/740 9497/3638/740
f 9506/3637/740 9497/3638/740 9505/3639/740
f 9505/3639/740 9497/3638/740 9498/3640/740
f 9505/3639/740 9498/3640/740 9504/3641/740
f 9504/3641/740 9498/3640/740 9499/3642/740
f 9504/3641/740 9499/3642/740 9503/3643/740
f 9503/3643/740 9499/3642/740 9500/3644/740
f 9503/3643/740 9500/3644/740 9502/3645/740
f 9502/3645/740 9500/3644/740 9501/3646/740
o Body9
v -0.063063 0.522163 0.289500
v -0.063063 0.404038 0.289500
v -0.069368 0.395632 0.289500
v -0.074245 0.386325 0.289500
v -0.077568 0.376357 0.289500
v -0.079251 0.365986 0.289500
v -0.079251 0.355478 0.289500
v -0.077568 0.345107 0.289500
v -0.074245 0.335139 0.289500
v -0.069368 0.325832 0.289500
v -0.063063 0.317426 0.289500
v -0.063063 0.202845 0.289500
v -0.063161 0.202227 0.289500
v -0.063445 0.201670 0.289500
v -0.063888 0.201227 0.289500
v -0.064445 0.200943 0.289500
v -0.065063 0.200845 0.289500
v -0.370810 0.200845 0.289500
v -0.371428 0.200943 0.289500
v -0.371986 0.201227 0.289500
v -0.372428 0.201670 0.289500
v -0.372712 0.202227 0.289500
v -0.372810 0.202845 0.289500
v -0.372810 0.522163 0.289500
v -0.372712 0.522781 0.289500
v -0.372428 0.523339 0.289500
v -0.371986 0.523782 0.289500
v -0.371428 0.524066 0.289500
v -0.370810 0.524163 0.289500
v -0.065063 0.524163 0.289500
v -0.064445 0.524066 0.289500
v -0.063888 0.523782 0.289500
v -0.063445 0.523339 0.289500
v -0.063161 0.522781 0.289500
v -0.372810 0.202845 0.289500
v -0.372712 0.202227 0.289500
v -0.372428 0.201670 0.289500
v -0.371986 0.201227 0.289500
v -0.371428 0.200943 0.289500
v -0.370810 0.200845 0.289500
v -0.370810 0.200845 0.291500
v -0.371428 0.200943 0.291500
v -0.371986 0.201227 0.291500
v -0.372428 0.201670 0.291500
v -0.372712 0.202227 0.291500
v -0.372810 0.202845 0.291500
v -0.370810 0.200845 0.289500
v -0.065063 0.200845 0.289500
v -0.065063 0.200845 0.291500
v -0.370810 0.200845 0.291500
v -0.065063 0.200845 0.289500
v -0.064445 0.200943 0.289500
v -0.063888 0.201227 0.289500
v -0.063445 0.201670 0.289500
v -0.063161 0.202227 0.289500
v -0.063063 0.202845 0.289500
v -0.063063 0.202845 0.291500
v -0.063161 0.202227 0.291500
v -0.063445 0.201670 0.291500
v -0.063888 0.201227 0.291500
v -0.064445 0.200943 0.291500
v -0.065063 0.200845 0.291500
v -0.063063 0.202845 0.289500
v -0.063063 0.317426 0.289500
v -0.063063 0.317426 0.291500
v -0.063063 0.202845 0.291500
v -0.063063 0.317426 0.289500
v -0.069368 0.325832 0.289500
v -0.074245 0.335139 0.289500
v -0.077568 0.345107 0.289500
v -0.079251 0.355478 0.289500
v -0.079251 0.365986 0.289500
v -0.077568 0.376357 0.289500
v -0.074245 0.386325 0.289500
v -0.069368 0.395632 0.289500
v -0.063063 0.404038 0.289500
v -0.063063 0.404038 0.291500
v -0.069368 0.395632 0.291500
v -0.074245 0.386325 0.291500
v -0.077568 0.376357 0.291500
v -0.079251 0.365986 0.291500
v -0.079251 0.355478 0.291500
v -0.077568 0.345107 0.291500
v -0.074245 0.335139 0.291500
v -0.069368 0.325832 0.291500
v -0.063063 0.317426 0.291500
v -0.063063 0.404038 0.289500
v -0.063063 0.522163 0.289500
v -0.063063 0.522163 0.291500
v -0.063063 0.404038 0.291500
v -0.372810 0.522163 0.289500
v -0.372810 0.202845 0.289500
v -0.372810 0.202845 0.291500
v -0.372810 0.522163 0.291500
v -0.370810 0.524163 0.289500
v -0.371428 0.524066 0.289500
v -0.371986 0.523782 0.289500
v -0.372428 0.523339 0.289500
v -0.372712 0.522781 0.289500
v -0.372810 0.522163 0.289500
v -0.372810 0.522163 0.291500
v -0.372712 0.522781 0.291500
v -0.372428 0.523339 0.291500
v -0.371986 0.523782 0.291500
v -0.371428 0.524066 0.291500
v -0.370810 0.524163 0.291500
v -0.065063 0.524163 0.289500
v -0.370810 0.524163 0.289500
v -0.370810 0.524163 0.291500
v -0.065063 0.524163 0.291500
v -0.063063 0.522163 0.289500
v -0.063161 0.522781 0.289500
v -0.063445 0.523339 0.289500
v -0.063888 0.523782 0.289500
v -0.064445 0.524066 0.289500
v -0.065063 0.524163 0.289500
v -0.065063 0.524163 0.291500
v -0.064445 0.524066 0.291500
v -0.063888 0.523782 0.291500
v -0.063445 0.523339 0.291500
v -0.063161 0.522781 0.291500
v -0.063063 0.522163 0.291500
v -0.063063 0.522163 0.291500
v -0.063161 0.522781 0.291500
v -0.063445 0.523339 0.291500
v -0.063888 0.523782 0.291500
v -0.064445 0.524066 0.291500
v -0.065063 0.524163 0.291500
v -0.370810 0.524163 0.291500
v -0.371428 0.524066 0.291500
v -0.371986 0.523782 0.291500
v -0.372428 0.523339 0.291500
v -0.372712 0.522781 0.291500
v -0.372810 0.522163 0.291500
v -0.372810 0.202845 0.291500
v -0.372712 0.202227 0.291500
v -0.372428 0.201670 0.291500
v -0.371986 0.201227 0.291500
v -0.371428 0.200943 0.291500
v -0.370810 0.200845 0.291500
v -0.065063 0.200845 0.291500
v -0.064445 0.200943 0.291500
v -0.063888 0.201227 0.291500
v -0.063445 0.201670 0.291500
v -0.063161 0.202227 0.291500
v -0.063063 0.202845 0.291500
v -0.063063 0.317426 0.291500
v -0.069368 0.325832 0.291500
v -0.074245 0.335139 0.291500
v -0.077568 0.345107 0.291500
v -0.079251 0.355478 0.291500
v -0.079251 0.365986 0.291500
v -0.077568 0.376357 0.291500
v -0.074245 0.386325 0.291500
v -0.069368 0.395632 0.291500
v -0.063063 0.404038 0.291500
vn -0.0000 -0.0000 -1.0000
vn -0.0000 0.0001 -1.0000
vn -0.0000 -0.0001 -1.0000
vn -1.0000 -0.0000 -0.0000
vn -0.9511 -0.3090 -0.0000
vn -0.8090 -0.5878 -0.0000
vn -0.5878 -0.8090 -0.0000
vn -0.3090 -0.9510 -0.0000
vn -0.3090 -0.9511 -0.0000
vn -0.0001 -1.0000 -0.0000
vn -0.0000 -1.0000 -0.0000
vn 0.3090 -0.9511 -0.0000
vn 0.3090 -0.9510 -0.0000
vn 0.5878 -0.8090 -0.0000
vn 0.8090 -0.5878 -0.0000
vn 0.9511 -0.3090 -0.0000
vn 1.0000 -0.0000 -0.0001
vn 1.0000 -0.0000 -0.0000
vn 0.7492 0.6623 -0.0000
vn 0.8456 0.5338 -0.0000
vn 0.9202 0.3915 -0.0000
vn 0.9710 0.2390 -0.0000
vn 0.9968 0.0804 -0.0000
vn 0.9968 -0.0804 -0.0000
vn 0.9710 -0.2390 -0.0000
vn 0.9202 -0.3915 -0.0000
vn 0.8456 -0.5338 -0.0000
vn 0.7492 -0.6624 -0.0000
vn -0.0001 1.0000 -0.0000
vn -0.0000 1.0000 -0.0000
vn -0.3090 0.9511 -0.0000
vn -0.5878 0.8090 -0.0000
vn -0.8090 0.5878 -0.0000
vn -0.9511 0.3090 -0.0000
vn 0.9511 0.3090 -0.0000
vn 0.8090 0.5878 -0.0000
vn 0.5877 0.8090 -0.0000
vn 0.5878 0.8090 -0.0000
vn 0.3090 0.9511 -0.0000
vn -0.0000 -0.0000 1.0000
vn -0.0000 0.0001 1.0000
vn -0.0000 -0.0001 1.0000
vt -15.584345 4.171704
vt -15.384345 16.184261
vt -15.584345 15.984262
vt -15.446149 16.174473
vt -15.501903 16.146065
vt -14.953874 3.331145
vt -14.466196 2.400444
vt 15.190361 16.184261
vt -14.133906 1.403640
vt -13.965588 0.366479
vt -13.965588 -0.684251
vt 15.390361 -15.947561
vt 15.390361 15.984262
vt 15.252164 16.174473
vt 15.307918 16.146065
vt 15.352164 16.101818
vt 15.380572 16.046066
vt 15.190361 -16.147562
vt -14.133906 -1.721412
vt -14.466196 -2.718216
vt -15.384345 -16.147562
vt -14.953874 -3.648917
vt -15.584345 -4.489476
vt -15.584345 -15.947561
vt -15.446149 -16.137774
vt -15.501903 -16.109365
vt -15.546148 -16.065119
vt -15.574556 -16.009365
vt 15.252164 -16.137774
vt 15.307918 -16.109365
vt 15.352164 -16.065119
vt 15.380572 -16.009365
vt -15.546148 16.101818
vt -15.574556 16.046066
vt -1.000000 0.000000
vt -0.800000 0.000000
vt -1.000000 0.062832
vt -0.800000 0.062832
vt -1.000000 0.125664
vt -0.800000 0.125664
vt -1.000000 0.188496
vt -0.800000 0.188496
vt -1.000000 0.251327
vt -0.800000 0.251327
vt -1.000000 0.314159
vt -0.800000 0.314159
vt 0.000000 0.800000
vt 30.574705 0.800000
vt 0.000000 1.000000
vt 30.574705 1.000000
vt 11.458085 0.800000
vt 11.458085 1.000000
vt 1.000000 9.466779
vt 0.800000 9.466779
vt 1.000000 8.414915
vt 0.800000 8.414915
vt 1.000000 7.363050
vt 0.800000 7.363050
vt 1.000000 6.311186
vt 0.800000 6.311186
vt 1.000000 5.259322
vt 0.800000 5.259322
vt 1.000000 4.207458
vt 0.800000 4.207458
vt 1.000000 3.155593
vt 0.800000 3.155593
vt 1.000000 2.103729
vt 0.800000 2.103729
vt 1.000000 1.051864
vt 0.800000 1.051864
vt 1.000000 0.000000
vt 0.800000 0.000000
vt 11.812558 0.800000
vt 11.812558 1.000000
vt 31.931824 0.800000
vt 31.931824 1.000000
vt -15.477564 -16.027716
vt -15.449157 -16.083469
vt -15.487353 -15.965912
vt -15.404910 -16.127714
vt -15.349156 -16.156122
vt -15.287353 -16.165911
vt -15.487353 -4.153354
vt -14.856882 -3.312794
vt -14.369204 -2.382093
vt 15.287353 -16.165911
vt -14.036914 -1.385290
vt -13.868595 -0.348129
vt 15.487353 -15.965912
vt 15.487353 15.965912
vt 15.349156 -16.156122
vt 15.404910 -16.127714
vt 15.449157 -16.083469
vt 15.477564 -16.027716
vt 15.477564 16.027716
vt 15.449157 16.083469
vt 15.404910 16.127714
vt 15.349156 16.156122
vt 15.287353 16.165911
vt -13.868595 0.702601
vt -15.287353 16.165911
vt -14.369204 2.736566
vt -14.036914 1.739763
vt -15.349156 16.156122
vt -15.487353 15.965912
vt -15.487353 4.507826
vt -14.856882 3.667267
vt -15.404910 16.127714
vt -15.449157 16.083469
vt -15.477564 16.027716
s 1
usemtl XID_Mirror_6C616A68A0274B9A95C3EA6BF31EFE52
f 9634/3723/780 9635/3724/781 9633/3725/780
f 9633/3725/780 9635/3724/781 9636/3726/780
f 9633/3725/780 9636/3726/780 9637/3727/782
f 9637/3727/782 9638/3728/780 9633/3725/780
f 9633/3725/780 9638/3728/780 9666/3729/780
f 9666/3729/780 9638/3728/780 9665/3730/780
f 9665/3730/780 9638/3728/780 9664/3731/780
f 9664/3731/780 9638/3728/780 9639/3732/780
f 9664/3731/780 9639/3732/780 9663/3733/780
f 9663/3733/780 9639/3732/780 9662/3734/780
f 9662/3734/780 9639/3732/780 9644/3735/780
f 9662/3734/780 9644/3735/780 9645/3736/780
f 9639/3732/780 9640/3737/781 9644/3735/780
f 9644/3735/780 9640/3737/781 9641/3738/782
f 9644/3735/780 9641/3738/782 9642/3739/781
f 9642/3739/781 9643/3740/780 9644/3735/780
f 9646/3741/780 9647/3742/782 9645/3736/780
f 9645/3736/780 9647/3742/782 9648/3743/781
f 9645/3736/780 9648/3743/781 9649/3744/782
f 9649/3744/782 9650/3745/780 9645/3736/780
f 9645/3736/780 9650/3745/780 9661/3746/780
f 9645/3736/780 9661/3746/780 9662/3734/780
f 9651/3747/780 9659/3748/780 9650/3745/780
f 9650/3745/780 9659/3748/780 9660/3749/780
f 9650/3745/780 9660/3749/780 9661/3746/780
f 9652/3750/781 9656/3751/780 9651/3747/780
f 9651/3747/780 9656/3751/780 9657/3752/780
f 9651/3747/780 9657/3752/780 9658/3753/780
f 9652/3750/781 9653/3754/780 9656/3751/780
f 9656/3751/780 9653/3754/780 9654/3755/782
f 9656/3751/780 9654/3755/782 9655/3756/780
f 9658/3753/780 9659/3748/780 9651/3747/780
usemtl XID_PowderCoatWhite_C5D3469A115F4360A5203AA407F78E2F
f 9512/3647/741 9540/3648/741 9511/3649/741
f 9511/3649/741 9540/3648/741 9541/3650/741
f 9511/3649/741 9541/3650/741 9542/3651/742
f 9512/3647/741 9513/3652/741 9540/3648/741
f 9540/3648/741 9513/3652/741 9514/3653/741
f 9540/3648/741 9514/3653/741 9539/3654/741
f 9539/3654/741 9514/3653/741 9515/3655/741
f 9539/3654/741 9515/3655/741 9516/3656/741
f 9517/3657/741 9533/3658/741 9516/3656/741
f 9516/3656/741 9533/3658/741 9534/3659/741
f 9516/3656/741 9534/3659/741 9539/3654/741
f 9539/3654/741 9534/3659/741 9538/3660/743
f 9538/3660/743 9534/3659/741 9537/3661/742
f 9537/3661/742 9534/3659/741 9536/3662/743
f 9536/3662/743 9534/3659/741 9535/3663/742
f 9533/3658/741 9517/3657/741 9528/3664/741
f 9528/3664/741 9517/3657/741 9518/3665/741
f 9528/3664/741 9518/3665/741 9519/3666/741
f 9528/3664/741 9519/3666/741 9527/3667/741
f 9527/3667/741 9519/3666/741 9520/3668/741
f 9527/3667/741 9520/3668/741 9521/3669/741
f 9521/3669/741 9522/3670/741 9527/3667/741
f 9527/3667/741 9522/3670/741 9526/3671/742
f 9526/3671/742 9522/3670/741 9525/3672/743
f 9525/3672/743 9522/3670/741 9524/3673/742
f 9524/3673/742 9522/3670/741 9523/3674/741
f 9528/3664/741 9529/3675/742 9533/3658/741
f 9533/3658/741 9529/3675/742 9530/3676/743
f 9533/3658/741 9530/3676/743 9531/3677/742
f 9531/3677/742 9532/3678/743 9533/3658/741
f 9542/3651/742 9543/3679/743 9511/3649/741
f 9511/3649/741 9543/3679/743 9544/3680/741
f 9556/3681/744 9545/3682/744 9555/3683/745
f 9555/3683/745 9545/3682/744 9546/3684/745
f 9555/3683/745 9546/3684/745 9554/3685/746
f 9554/3685/746 9546/3684/745 9547/3686/746
f 9554/3685/746 9547/3686/746 9553/3687/747
f 9553/3687/747 9547/3686/746 9548/3688/747
f 9553/3687/747 9548/3688/747 9552/3689/748
f 9552/3689/748 9548/3688/747 9549/3690/749
f 9552/3689/748 9549/3690/749 9551/3691/750
f 9551/3691/750 9549/3690/749 9550/3692/751
f 9557/3693/751 9558/3694/751 9560/3695/751
f 9560/3695/751 9558/3694/751 9559/3696/751
f 9572/3681/751 9561/3682/751 9571/3683/752
f 9571/3683/752 9561/3682/751 9562/3684/753
f 9571/3683/752 9562/3684/753 9570/3685/754
f 9570/3685/754 9562/3684/753 9563/3686/754
f 9570/3685/754 9563/3686/754 9569/3687/755
f 9569/3687/755 9563/3686/754 9564/3688/755
f 9569/3687/755 9564/3688/755 9568/3689/756
f 9568/3689/756 9564/3688/755 9565/3690/756
f 9568/3689/756 9565/3690/756 9567/3691/757
f 9567/3691/757 9565/3690/756 9566/3692/758
f 9573/3693/758 9574/3697/758 9576/3695/758
f 9576/3695/758 9574/3697/758 9575/3698/758
f 9596/3699/759 9577/3700/759 9595/3701/760
f 9595/3701/760 9577/3700/759 9578/3702/760
f 9595/3701/760 9578/3702/760 9594/3703/761
f 9594/3703/761 9578/3702/760 9579/3704/761
f 9594/3703/761 9579/3704/761 9593/3705/762
f 9593/3705/762 9579/3704/761 9580/3706/762
f 9593/3705/762 9580/3706/762 9592/3707/763
f 9592/3707/763 9580/3706/762 9581/3708/763
f 9592/3707/763 9581/3708/763 9591/3709/764
f 9591/3709/764 9581/3708/763 9582/3710/764
f 9591/3709/764 9582/3710/764 9590/3711/765
f 9590/3711/765 9582/3710/764 9583/3712/765
f 9590/3711/765 9583/3712/765 9589/3713/766
f 9589/3713/766 9583/3712/765 9584/3714/766
f 9589/3713/766 9584/3714/766 9588/3715/767
f 9588/3715/767 9584/3714/766 9585/3716/767
f 9588/3715/767 9585/3716/767 9587/3717/768
f 9587/3717/768 9585/3716/767 9586/3718/768
f 9597/3693/758 9598/3719/758 9600/3695/758
f 9600/3695/758 9598/3719/758 9599/3720/758
f 9601/3693/744 9602/3721/744 9604/3695/744
f 9604/3695/744 9602/3721/744 9603/3722/744
f 9616/3681/769 9605/3682/770 9615/3683/771
f 9615/3683/771 9605/3682/770 9606/3684/771
f 9615/3683/771 9606/3684/771 9614/3685/772
f 9614/3685/772 9606/3684/771 9607/3686/772
f 9614/3685/772 9607/3686/772 9613/3687/773
f 9613/3687/773 9607/3686/772 9608/3688/773
f 9613/3687/773 9608/3688/773 9612/3689/774
f 9612/3689/774 9608/3688/773 9609/3690/774
f 9612/3689/774 9609/3690/774 9611/3691/744
f 9611/3691/744 9609/3690/774 9610/3692/744
f 9617/3693/770 9618/3694/770 9620/3695/770
f 9620/3695/770 9618/3694/770 9619/3696/770
f 9632/3681/758 9621/3682/758 9631/3683/775
f 9631/3683/775 9621/3682/758 9622/3684/775
f 9631/3683/775 9622/3684/775 9630/3685/776
f 9630/3685/776 9622/3684/775 9623/3686/776
f 9630/3685/776 9623/3686/776 9629/3687/777
f 9629/3687/777 9623/3686/776 9624/3688/778
f 9629/3687/777 9624/3688/778 9628/3689/779
f 9628/3689/779 9624/3688/778 9625/3690/779
f 9628/3689/779 9625/3690/779 9627/3691/770
f 9627/3691/770 9625/3690/779 9626/3692/770
